window_id,split,date,stratum,audit_bucket,label_silver,reason,guideline_hint,last_speaker,last_is_question,last_is_thanks,addressed_to,last_line,chat_block,raw_ok,error,label_gold,label_source,judge_reason,agree_with_silver,reviewed_by,review_ok,notes,grok_draft,reviewed_at
ubuntu:test:2005-07-06:0:0:274,test,06-07-2005,other,silent_other,SILENT,"Last line is a response to a specific query, thread seems handled.",other,jeroen_,FALSE,FALSE,,"jeroen_: curut, no, what Synaptic suggests","ukato: or close to it
jsimmons: can i use aptitude to install a pack I downloaded?
monchichi: LinuxNewbie,  sudo addgroup networking;sudo chgrp networking /dev/eth0; sudo chmod 770 /dev/eth0
curut: jeroen_, oo ty the recommended section in the amsn web?
jsimmons: pack=package
jeroen_: jsimmons, maybe, but just use dpkg -i
jsimmons: k
IceDC571: ukato: it depends what your ripping speed is, usually its a bit slower than average cd drive speed
jeroen_: jsimmons, for example: ""sudo dpkg -i packageblabla.deb"" (without quotes, in a terminal)
monchichi: LinuxNewbie: im going to sleep now, good luck
ukato: icedc571, well, i'm ripping at like 3x, and i think that's kinda slow, considering the CD rom drive is 52x
jeroen_: curut, no, what Synaptic suggests",TRUE,,SILENT,grok_judge_draft,Helper jeroen_ already answering curut about Synaptic.,Y,nivas,Y,,SILENT,2026-08-28T17:31:53.103996+00:00
ubuntu:test:2005-07-06:0:0:924,test,06-07-2005,addressed_not_question,speak_addressed,SPEAK,sktrdie needs help with mplayer-powerpc command,addressed to human,sktrdie,FALSE,FALSE,enrico,sktrdie: enrico: nothing happens,"Will__: Originoo: You could use su. Maybe setup a shortcut to a root terminal?
jaga: no i never used sktrdie
enrico: sktrdie: maybe you mispelled the package name .. search the right name .. with ""sudo aptitude search mplayer""
jaga: i am trying it now
holycow: rasputnik, as well, 'just works' and 'just get something done' is highly subjective
rasputnik: Will__: I'd say they should either sell a black box or a hacker toy, instead of requiring Grannies to understand the danger of DLL conflicts
holycow: a programmers definition of a workflow that fits that will be entirely different from a graphic designers
holycow: as well as a system administrators
sktrdie: enrico: ok the one I isntalled is mplayer-powerpc
holycow: the problem is not 'just get it done', the problem is the user is taught that they can be a system administrator
sktrdie: but if I type ""mplayer-powerpc
sktrdie: enrico: nothing happens",TRUE,,SILENT,grok_judge_draft,Follow-up addressed to enrico who is already helping.,N,nivas,Y,,SILENT,2026-08-28T17:33:55.669425+00:00
ubuntu:test:2007-01-11:1:0:2324,test,11-01-2007,other,silent_open3,SILENT,Last line provides a solution; no further action needed.,open question in last 3,un_operateur,FALSE,FALSE,,"un_operateur: jordo23, errm,  perl -i.bak -pe 's/\bus\./uk./g' /etc/apt/sources.list","un_operateur: jordo23, it'll just continue on from where it stopped once you change mirrors
un_operateur: jordo23, yep, i prefer the uk ones
jordo23: un_operateur: how do I cancel?
un_operateur: jordo23, CTRL+C
sexy_ja: my
jordo23: un_operateur: how do I change mirrors?
patrick_: jowi: haha, been there done that. in alsamixer, i can only switch between front mic and microphone. in the gnome-volume-control i can select both
sexy_ja: oh my
sexy_ja: what's this
sexy_ja: ???
sexy_ja: oh i'm cool
un_operateur: jordo23, errm,  perl -i.bak -pe 's/\bus\./uk./g' /etc/apt/sources.list",TRUE,,SILENT,grok_judge_draft,Helper giving jordo23 the sources.list command.,Y,nivas,Y,,SILENT,2026-08-28T17:35:13.438396+00:00
ubuntu:test:2007-12-01:2:0:3461,test,01-12-2007,addressed_not_question,silent_addressed,SILENT,"last line is a statement, not a question",addressed to human,ztomic,FALSE,FALSE,PeteOnline,ztomic: PeteOnline: thats a predicament.,"cyzie: Galatea2, have u ask google?
danbhfive: Hanyou: well, hehe, I don't know,  I'm a total noob at this, but im using wireshark,     It just seemed like a next step for you
Galatea2: i'll do it now
ToddEDM: thor, yes, but i believe i gave her admin privleges
cyzie: Galatea2, u can type my name, so easier to see here
danbhfive: watch the packets from another computer
thor: ToddEDM: ok...clear the queue on the laptop as well...
ToddEDM: hold on
PeteOnline: ztomic: unfortunatley, the same port is going to be used on 2 different machines behind the router
thor: ToddEDM: then open cups in the browser on the laptop
Hanyou: danbhfive: I will try that, though I doubt it will help me much.
ztomic: PeteOnline: thats a predicament.",TRUE,,SILENT,grok_judge_draft,"Empathy to PeteOnline, not a help request.",Y,nivas,Y,,SILENT,2026-08-28T17:35:44.068571+00:00
ubuntu:test:2008-07-14:3:0:4730,test,14-07-2008,question,speak_open_q,SPEAK,Unanswered question about Pidgin Yahoo login issue,question + no clear addressee,danutzu,TRUE,FALSE,,danutzu: how do I make it work??,"m-c: Gnea Just found it, nevermind
Joeseph: Shujah_: that makes sense... so that's how it works... interesting.
jimmy51: ikonia,  is there a 8.04 guide for PXE under ubuntu?
danutzu: hy there
danutzu: please help me
danutzu: :|
Gnea: !ask | danutzu
ubottu: danutzu: Please don't ask to ask a question, ask the question (all on ONE line, so others can read and follow it easily). If anyone knows the answer they will most likely answer. :-)
ikonia: jimmy51: look in the official documentation projects, rather than third party ones. https://help.ubuntu.com and https://wiki.ubuntu.com
danutzu: my pidgin yahoo is not login me to yahoo is getting closed
jimmy51: ikonia:  https://help.ubuntu.com/community/PXEInstallServer  looks like i should try
danutzu: how do I make it work??",TRUE,,SPEAK,grok_judge_draft,Unanswered group ask: Pidgin Yahoo will not log in.,Y,nivas,Y,,SPEAK,2026-08-28T17:36:21.770821+00:00
ubuntu:test:2008-07-14:3:0:5023,test,14-07-2008,other,speak_open3,SPEAK,Unanswered request for wireless card configuration help,open question in last 3,sHOCkwAV1,FALSE,FALSE,,"sHOCkwAV1: Hello, I need help configuring my wireless card. It's not working with ubuntu.","iter: and how would I force-upgrade the kernel (or any single package) via apt-get or dpkg
lil-romeo: were does it stands:P
unop: andare, ubuntu
lil-romeo: know im a noob
Slart: andare: since you're asking here.. ubuntu? =)
DarkAudit: aha... ping: unknown host packages.medibuntu.org :(
kaolaBuntuPH: unop: ok, I've been using sudo fine on mine..but thanks for the Opinion
Ayabara: nickrud, ok :-)
andare: lol
db92: dolley, which is yer card? >>
dolley: my video card is this: vias3g-unichrome
sHOCkwAV1: Hello, I need help configuring my wireless card. It's not working with ubuntu.",TRUE,,SPEAK,grok_judge_draft,New unanswered wireless-card help request.,Y,nivas,Y,,SPEAK,2026-08-28T17:36:54.926743+00:00
ubuntu:test:2008-07-14:3:0:5766,test,14-07-2008,other,speak_open3,SPEAK,kafitz needs help uninstalling software installed from source,open question in last 3,kafitz,FALSE,FALSE,,kafitz: ive tried removing everything,"wols_: netcatc: what did you do?
Xucrute: wols_.  will do. THanks!!
edju: Well, that answers that!
sree: Shujah: No the previous step has no effect. in gconf automount is enabled but automount is not working. Ive tried that earlier. Any other way
wols_: !grub | netcatc
ubottu: netcatc: grub is the default Ubuntu boot manager. Lost grub after installing windows: https://help.ubuntu.com/community/RecoveringUbuntuAfterInstallingWindows - Making GRUB floppies & other GRUB howtos: https://help.ubuntu.com/community/GrubHowto
redduck676: kafitz: what kind of mess?
wols_: netcatc: use a live CD and check what's still there of the partition
kafitz: i installed it from source, ran into so difficulties and now need help uninstalling it
kafitz: so i can do it from apt-get
carib909: seveas, what should i repeat?
kafitz: ive tried removing everything",TRUE,,SILENT,grok_judge_draft,Stuck uninstalling source package; no steps given yet.,N,nivas,Y,,SPEAK,2026-08-28T17:37:35.591299+00:00
ubuntu:test:2010-08-17:4:0:6643,test,17-08-2010,other,silent_other,SILENT,"last line is greeting, not a question or need for help",other,CopyWriter,FALSE,FALSE,,CopyWriter: hello all,"bazhang: !appdb | ojii
ubottu: ojii: The Wine Application DB is a database of applications and help for !Windows programs that run under !WINE: http://appdb.winehq.org - Join #winehq for application help
yanick_: Seveas-train, I activated the thrid party repos and insalled it
ojii: bazhang, I'm aware of wine, but that's not what I call a solution
Seveas-train: yanick_, err, it's not in a 3rd party repo...
yanick_: Seveas-train, or do you mean did I download it from the ATI site ?
bazhang: Nikie, once that is done, then sudo dhclient wlan0 to test
Seveas-train: yanick_, no, from the 'restricted' repo
MACscr: Do you foresee issues with using debs in lucid, but werent created for karmic? Was going to use this ppa for the dcc-client, etc. http://ppa.launchpad.net/jonasped/ppa/ubuntu/pool/main/d/dcc/
yanick_: Seveas-train, then yes, sorry I meant restricted
bazhang: ojii, that or use virtualbox with windows, there is not a linux version of iTunes, nor will there ever be
CopyWriter: hello all",TRUE,,SILENT,grok_judge_draft,"Greeting only, no support ask.",Y,nivas,Y,,SILENT,2026-08-28T17:38:56.894801+00:00
ubuntu:test:2014-06-18:6:0:9598,test,18-06-2014,other,speak_other,SPEAK,tomengland asks about xmodmap function,other,tomengland,FALSE,FALSE,,tomengland: what does that do,"qknight_: i've got a standard ubuntu here and i wonder if i can move widgets from one 'workspace' to another using a hotkey...?
qknight_: http://help.ubuntu-it.org/12.04/desktop/shell-workspaces-movewindow.html <- oh found it!
qknight_: yay
mxvxrts: arog, Not knowing whether your full disc size was off the HD box or web and what ubuntu shows, sorry for any wrong help. ;)
Quintopia: would anyone here like to recommend a netbook/convertible which is easy and full-featured to run kubuntu on, and which is a quality device in its own right?
mxvxrts: Quintopia, A lot to choose from, check the minimal hardware needed and the price range you need, we don't really do that here. ;)
tomengland: how do i chane my keymap, I changed it in xkb in X11, but the changes did not happen
tomengland: does ubuntu house keypress and their corresponding code outside of /usr/share/X11/xkb/keycodes/evdev
Stanley00: tomengland: did you test xmodmap?
mohab: hello
tomengland: i haven't
tomengland: what does that do",TRUE,,SILENT,grok_judge_draft,Asking Stanley00 what xmodmap does; helper engaged.,N,nivas,Y,,SILENT,2026-08-28T17:39:26.053454+00:00
ubuntu:test:2015-03-18:7:0:10537,test,18-03-2015,other,speak_other,SPEAK,brx_ needs guidance on showing mouse clicks,other,brx_,FALSE,FALSE,,brx_: i want like a glow effect when i click the mouse,"Ben64: more details about the display?
brx_: how can i show mouse clicks?
derrzzaa: Dell U2715H
brx_: im making a video and want it to show my mouse clicks
Ben64: derrzzaa: pastebin the output of ""xrandr""
bazhang: !info kazam | brx_
ubottu: brx_: kazam (source: kazam): screencast and screenshot application created with design in mind. In component universe, is optional. Version 1.4.5-1 (utopic), package size 733 kB, installed size 2052 kB
Ben64: derrzzaa: and how is it connected
brx_: thanks Ben64
derrzzaa: hdmi
brx_: Ben64, it doesnt show mouse clicks
brx_: i want like a glow effect when i click the mouse",TRUE,,SILENT,grok_judge_draft,bazhang/ubottu already handling the screencast click ask.,N,nivas,Y,,SILENT,2026-08-28T17:40:00.619517+00:00
ubuntu:test:2015-03-18:7:0:11157,test,18-03-2015,question,speak_open_q,SPEAK,Unanswered question about 'ls' command issue,question + no clear addressee,sfdebug,TRUE,FALSE,,"sfdebug: now i'm having a problem when i run ""ls"", the system says ""No such file or directory"", but /bin/ls exists... any idea?","kostkon: hmm
horny-sama: don't distinguish a bot and a human ai wins
horny-sama: -1 for human
kostkon: fry_, it is, sorry
OerHeks: horny-sama, are you sure fedora installed swap?
jtdoncas: I liked him
horny-sama: OerHeks: I don't know
theRaschy: So im not sure really how I'd describe the problem I'm having, but basically i'm getting noise on my screen with the nVidia closed source drivers on 14.14
horny-sama: OerHeks: sudo cryptsetup -b 116199424 resize crypt-luks then sudo vgchange -an then Can't deactivate volume group ""fedora"" with 1 open logical volume(s)
horny-sama: :<
Ben64: theRaschy: take a picture or video, and there is no 14.14
sfdebug: now i'm having a problem when i run ""ls"", the system says ""No such file or directory"", but /bin/ls exists... any idea?",TRUE,,SPEAK,grok_judge_draft,Group-facing broken ls; nobody handling sfdebug.,Y,nivas,Y,,SPEAK,2026-08-28T17:40:35.147512+00:00
ubuntu:test:2016-02-22:8:0:12820,test,22-02-2016,question,speak_addressed,SPEAK,unanswered question about changing symlink,addressed to human,Ccdc_DuckZ,TRUE,FALSE,Pici,Ccdc_DuckZ: Pici: I see... and what's the best way to change the symlink? should I just go ahead and do that manually or is there some sort of eselect-like tool in ubuntu?,"Ccdc_DuckZ: hey all, is it safe to change /bin/sh to point to bash instead, on ubuntu 14.04? I see it's a symlink to dash atm
Pici: Ccdc_DuckZ: yes.
Ccdc_DuckZ: Pici: thanks
Pici: Ccdc_DuckZ: everything written for dash is compatible with bash, but not everything written for bash can be run in dash.
hi_im_alone: hi
AtomicStryker: Eric^^: BFSVC Error: could not open the BCD template store, status c000000f
hi_im_alone: lets go highter
hi_im_alone: dont you know
hi_im_alone: watch me
hi_im_alone: fire
hi_im_alone: dont you know
Ccdc_DuckZ: Pici: I see... and what's the best way to change the symlink? should I just go ahead and do that manually or is there some sort of eselect-like tool in ubuntu?",TRUE,,SILENT,grok_judge_draft,Follow-up to Pici who already owns the sh-symlink thread.,N,nivas,Y,,SILENT,2026-08-28T17:41:03.263942+00:00
ubuntu:test:2016-02-22:8:0:12938,test,22-02-2016,other,speak_open3,SPEAK,Clarify using sudo for non-admin tasks,open question in last 3,PHroGman,FALSE,FALSE,,PHroGman: i wanted access to add to backgrounds folder and edit trustywallpapers xml,"pa: wtf?
PHroGman: Unable to create a required folder. Please create the following folder, or set permissions such that it can be created:
PHroGman: /root/.config/nautilus
PHroGman: this is what i get
pa: jakarta dialekt?
irawansyah: test
xangua: PHroGman: stop running Nautilus with sudo as you were told
PHroGman: I did...that error was from gksudo
irawansyah: linux mint dah diserang virus, ubuntu harus pake antivirus ga
xangua: PHroGman: gksu is deprecated also, what is your real goal?
pa: english only channel
PHroGman: i wanted access to add to backgrounds folder and edit trustywallpapers xml",TRUE,,SILENT,grok_judge_draft,Answering xangua's goal question; thread owned.,N,nivas,Y,,SILENT,2026-08-28T17:41:32.980581+00:00
ubuntu:train:2004-12-25:0:0:603,train,25-12-2004,other,silent_other,SILENT,"Last line indicates a development context, not a user issue.",other,seb128,FALSE,FALSE,,seb128: that's been rewritten; that's a devel branch,"ironwolf: oscarh: where are you typing it?
oscarh: nautilius
seb128: because the support for the vfolder has been dropped
oscarh: fileborvser
seb128: it was not working fine
seb128: the new system is better
oscarh: seb, so how do i edit the menu?
* ironwolf agrees with seb128
oscarh: sorry, new to gnome
seb128: you don't
oscarh: seb, wonderfull
seb128: that's been rewritten; that's a devel branch",TRUE,,SILENT,grok_judge_draft,Helper seb128 already explaining menu rewrite to oscarh.,Y,nivas,Y,,SILENT,2026-08-28T17:41:55.168412+00:00
ubuntu:train:2004-12-25:0:0:64,train,25-12-2004,other,speak_open3,SPEAK,"User asked how to strace to a file, needs technical hint.",open question in last 3,Tsjoklate,FALSE,FALSE,,Tsjoklate: strace xmms,"Tsjoklate: ja Tsjoklat: warty Tsjoklate: hoary
jiyuu0: u go gal
Tsjoklate: testing hoary box out jiyuu0 and fishing for a proposal so it seems
jiyuu0: cool
kleedrac: So no one has any advise about xmms not playing wma's or mplayer's freakish instability? :)
* sid77 hi
Tsjoklate: kleedrac there is a thread on the wiki about that
crimsun: kleedrac: I'd really need strace output to debug mplayer
Tsjoklate: I don't have the link handy but do a bit of search
crimsun: the wiki sure is handy :)
kleedrac: Dang how do I strace to a file?
Tsjoklate: strace xmms",TRUE,,SILENT,grok_judge_draft,Helper telling kleedrac how to strace.,N,nivas,Y,,SILENT,2026-08-28T17:42:17.415681+00:00
ubuntu:train:2005-02-06:1:0:2408,train,06-02-2005,question,speak_open_q,SPEAK,Orbo's question about error message needs technical hint,question + no clear addressee,Orbo,TRUE,FALSE,,Orbo: what does this mean?,"mpool: Darcy: you use the metacity reduced-resources mode by typing those two commands into a shell
Orbo: little help?
Orbo: Xlib:  extension ""XFree86-DRI"" missing on display "":0.0"".
Darcy: ok
geneo93: seperate from what
Darcy: what do i save it into
bitfoo: yo how do i see which video card driver i am using
mpool: save what into?
bitfoo: like whether its the fglxr running or mesa or whatev
mpool: bitfoo: /var/log/X.0.log
Darcy: the commands
Orbo: what does this mean?",TRUE,,SPEAK,grok_judge_draft,Orbo DRI error unanswered; others on different threads.,Y,nivas,Y,,SPEAK,2026-08-28T17:43:08.163743+00:00
ubuntu:train:2005-02-06:1:0:2643,train,06-02-2005,other,silent_open3,SILENT,Last line seems to understand the situation.,open question in last 3,randabis-laptop,FALSE,FALSE,,randabis-laptop: okay :) that's why the wiki hasn't changed then,"randabis-laptop: so grumpy has indeed been changed to Bendy? (hoary+1)
farruinn: swj: it will be awesome
eyequeue: geneo93, swj: http://rute.sourceforge.net/
randabis-laptop: farruinn that's the fun part
randabis-laptop: as beta testers we get to find the broken stuff and help the developers fix it
randabis-laptop: or fix it ourselves
gamecat: invalid project eyeque.
farruinn: if I had a second box I would install hoary on it
jdub: randabis-laptop: hasn't been announced yet, but it is almost certain
eyequeue: gamecat:  damn. it moved? :(
geneo93: dont make me load pages i'm on 28800 connection here
randabis-laptop: okay :) that's why the wiki hasn't changed then",TRUE,,SILENT,grok_judge_draft,"Acknowledgement, not a stuck support ask.",Y,nivas,Y,,SILENT,2026-08-28T17:43:38.494587+00:00
ubuntu:train:2005-02-27:3:0:5651,train,27-02-2005,other,silent_other,SILENT,Last line addresses the concern; no further action needed.,other,ficusplanet,FALSE,FALSE,,"ficusplanet: Eh, the preview release release is march 9th.  If you're apprehensive, just wait till then.","stuNNed: is gamin fubared when it comes to NFS?
snowblink: qlo-xael: thought you may be refering to the latest security updated kernel
OC_Linux: so I tried Gnoppix live and that worked great, found out it was based on Ubuntu, so that was my next stop
OC_Linux: and it installed like melted butter on toast
OC_Linux: synaptic is incredible...
ficusplanet: OC_Linux: Yeah, it is much improved in hoary, too.
* OC_Linux rambles on preaching to the choir ;)
OC_Linux: I'm still apprehensive about upgrading to hoary...
zenrox: not me
crimsun_: if you dist-upgrade to hoary _right now_, it's safe
zenrox: yep
ficusplanet: Eh, the preview release release is march 9th.  If you're apprehensive, just wait till then.",TRUE,,SILENT,grok_judge_draft,Helper advising OC_Linux to wait for preview.,Y,nivas,Y,,SILENT,2026-08-28T17:44:01.317911+00:00
ubuntu:train:2005-05-14:4:0:6112,train,14-05-2005,question,speak_open_q,SPEAK,last line asks about window manager loading times,question + no clear addressee,thomo,TRUE,FALSE,,thomo: for some reason fluxbox takes much longer to load than gnome. I know that ubuntu is optimised to start gnome fast (very impressive) but does this affect the speed of other window managers?,"IIIEars: ""; ll"" ?
ivoks: jacquesmerde do u know anything about networking?
jacquesmerde: ivoks, obviously not
karsten: IIIEars: 'ls -l' Sorry, an alias.
ivoks: jacquesmerde then how could i explain enything to u? :)
IIIEars: :)
karsten: IIIEars: ...and you should use a prefix, so:  cd /tmp; mkdir foo; cd foo; dd if=/dev/zero of=bigfile bs=$((1024*1024)) count=20; split -b 1m bigfile bigfile.; ls -lh
ivoks: jacquesmerde cat /etc/resolv.conf
jacquesmerde: ivoks, oh, i wasn't asking you to. i thought it was well understood that i was a lost cause
karsten: IIIEars: ...which I've actually run, so it works as badvertised.
jacquesmerde: ivoks, i have a nameserver, 210.15.254.240
thomo: for some reason fluxbox takes much longer to load than gnome. I know that ubuntu is optimised to start gnome fast (very impressive) but does this affect the speed of other window managers?",TRUE,,SPEAK,grok_judge_draft,Unanswered group question about Fluxbox vs GNOME startup.,Y,nivas,Y,,SPEAK,2026-08-28T17:44:23.504380+00:00
ubuntu:train:2005-06-06:6:0:9929,train,06-06-2005,other,silent_open3,SILENT,last line is chit-chat,open question in last 3,ApeR,FALSE,FALSE,,ApeR: hi,"AevaD: did anyone use partition magic to create a new partition in a harddrive to install ubunto?
Shuddertrix: Crono5788: You can also right-click on a installed package, and click on the ""Installed files"" tab, to see what it installed.
cens0red: hi
nern: so debian sarge is supposed to go stable VERY soon
Kartagis: what gstreamer plugin do I need to watch AVI files on totem media player
nern: you need to get totem-xine and the w32codecs
Kartagis: gee, thanks :)
Echelon-H: yahalom, hi!
yahalom: Echelon-H, hi
Crono5788: Ty Shuddertrix
Echelon-H: yahalom, sup? wanna help me a bit with openoffice?
ApeR: hi",TRUE,,SILENT,grok_judge_draft,"Bare hi, no help request.",Y,nivas,Y,,SILENT,2026-08-28T17:45:02.229662+00:00
ubuntu:train:2005-06-12:7:0:10972,train,12-06-2005,question,speak_open_q,SPEAK,Uninstalling Ubuntu to revert to Windows is possible but cautious steps needed.,question + no clear addressee,Dvondrake,TRUE,FALSE,,"Dvondrake: (i'm not saying i will, but..) is it easy to uninstall ubuntu and go back to windows?","sinope[crashed] : i can use a different WM right?
celcik: benplaut: if i try to get rid of the other wireless card would that help ?
ggeecko: is dashboard similar to beagle??
Dvondrake: ok, thanks
sinope[crashed] : anything that's in the Debian apt system?
kbrooks: sinope[crashed] : everything
GammaRay: _Church_of_Foamy: oh.. you might want to use the -x option to cp unless you want to backup mounted floppies and cds also.
sinope[crashed] : great!! :)
kbrooks: sinope[crashed] : tuxracer, you name it
LinuxJones: CiRkiT, yeah :)
sinope[crashed] : kbrooks, i was thinking more like TeX and ion3
Dvondrake: (i'm not saying i will, but..) is it easy to uninstall ubuntu and go back to windows?",TRUE,,SPEAK,grok_judge_draft,Unanswered group ask: uninstall Ubuntu back to Windows.,Y,nivas,Y,,SPEAK,2026-08-28T17:45:37.067334+00:00
ubuntu:train:2005-06-12:7:0:9961,train,12-06-2005,addressed_not_question,speak_addressed,SPEAK,Unanswered question on accessing DVD at /dev/hdc,addressed to human,pusling,FALSE,FALSE,limer,pusling: limer: dvd do not get mountet. Pint your mediaplayer to /dev/hdc,"toxicfume: crimsun: wherecan i get that from?
thoreauputic: Chislon: may I /msg you briefly?
crimsun: toxicfume: apt-get install build-essential linux-headers-$(uname -r) module-assistant
kent: pedlar, there is no package with the name gstreamer0.8-lame.  I cant find it either.
delire: pedlar: if there is a pacakge available you can simply install it.
kent: pedlar, and im using i386
delire: kent pedlar ouch. ok. perhaps you can try to compile it..
limer: how can I watch my dvd at /dev/hdc (aka) /media/cdrom0  ?
pedlar: delire, where would i get the source from?
delire: kent in debian testing there is a gstreamer0.8-lame
nalioth_wrkn: kent: do you have universe and multiverse in your sources.list?
pusling: limer: dvd do not get mountet. Pint your mediaplayer to /dev/hdc",TRUE,,SILENT,grok_judge_draft,Helper answering limer's DVD-watch question.,N,nivas,Y,,SILENT,2026-08-28T17:46:03.253261+00:00
ubuntu:train:2005-06-16:8:0:11649,train,16-06-2005,question,silent_open_q,SILENT,last line is chit-chat,question + no clear addressee,sinnlos,TRUE,FALSE,,sinnlos: german ?,"Seveas: well, put that kernel outside the automagic kernel list then :)
xxenon: yeah ..
Seveas: xxenon, you can also replace /sbin/update grub with a simple shell script that does nothing :)
Seveas:  /sbin/update-grub
sinnlos: hi
xxenon: Seveas - :)
xxenon: why not.
sinnlos: know anywhere goot servers where i can apt-get using to become mplayer ?
Seveas: sinnlos, deb http://archive.ubuntu.com/ubuntu hoary multiverse
sinnlos: so easy ?
Seveas: sinnlos, ja
sinnlos: german ?",TRUE,,SILENT,grok_judge_draft,Asking if helper is German; not a support need.,Y,nivas,Y,,SILENT,2026-08-28T17:46:35.007878+00:00
ubuntu:train:2005-06-16:8:0:12108,train,16-06-2005,question,silent_addressed,SILENT,already addressed to jason,addressed to human,bob2,TRUE,FALSE,jason,bob2: jason: what does 'file hello.ko' print?,"bob2: or for another architecture
bob2: jason: what does 'file hello.ko' print?
BockBilbo: i have just tried the hoary live cd in a new pc i just bought
BockBilbo: and the resolution of the screen is really poor
Seveas: jason, are you sure that linux-xxxx points to the sources of your currently running kernel?
jason: which one was built for the 2.4 kernel? the module im installing?
BockBilbo: and the config of the frecuency rate is wrong
jason: or the make package?
bob2: BockBilbo: nvidia or i810 chipset?
BockBilbo: bob2, no idea
BockBilbo: :S
bob2: jason: what does 'file hello.ko' print?",TRUE,,SILENT,grok_judge_draft,Helper bob2 asking jason a diagnostic; do not pile on.,Y,nivas,Y,,SILENT,2026-08-28T17:47:02.100894+00:00
ubuntu:train:2005-06-16:8:0:12694,train,16-06-2005,question,silent_open_q,SILENT,"last line is a question about system compatibility, not directly unanswered within the window",question + no clear addressee,lleberg,TRUE,FALSE,,lleberg: would ubuntu work better? ;=,"chocoIate: bob2 : any help for me, a link to an online download of the libqt-dev package :P
JovenComunista: i have 4 partitions... 2 fat32,  swap  and the linux partition
bob2: jason: edit the file like I said
lleberg: I'm at some relatives, and am using their computer..
bob2: chocoIate: packages.ubuntu.com/libqt3-mt-dev
lleberg: i'm*
bob2: chocoIate: but it probably depends on lots of stuff
wm_eddie: JovenComunista, parted can do it.
JovenComunista: parted?
chocoIate: i hope not bob2
lleberg: it's a pentium II cpu with win 98 from IBM
lleberg: would ubuntu work better? ;=",TRUE,,SPEAK,grok_judge_draft,Unanswered: would Ubuntu work on PII Win98 box.,N,nivas,Y,,SPEAK,2026-08-28T17:47:35.050980+00:00
ubuntu:train:2005-06-20:9:0:13831,train,20-06-2005,addressed_not_question,silent_addressed,SILENT,last line is chit-chat,addressed to human,Linforcer,FALSE,FALSE,Seveas,Linforcer: Seveas: it must've felt good :P,"Seveas: but it's nice to lead it though
dos000: anyone know why i am getting unmet dependencies for mozilla-firefox-locale-en-gb when i do dist-upgrade ? i just installed a clean hoary on this system yesterday.
delire: Seveas: Mepis is certainly up there in the hype of late. a fine distro also.
Seveas: haller, you should look at xdmcp or freenx
Seveas: dos000, can you paste the error on pastebin.kaarsemaker.net please
zhukov: this is a pointless discussion
Seveas: dos000, paste your sources.list too
zhukov: and sincerly i'va had enough of this type of discussion
zhukov: c u later
Seveas: hmm, the discussion ended already :)
Linforcer: xD=
Linforcer: Seveas: it must've felt good :P",TRUE,,SILENT,grok_judge_draft,"Joke to Seveas, not a support request.",Y,nivas,Y,,SILENT,2026-08-28T17:48:05.494412+00:00
ubuntu:train:2005-07-29:11:0:16606,train,29-07-2005,other,silent_other,SILENT,In-window help already provided,other,Seveas,FALSE,FALSE,,Seveas: (search download.com for one),"v1ru5: nah
Seveas: like not verifying the cd...
bob2: v1ru5: then go do that before whinging
bob2: usually that's the problem
v1ru5: yeah well, i tried to verify it, but ubuntu doesn't detect the cd's @ cdrom
v1ru5: :/
Seveas: you can verify it under windows...
v1ru5: can i do it from windoz?
v1ru5: how?
Seveas: verify the iso before burnign it and the cd after burning it
Seveas: v1ru5, download the MD5SUMS from releases.ubuntu.com/hoary/ and use an md5sum checker
Seveas: (search download.com for one)",TRUE,,SILENT,grok_judge_draft,Helper Seveas already giving CD MD5 verify steps.,Y,nivas,Y,,SILENT,2026-08-28T17:48:31.116967+00:00
ubuntu:train:2005-09-26:12:0:17826,train,26-09-2005,question,silent_open_q,SILENT,Last line is a follow-up question already engaged by adjacent.,question + no clear addressee,pythonscript,TRUE,FALSE,,pythonscript: so adjacent where is things to read ? I'm absolutely newbie don't know much,"cheesie: !java
ubotu: To install Java please see https://wiki.ubuntu.com/Java or, for Sun's Java, ask me about !sunjava
markus: !sun
ubotu: markus: What?
rikva: I already have Java, I was just wondering why Eclipse isn't in the repositories :) I'll just download and try to compile it now
ggeller: http://tinyurl.com/7s856
ggeller: Can somebody explain why Ubuntu would freeze up on one out of four of my machines when Debian works just fine, thank you?
adjacent: pythonscript: would ou install shit under the hood of your car without reading up on how a car starts? no. now RTFM
AngryParsley: wtf is that sound that is made sometimes? it's like a siren sound or something
AngryParsley: I thought I disabled sounds
pythonscript: ofcourse not :) haha ok that is whats wrong
pythonscript: so adjacent where is things to read ? I'm absolutely newbie don't know much",TRUE,,SILENT,grok_judge_draft,Follow-up to adjacent who is already in the thread.,Y,nivas,Y,,SILENT,2026-08-28T17:49:01.590422+00:00
ubuntu:train:2005-09-26:12:0:18605,train,26-09-2005,addressed_not_question,speak_addressed,SPEAK,Unanswered question about latest colony release,addressed to human,ubotu,FALSE,FALSE,lsuactiafner,ubotu: lsuactiafner: Wish i knew,"nalioth: cesarin: isntall gpm
cesarin: command please?
* oO[NOVA] Oo [n=NovaFlas@sev.demon.nl]  has joined #ubuntu
tom___: esac_ Alright! X is back! Thanks.
El_Che: sudo apt-get install gpm
tom___: nalioth: Thanks for the tip.
cesarin: ty
cesarin: *writes in rl*
boxerboy: lol true but alot of linux distros are pretty much intalling themselves   :)
lsuactiafner: whats latest colony release?
lsuactiafner: !colony
ubotu: lsuactiafner: Wish i knew",TRUE,,SILENT,grok_judge_draft,ubotu already replied; do not pile on the bot.,N,nivas,Y,,SILENT,2026-08-28T17:49:48.611963+00:00
ubuntu:train:2005-10-07:13:0:18770,train,07-10-2005,question,speak_open_q,SPEAK,newbie needs help with boot issue,question + no clear addressee,Bacala,TRUE,FALSE,,"Bacala: I'm a newbie, could someone help me with an install? I have a live/install dvd that won't boot properly. It tries to load but my machine keeps rebooting. any ideas?","kurtbec: nomasteryoda: I mispoke.  I'm using ubuntu.  Just being doing a lot of reading in the debian documentation lately so i have debian in my head.
bob2: cav: in ubuntu, a repository is a large set of .debs with some index files that apt can use
nomasteryoda: k
Plebeuz: cav is a server who have collections of packages for ur sistem(i meaning repository of servers for apt-get programs like)
cav: So the package manager uses the repositories to get all the software?
bob2: yes
Plebeuz: yes
kurtbec: anyone know where this a newer version of gaim for hoary?
cav: hmm
Plebeuz: gaim suc amsn rulez
kurtbec: not if you need meanwhile support.
Bacala: I'm a newbie, could someone help me with an install? I have a live/install dvd that won't boot properly. It tries to load but my machine keeps rebooting. any ideas?",TRUE,,SPEAK,grok_judge_draft,Unanswered live DVD reboot-loop install ask.,Y,nivas,Y,,SPEAK,2026-08-28T17:51:04.501943+00:00
ubuntu:train:2005-10-12:14:0:20473,train,12-10-2005,addressed_not_question,silent_addressed,SILENT,last line is addressed to specific nick DocTomoe,addressed to human,squid0,FALSE,FALSE,DocTomoe,squid0: DocTomoe: but i think it may install in that directory,"telonir: dont think i had that much installed
r0xoR: telonir, well there are 966 packages in updates atm
telonir: i need to slim down ubuntu
cantrel29: er4z0r: https://wiki.ubuntu.com/AptGetHowto?action=show&redirect=AptGetHowTo
r0xoR: of course they don't all get installed
kbrooks: telemaco: updates/additions
telonir: fix the installer
Licker: Im having some probs. My ubuntu sees my 2 network cards but it says it cant configure the network. Any ideas?
telonir: it should ask you what you want
squid0: DocTomoe: go to the directory where it is situated, then type ./path/to/the/jdk.bin
telonir: what i usually do is install base from cd and the rest from theweb- no updates needed
squid0: DocTomoe: but i think it may install in that directory",TRUE,,SILENT,grok_judge_draft,Helper instructing DocTomoe on jdk.bin path.,Y,nivas,Y,,SILENT,2026-08-28T17:51:43.460539+00:00
ubuntu:train:2005-10-12:14:0:20741,train,12-10-2005,question,silent_open_q,SILENT,"last line is a new question, not directly needing a hint",question + no clear addressee,jblack,TRUE,FALSE,,jblack: Does the livecd come with sata support?,"h08817: I need to write a 5 page paper on it
jwd: google.com
adoyretsamon: kemik, some viruses on windows and some recovery tools will shorten names to 8char
adoyretsamon: like that
jwd: or goto the library and grab a book
adoyretsamon: i'll bet dates are fubar'd too
nalioth: h08817: www.w3w.org
h08817: jwd: of course but i was wondering if you knew specific sites
Licker: pl_ice: how do i know what IP addy to use?
jwd: the above is perfect
h08817: nalioth: well they pretty much just teach you but don't have a lot of info do they
jblack: Does the livecd come with sata support?",TRUE,,SPEAK,grok_judge_draft,Unanswered group question: livecd SATA support.,N,nivas,Y,,SPEAK,2026-08-28T17:52:26.528053+00:00
ubuntu:train:2005-12-03:15:0:22548,train,03-12-2005,addressed_not_question,speak_addressed,SPEAK,Lokadin needs clarification on firewall vs netstat output,addressed to human,Lokadin,FALSE,FALSE,cafuego,"Lokadin: cafuego: yes it is, because netstat says it is, and gtk-gnutella says that it's being blocked by a firewall","Agamotto: _texas:  cd /(name of dir)
Madpilot: !tell _texas about cli
Lokadin: cafuego: yea it's just gtk-gnutella and sshd that are listening on my ip but i mean that should be enough
Dr_Willis: _texas,  what are you trying to do/install anyway?
_texas: thanks guys, sorry im a noob
cafuego: Lokadin: ... coz byd efault Linux doesn't filter or firewall *anything*
_texas: Nvidia driver doc
Dr_Willis: _texas,  you HAVE read the ubuntu binary driver wiki? its like a 3 line cut/paste job.
Lokadin: cafuego: well why can't i see gtk-gnutella ?:(
Mabus06: How do you make a shortcut to a folder?
cafuego: Lokadin: if you don't see it, it's not listening for connections.
Lokadin: cafuego: yes it is, because netstat says it is, and gtk-gnutella says that it's being blocked by a firewall",TRUE,,SILENT,grok_judge_draft,Follow-up to cafuego who owns the firewall thread.,N,nivas,Y,,SILENT,2026-08-28T17:52:52.610989+00:00
ubuntu:train:2005-12-04:16:0:24107,train,04-12-2005,other,speak_open3,SPEAK,sean_ needs help with su command not accepting input,open question in last 3,sean_,FALSE,FALSE,,"sean_: I did, and it didn't accept","topyli: csb: dump the output to a text file and save it. then, on a new install, you can say dpkg --get-selections < file.text
sean_: Hi, linux newb here, so please don't laugh, but I need help logging in as admin
jareth_: maddash: when logged in type: openbox --replace
pder: soundray: ubuntu is to blame for not including a utility that can do it
jeremywhiting: hi all, anyone here know were I can set ubuntu to know that my hardware clock is set to localtime, not GMT?
jareth_: maddash: this will change defailt wm in gnome
bluefox83: sean_, open a terminal window up, type in ""su"" and hit enter, it'll prompt you for a password..enter your root password
Coburn: bluefox83 ok how can i tell to icewm to lunch rox desktop at start
soundray: pder, do you know of a utility that can?
pder: soundray: no
Agrajag: bluefox83: what?
sean_: I did, and it didn't accept",TRUE,,SILENT,grok_judge_draft,"Stuck admin login; su password rejected, still open.",N,nivas,Y,,SPEAK,2026-08-28T17:53:17.577717+00:00
ubuntu:train:2005-12-16:17:0:24869,train,16-12-2005,other,silent_open3,SILENT,"Last line is a request to ubotu, not an open question.",open question in last 3,_jason,FALSE,FALSE,,"_jason: ubotu, tell j1b about easysource","frogzoo: shogun_: dpkg -i *.deb
drshasta19: so you know what it is?
zen: crouton, Yeah, that's my thought too.
ClayG: you couldn't apt-get because the ""updater"" was apt-getting at the time, i guess it got hung
crouton: zen: something not linking correctly?
ClayG: keep this in mind, i've been using linux for 2 weeks and I'm a newb
peter_: im getting used to it .it took me ages working out how to burn iso files to disk like 4 hrs lol
j1b: can anyone send me a link to a good sources.list for breezy badger, i just got one for hairy beaver and it doen'st work
ClayG: but I would be dollars to donuts this is the cause
ClayG: http://hostdestroyer.com/paste/view.php?id=28
ClayG: lol
_jason: ubotu, tell j1b about easysource",TRUE,,SILENT,grok_judge_draft,Helper already triggering ubotu for j1b sources.list.,Y,nivas,Y,,SILENT,2026-08-28T17:53:46.798745+00:00
ubuntu:train:2005-12-23:18:0:26352,train,23-12-2005,question,speak_open_q,SPEAK,"last line asks about DirectX support, no one addressing it",question + no clear addressee,eVILPeeR,TRUE,FALSE,,"eVILPeeR: One question, when running say.. 3D games, is there Direct-X support for Linux? Or, is there some other app?","rraajj: greenpenguin13: Animated smileys? Isn't that present since, uhh, the version before?
CaptainMorgan: hm... k ill look into that..
eVILPeeR: So far I've had no trouble doing anything really. Adding applications seems really easy.. the terminal isn't so bad, it's like DOS..
greenpenguin13: as in support for custom ones
Seveas: !ntfs
shadox: yet, when i try to install the .deb file it still sais ""E: can't find package""
greenpenguin13: !fish
Seveas: !mp3
Seveas: what's up with all the bots :s
Seveas: @load infobot
Ubugtu: Error: Infobot is deprecated.  Use --deprecated to force it to load.
eVILPeeR: One question, when running say.. 3D games, is there Direct-X support for Linux? Or, is there some other app?",TRUE,,SPEAK,grok_judge_draft,Unanswered group ask about DirectX/3D games on Linux.,Y,nivas,Y,,SPEAK,2026-08-28T17:54:25.608721+00:00
ubuntu:train:2005-12-23:18:0:27300,train,23-12-2005,question,speak_open_q,SPEAK,Unanswered question about command for processes by CPU usage,question + no clear addressee,rosen,TRUE,FALSE,,rosen: What is the command for showing all processes listed after cpu-usage ? .. I remember getting it but...,"tiglionabbit: bigfoot1: I think sometimes they have URLs, but I don't recall
bigfoot1: tiglionabbit: i think it's supposed to be a roadmap
mike-e: is there any other windows manager out there, besides gnome/kde/xfce/fluxbox?
bigfoot1: tiglionabbit: let me try it.
tiglionabbit: mike-e: of course, there are millions
topyli: shadox: look like it's xmms-mad
shadox: topyli right, but altaught it doesn't seem to work
tiglionabbit: mike-e: matchbox, icewm, evil, blackbox, uh...   but those are probably the best you listed there
tiglionabbit: mike-e: oh and can't forget enlightenment
Kibou: andrei: try http://learn.clemsonlinux.org/wiki/Ubuntu:Compiling_Linux_DCpp
mike-e: ugh enlightenment
rosen: What is the command for showing all processes listed after cpu-usage ? .. I remember getting it but...",TRUE,,SPEAK,grok_judge_draft,Unanswered: command to list processes by CPU.,Y,nivas,Y,,SPEAK,2026-08-28T17:55:07.007803+00:00
ubuntu:train:2005-12-23:18:0:27669,train,23-12-2005,question,silent_open_q,SILENT,last line is offtopic,question + no clear addressee,lordjohnny,TRUE,FALSE,,lordjohnny: Somebody Spanish?,"tiglionabbit: james: what are you gonna do now?  (what is it anyway?)
james: what you mean what is it
james: i just extracted the wireless tools
rraajj: tiglionabbit: I think he's trying to compile something.
tiglionabbit: ah
james: i am trying to get my wirelss card to work
james: i am gona have to use NDISWRAPPER
james: caues it is a network everywhere NWP11B
tiglionabbit: don't forget to read the text files and scripts that are in all capital letters, like README or INSTALL
james: ok i am in the directory now what do i do
Ed-Gein: you should read the readme but you probably start with ./configure
lordjohnny: Somebody Spanish?",TRUE,,SPEAK,grok_judge_draft,"Looking for a Spanish speaker, not Ubuntu support.",N,nivas,Y,,SILENT,2026-08-28T17:55:29.139334+00:00
ubuntu:train:2006-01-12:20:0:30186,train,12-01-2006,other,silent_thanks,SILENT,last line is thanks,thanks,borisattva,FALSE,TRUE,,borisattva: thanks,"nickrud: woodgrain, env | sort is your friend
lucasvo: woodgrain: or printenv I don't know
mikelinux: iKernel Seveas: I heard that microsoft made some changes to the ntfs file system that makes it so that your ntfs security becomes courrputed if you write to ntfs under linux...............true , true
Kovecses: borisattva, its still there i just think the path is wrong
woodgrain: Seveas,  can't I open it with emacs somewhere and see what's in it?
mikelinux: sd
Seveas: woodgrain, no
jared: how can I download the track information for my cd before I rip it?
Seveas: woodgrain, echo $PATH
Seveas: then you see what's in it :)
woodgrain: nickrud, what' env pipe sort?
borisattva: thanks",TRUE,,SILENT,grok_judge_draft,Thanks; thread is closed.,Y,nivas,Y,,SILENT,2026-08-28T17:55:57.081954+00:00
ubuntu:train:2006-02-24:22:0:33011,train,24-02-2006,question,silent_open_q,SILENT,"last line introduces new topic, not a direct question",question + no clear addressee,rabeldable,TRUE,FALSE,,rabeldable: has anyone ever used mute for file sharing?,"rabeldable: anyone know how to compile kommute on ubuntu?
intelikey: 'night.
wastrel: how do i set something to run on boot?
fangorious: brosioz: you may want to scan to see if anything was obviously truncated I just chose 256 randomly as it seems like it should be big enough
djs_2_6: Hey all, what was the default font in Firefox 1.0.7?
graveson: djs - i think it is breezy version 5.10
Prohibited: Okay, I need to have a program start up on boot up. How do I manage to do that?
graveson: wastrel: do i need to need a prompt
graveson: how do i stop the X server from starting up to do that
lhoerste: does ubuntu have a magical way to detect when I have a tv plugged into my computer as well or do i have to set up the xorg.conf manually?
fangorious: Prohibited: it depends on when in the boot sequence you want it to run
rabeldable: has anyone ever used mute for file sharing?",TRUE,,SPEAK,grok_judge_draft,"Idle anyone-used-X; mixed room, unsure so silent.",N,nivas,Y,,SILENT,2026-08-28T17:56:22.291914+00:00
ubuntu:train:2006-05-02:25:0:37765,train,02-05-2006,other,speak_open3,SPEAK,autologin question unanswered,open question in last 3,joshritger,FALSE,FALSE,,joshritger: I tried the xubuntu forum but no help there,"benoy: true
* Xenguy learns the wonders of k9copy this eve...
benoy: let me see
orbin: _jason: not quite no.  i actually had a look myself at the .bmp files.  i couldn't work out how it all works :-/
NickGarvey: benoy: when windows fails, use linux :), which basically means use linux all the time
jobezone: babelfishi: just as a longshot, I saw mentioned in that that thread about you needing a t76c503 driver.
benoy: lol
joshritger: does anyone know how to autologin on xubuntu?
jobezone: babelfishi: you could try 'sudo modbprobe t76c503'
_jason: orbin: mind joining me in offtopic?
babelfishi: jobezone: i'll give it a try..
joshritger: I tried the xubuntu forum but no help there",TRUE,,SPEAK,grok_judge_draft,Unanswered xubuntu autologin; forums already failed.,Y,nivas,Y,,SPEAK,2026-08-28T17:56:58.831702+00:00
ubuntu:train:2006-05-15:26:0:38635,train,15-05-2006,addressed_not_question,speak_addressed,SPEAK,brrrt is looking for a package containing a file,addressed to human,_jason,FALSE,FALSE,brrrt,"_jason: brrrt: packages.ubuntu.com or apt-file search, but I am not finding any","arrick: _jason, ^^
brrrt: !find screensaver-x11.h
brrrt: ?
gnat_x: NoUse: wget
_jason: arrick: deluser is nicer
arrick: ok
zcat[1] : the_mr_bong_show: open a terminal and press <tab> twice..
NoUse: gnat_x did you check the md5sums?
tate: Oh, and the synaptic install of Kdevelop only works in ubuntu if you run it as root
gnat_x: NoUse: nope. should have though. but i did run a check on the cd from within the installer.
brrrt: i mean how can i find out if any package contains ""screensaver-x11.h"" ?
_jason: brrrt: packages.ubuntu.com or apt-file search, but I am not finding any",TRUE,,SILENT,grok_judge_draft,Helper answering brrrt about screensaver-x11.h package.,N,nivas,Y,,SILENT,2026-08-28T17:57:21.465004+00:00
ubuntu:train:2006-05-15:26:0:38964,train,15-05-2006,addressed_not_question,speak_addressed,SPEAK,"Last line confirms installation, next step is configuration",addressed to human,OneTruth,FALSE,FALSE,tmccrary,OneTruth: tmccrary:  yes,"NoUse: !justask
ubotu: - Ask your question and we'll try to answer it.
lukaswayne9: Can someone help me?  My parallel port isn't being detected in gnome-cups-add
jarro1: anyone?
bbrazil: daryl: hmm, sudo /etc/init.d/cupsys start
NoUse: BOOBOOBOOBOOBOO please stop yelling peer all the time
OneTruth: How do i configure OpenSSH-Server?
* BOOBOOBOOBOOBOO runs
pip`: nouse, no hah
tmccrary: OneTruth: did you apt-get install ssh yet?
bbrazil: OneTruth: /etc/ssh/sshd_config
OneTruth: tmccrary:  yes",TRUE,,SILENT,grok_judge_draft,Answering tmccrary; sshd_config already given.,N,nivas,Y,,SILENT,2026-08-28T17:57:51.064942+00:00
ubuntu:train:2006-05-27:27:0:40244,train,27-05-2006,question,speak_open_q,SPEAK,Unanswered question about using wine,question + no clear addressee,Corey,TRUE,FALSE,,Corey: how do i open a program with wine ?,"suppaman: I'll put his hd into the box and will reverse his data on my ibook
suppaman: Ng: that's tha way
sybariten: besides, i found the .deb package and downloaded it ... whats gonna happen now if i dblclick that mother directly? End of the world ?
gir_: Is there any way to decrease the ""wobblyness"" on the menus? (XGL)
sybariten: ooops dependency problems
sybariten: can dpkg take care of that?
ndlovu: Anyone know why my homegrown backup script might fail with ""text file busy""?
Ng: gir_: try #ubuntu-xgl
Corey: Hey guys
Corey: How do I use a program in wine ?
gir_: Ng: ok. thx
Corey: how do i open a program with wine ?",TRUE,,SPEAK,grok_judge_draft,Unanswered how to open a program with Wine.,Y,nivas,Y,,SPEAK,2026-08-28T17:58:24.898768+00:00
ubuntu:train:2006-05-29:28:0:41483,train,29-05-2006,other,silent_other,SILENT,"last line is a general call for help, not a specific question",other,Aleks-0,FALSE,FALSE,,Aleks-0: hello i need help,"rixxon: vbgunz: i just installed rc1, will final differ alot?
_Rappy_: how do I delete the whe printinqueue in the terminal window?
vbgunz: rixxon: not sure, I've been using it for a long time now... it's been great, looks great and runs great... just thought I remind the world about June 1st
nox-hand: Hey guys
nox-hand: Just thought I'd say, that upgrade doesn't tak the long :D
rixxon: vbgunz: will _you_ install final? :P
nox-hand: I have about 25 mins left of my upgrade :D
MadMerC: im in the folder that the makefile.pl is in but when i run sudo perl Makefile.Pl im told it doesnt exist can anyone help
vbgunz: rixxon: of course, I am using it now and will upgrade ;)
rixxon: MadMerC: sudo perl makefile.pl
rixxon: MadMerC: (case sensitive)
Aleks-0: hello i need help",TRUE,,SPEAK,grok_judge_draft,Ask-to-ask with no actual question.,N,nivas,Y,,SILENT,2026-08-28T17:59:02.826938+00:00
ubuntu:train:2006-06-05:30:0:45753,train,05-06-2006,question,silent_open_q,SILENT,unrelated question; owned by a human,question + no clear addressee,gourdin,TRUE,FALSE,,gourdin: we will we be able to access an edgy repo ?,"SurfnKid: time for sleep
SurfnKid: gnite
digitalgalileo: holycow thanks
holycow: digitalgalileo, at the end the installer will install the bootloader and will make entries for your old os and ubuntu
ydnar: for what reason would a dvd not play if i have libdvdcss2 installed?
digitalgalileo: this is my second attempt at an install the last time i selected the resize automatically option and it just wiped my windows installation
Ng: ydnar: what are you using to play it?
holycow: ydnar, because it couldn't crack the encoding for the particual portion of the dvde
holycow: ydnar, its common
ydnar: tried vlc
joycetick: fujitsu, i did a 'force re-check' in azureus and it scanned for a bit but dident do anything
gourdin: we will we be able to access an edgy repo ?",TRUE,,SPEAK,grok_judge_draft,Unanswered whether edgy repo will be reachable.,N,nivas,Y,,SPEAK,2026-08-28T17:59:27.726203+00:00
ubuntu:train:2006-06-08:31:0:47199,train,08-06-2006,question,silent_open_q,SILENT,Unrelated questions; last line is owned by a human.,question + no clear addressee,xtraitorx,TRUE,FALSE,,xtraitorx: how do i find out which version of ubuntu i have?,"tritium: makko: good luck with that.  I'm off to bed...
adhoc: hi guys,
makko: tritium: ok, thanks :)
adhoc: any one know of decent tools for work with LDAP ?
rixth: Where the hell can I find a ffmpeg targball! I swear none exist
tritium: easy there, rixth
dust: william__, okay i'll check it out, i'll be back in a bit. cheers.
william__: take care dust
rixth: Sorry, tritium.
Jimmey__: How can I change my hostname?
tritium: rixth: :)
xtraitorx: how do i find out which version of ubuntu i have?",TRUE,,SPEAK,grok_judge_draft,Unanswered how to find Ubuntu version.,N,nivas,Y,,SPEAK,2026-08-28T17:59:56.458852+00:00
ubuntu:train:2006-06-08:31:0:47315,train,08-06-2006,question,speak_addressed,SPEAK,xpat needs guidance on accessing multiverse repos,addressed to human,xpat,TRUE,FALSE,farous,"xpat: farous:  sorry, don't know how to access that....advice ?","Ar2No: farous i'm using server dapper
Faileas: Rastas: yeah
xpat: Need help finding this:   Sun Java5: Install it from the Applications -> Add/Remove... menu, or install the sun-java5-bin package.
Rastas: excellent
farous: proftpd is in universe
Faileas: unless its ubuntu server which is GUIless by default
sir: hola
farous: and vsftpd is in main
xpat: Anyone?  Cant find ""sun-java5-bin"" package
farous: Ar2No: check packages.ubuntu.com
farous: xpat it is in multiverse repos
xpat: farous:  sorry, don't know how to access that....advice ?",TRUE,,SILENT,grok_judge_draft,Follow-up to farous who already named multiverse.,N,nivas,Y,,SILENT,2026-08-28T18:00:41.735996+00:00
ubuntu:train:2006-06-28:33:0:50725,train,28-06-2006,question,speak_open_q,SPEAK,Unanswered question about turning off ipv6,question + no clear addressee,Ro1,TRUE,FALSE,,Ro1: anyone know how i can turn ipv6 off?,"Ro1: ok
Ro1: well...my intertnet is too slow right now to use websites
Ro1: got any ideas?
snoops: yep.. well you didn't have to paste that to see it at 11Mb/s
Ro1: it takes forever to ping and load a website....but when i used to use windoze it was quicl
snoops: are you using firefox?
Ro1: yeah
snoops: try turning ipv6 off
Ro1: and i also tried opera....same thing
Ro1: how do i turn that off?
thewolf: can someone please tell me what command to use to configure X?
Ro1: anyone know how i can turn ipv6 off?",TRUE,,SPEAK,grok_judge_draft,How to disable IPv6 still unanswered after the hint.,Y,nivas,Y,,SPEAK,2026-08-28T18:01:44.511660+00:00
ubuntu:train:2006-08-06:35:0:52536,train,06-08-2006,question,speak_open_q,SPEAK,Unanswered question about /var partition requirement,question + no clear addressee,Mora,TRUE,FALSE,,"Mora: Does anyone know if /var must reside on a root partition? I have it moved on to another one, and it seems that bootup scripts try mounting /var/run before /var is mounted","qwerty2k: nu, you sure ;), i dont often use qwerty as a name i normally use empyrean :)
sparkleytone: eleazar123: make sure you manually choose that HD...just to take out that as a possible error
eleazar123: sparkleytone, at which step?
nu: qwerty2k: cool. when i play, i play as a little dash: -
jon_: is mldonkey good?
sparkleytone: eleazar123: you can probably press f12 or something on boot to choose the boot device
qwerty2k: nu,  :)
sparkleytone: eleazar123: in your bios
starscream[2] : Jack_Sparrow, yes XP is on hda2
nu: brb. installing nvidia driver
eleazar123: sparkleytone, ohh i see what you mean, yeah it's defaulted to boot to sdc
Mora: Does anyone know if /var must reside on a root partition? I have it moved on to another one, and it seems that bootup scripts try mounting /var/run before /var is mounted",TRUE,,SPEAK,grok_judge_draft,Unanswered /var separate-partition boot-order question.,Y,nivas,Y,,SPEAK,2026-08-28T18:02:19.152375+00:00
ubuntu:train:2006-08-06:35:0:53687,train,06-08-2006,question,speak_open_q,SPEAK,"unanswered sound issue, no one addressing",question + no clear addressee,shimmi,TRUE,FALSE,,shimmi: any sound help?,"starscream[2] : Jack_Sparrow, I also ran the GRUB MBR repair
shimmi: hello
shimmi: my sound is gone
shimmi: i had good sound for sometime
starscream[2] : Jack_Sparrow, ill try now
rdz: minimec_afk, thanks anyway. may i should try once with another usb-controller
shimmi: and no it wont work at all
wweasel: nu__: Quote from forum post: ""You can add folders using the file chooser (for example, file>open file in firefox). Select the folder you want and select add on the left side.""
alienseer23: Jack Sparrow, I am trying to make the entire drive space shared...?
wweasel: nu__: But I greatly appreciate your help
avis: minimec_afk,  iso8859-01 ?
shimmi: any sound help?",TRUE,,SPEAK,grok_judge_draft,Sound died; group ask still unanswered.,Y,nivas,Y,,SPEAK,2026-08-28T18:02:54.508317+00:00
ubuntu:train:2006-08-11:36:0:55360,train,11-08-2006,question,silent_open_q,SILENT,new unrelated question; focus on previous thread,question + no clear addressee,carthik,TRUE,FALSE,,carthik: What's an easy to use mp3 tag editor that is intuitive to use too?,"verbose_: i just looked at the .png...looks like that's the problem
farous: pushpop: you are using the open-source ati drivers
Necrosan_: How do I disable all the useless crap ubuntu tries to start when it boots?
Necrosan_: Trying to quicken the bootime/disable stuff I don't use
verbose_: Necrosan_: read /etc/init.d/README
Necrosan_: is there an interactive tool of some sort?
Necrosan_: I know how to do it manually
Necrosan_: But I'm feeling lazy tonight
pushpop: farous: i havent install any drivers
pushpop: farous"" fresh install
ompaul: Necrosan_, you can install a program called ""bum"" boot up manager
carthik: What's an easy to use mp3 tag editor that is intuitive to use too?",TRUE,,SPEAK,grok_judge_draft,Unanswered request for an easy MP3 tag editor.,N,nivas,Y,,SPEAK,2026-08-28T18:03:37.378469+00:00
ubuntu:train:2006-08-13:37:0:56068,train,13-08-2006,addressed_not_question,silent_addressed,SILENT,"last line is a suggestion, not a need for further help",addressed to human,NickGarvey,FALSE,FALSE,stopher,NickGarvey: stopher: or you could set up nfs to mount your apache dir (is what I do),"Talisker: I never realised it was because they are the same on my machine
DamianFinol: Talisker,  There, you got a root accoun tnow
Talisker: Well, g2g, thanks
gdb: It's sudo asking if you're really Talisker before letting you run things as root.
NickGarvey: Talisker: but its not a good idea to do sudo passwd root
gdb: :-)
stopher: can you add files to apache without being at the server? do it thru a network?
NickGarvey: stopher: yeah.. ftp it up then use ssh to move it..
DamianFinol: stopher, ftp or ssh?
gdb: stopher: scp / ftp / etc them to /var/www or $HOME/public_html, yes.
jamie: DamianFinol: I made the foledr in my hoem dir.
NickGarvey: stopher: or you could set up nfs to mount your apache dir (is what I do)",TRUE,,SILENT,grok_judge_draft,Helper already telling stopher how to add Apache files.,Y,nivas,Y,,SILENT,2026-08-28T18:04:05.262474+00:00
ubuntu:train:2006-08-15:38:0:57952,train,15-08-2006,other,silent_open3,SILENT,"last line is offtopic, discussing less/more usage",open question in last 3,yossman,FALSE,FALSE,,yossman: if you're not careful you actually could use 'less' or 'more' to edit a file and not know you were doing it.,"Tonren: erisco: You know, I actually don't know off-hand.  Someone in this room MUST know where the system log lives, though
visham: in gdm off mode
Koba: When I boot up my newly installed ubuntu dapper, I get corrupted video and distorted color lines all over the screen, I have a nVidia 6800GS, and I have heard there are some issues with that card. I found some guides to fix the issue, but I cannot see anything on my screen, so I can't type in any of the commands that are needed to fix the problem. Does anyone have a solution?
erisco: Tonren, well we found the log file for a boot record. I kinda need the other end of it though hehe
stritar: nobody knows how to find out what my last packages installed were?
scrappy_: Koba: alt-ctrl-f2
visham: hey folks
jbroome: stritar: history | grep apt-get
visham: how to change the fonts?
yossman: tonren, re: less will never hurt a file, i've noticed more modern less and more tools have a hotkey that loads the file into vi
Tonren: Koba: Have you tried plugging your monitor into the integrated video output of your motherboard (if applicable)?
yossman: if you're not careful you actually could use 'less' or 'more' to edit a file and not know you were doing it.",TRUE,,SILENT,grok_judge_draft,"Off-topic less/more aside, not a stuck user ask.",Y,nivas,Y,,SILENT,2026-08-28T18:04:37.395496+00:00
ubuntu:train:2006-09-24:41:0:62496,train,24-09-2006,other,silent_other,SILENT,"Last line explains concept, no open question.",other,chuckyp,FALSE,FALSE,,"chuckyp: dredhammer, ctrl+alt+backspace isn't a reboot it just restarts x windows.","Waterbou: Do any native ubuntu programs have iPod support?
chuckyp: dredhammer, you mean after you reboot it shows the contents?
chuckyp: dredhammer, properly
THX-1138: bring up synaptic and search xcompmgr (xgl/compiz is a bit fancier but somewhat more complex and bleeding edge
dredhammer: yes
dredhammer: it has to be a hard reboot not a ctrl+alt+backspace
chuckyp: dredhammer, are you rebooting leaving the cd in the drive or just reinserting after reboot?
kitche: Waterbou: amarok and maybe banshee
Bacaruda: yeah Ive used XGL on a Live CD before that was awesome
imbrandon: shmulik: sure
Wyzard: As I understand it, AIGLX is the real way forward, not XGL
chuckyp: dredhammer, ctrl+alt+backspace isn't a reboot it just restarts x windows.",TRUE,,SILENT,grok_judge_draft,Helper correcting dredhammer about ctrl-alt-backspace.,Y,nivas,Y,,SILENT,2026-08-28T18:05:15.023674+00:00
ubuntu:train:2006-09-24:41:0:62832,train,24-09-2006,question,silent_open_q,SILENT,last line is chit-chat,question + no clear addressee,etzerd,TRUE,FALSE,,etzerd: what's the topic tonight?,"jUggERNAUt1980: tidus, do you have the disc with the drivers for that chipset?  you'll probably have to use ndiswrapper.
Tidus: jUggERNAUt1980: i do have the driver cd, but i'm trying to avoid ndiswrapper if possible.
Wyzard: micahcowan: man update-rc.d
jUggERNAUt1980: tidus, yeah, that's understandable, but i don't know of another way.
jUggERNAUt1980: tidus, ewww....p2??  ewwwww.....
Dr_willis: P.2 :P
Tidus: jUggERNAUt1980: it was free...
micahcowan: Wyzard, thanks very much.
jUggERNAUt1980: tidus, we all like free!  :)
jUggERNAUt1980: tidus, i pay out the azz for my shiat
etzerd: Hello all
etzerd: what's the topic tonight?",TRUE,,SILENT,grok_judge_draft,"Social topic-of-the-night, not support.",Y,nivas,Y,,SILENT,2026-08-28T18:05:37.931464+00:00
ubuntu:train:2006-11-01:42:0:64361,train,01-11-2006,question,silent_open_q,SILENT,unrelated questions flying; last line owned by a human,question + no clear addressee,StephenL,TRUE,FALSE,,StephenL: Anyone know of good open source Project Management software?,"sticazzi: pardon me
kmaynard: dutchy, more than agreed
Bokeh: hehe
Bokeh: true :)
[ANF] MasterNinja: cmon im a real noob GUI obsessed windows user but after a few days i can fumble my way round the router to do standard stuff soon ill have a linux clone of what i had on xp including games, drivers and software.
[ANF] MasterNinja: i mean terminal
hangfire: ayaa-whoops, you said jre and not jdk
LjL: !offtopic
ubotu: #ubuntu is the Ubuntu support channel, #ubuntu+1 supports the development version of Ubuntu and #ubuntu-offtopic is for random chatter. Welcome!
[ANF] MasterNinja: were talking about ubuntu
kmaynard: LjL, sorry...got carried away
StephenL: Anyone know of good open source Project Management software?",TRUE,,SPEAK,grok_judge_draft,Unanswered OSS project-management software rec.,N,nivas,Y,,SPEAK,2026-08-28T18:06:03.257345+00:00
ubuntu:train:2006-12-06:43:0:65127,train,06-12-2006,other,silent_open3,SILENT,"unrelated questions flying, last line owned by a human",open question in last 3,kandinski,FALSE,FALSE,,kandinski: despite the fact that I edited fstab to replace /dev/hda2 for the disk ID,"mnepton: tomix: you can do all that from the command line
paragon36: look in /etc/X11/xorg.conf  for resolution
glaz: paragon36, i know that.
paragon36: so ... ?
glaz: how to know one of the all its set in there i am actually using
kuzmaster: can some here PLEASE! help me with proftpd?
glaz: i want to run 1440x900, but not sure if AiXGL supports it
kandinski: my Edgy install (clean, not an upgade) keeps not using swap
paragon36: menu ....   Desktop/screnresolutution
VigoFusion: Whats the or where is the information to set up my box to help the sick kids?
paragon36: menu ....   Desktop/screenresolutution
kandinski: despite the fact that I edited fstab to replace /dev/hda2 for the disk ID",TRUE,,SPEAK,grok_judge_draft,Edgy swap unused despite fstab; still stuck.,N,nivas,Y,,SPEAK,2026-08-28T18:06:42.933397+00:00
ubuntu:train:2006-12-10:44:0:67223,train,10-12-2006,other,speak_open3,SPEAK,last line needs technical clarification on recursive deletion,open question in last 3,Mwa,FALSE,FALSE,,"Mwa: depi, rm *_thumb.jpg should work","Pudel_des_Todes: can anybody help, or push me to the right direction?
Kingsqueak: nn local network?
depi: what is the correct pattern to delete all images ending with _thumb.jpg in a directory which have subdirectories?
christian1222: Kingsqueak: thanks man, I appreciate it, if it wasnt for guys like you, I would have given up on computers a long time ago
nn: Kingsqueak: Yea, gigabit ether
Kingsqueak: nn odd, that's from lag in refresh, try a different wm maybe
nn: Kingsqueak: this box just doesnt have much space (1gb thumbdrive for root FS), so i run everything off the server
nn: Kingsqueak: hmm, maybe...
depi: I have tried rm *_thumb.jpg * (but not worked)
Kingsqueak: christian1222: no problem, I learned a lot of what I know from this network over the years
Kingsqueak: air0day: any luck?
Mwa: depi, rm *_thumb.jpg should work",TRUE,,SILENT,grok_judge_draft,Helper giving depi the rm glob.,N,nivas,Y,,SILENT,2026-08-28T18:07:09.630985+00:00
ubuntu:train:2006-12-10:44:0:67311,train,10-12-2006,question,silent_addressed,SILENT,last line is a question being handled,addressed to human,Kingsqueak,TRUE,FALSE,cmweb,Kingsqueak: cmweb: connect with it?,"Mwa: TokenBad, ape files being Monkey's Audio, yes?
nagyv: could someone send me (via pastebin) a basic dapper drake sources.list file? I am helping a friend to upgrade from breezy, but I have edgy.
PhantomNJ: and as for why anyone would do that, I'm not sure why they changed things the way they did without putting that information front and center
depi: Mwa: thank you
TokenBad: Mwa, yes
Mwa: depi, you're welcome
ollekalle: Kingsqueak: here we go: auto eth0;iface eth0 inet dhcp;pre-up mii-tool eth0 -F 100baseTx-FD;post-up sleep 3;post-up dhclient eth0. All 0-indented.
Kingsqueak: cmweb: sshd should just be running, putty should work
TokenBad: Mwa, but this is through ubuntu
cmweb: kingsqueak, Then if its working what do i do with putty
Mwa: TokenBad, Yes. Try out that link.
Kingsqueak: cmweb: connect with it?",TRUE,,SILENT,grok_judge_draft,Helper asking cmweb a Putty diagnostic.,Y,nivas,Y,,SILENT,2026-08-28T18:07:39.807403+00:00
ubuntu:train:2006-12-20:45:0:69118,train,20-12-2006,addressed_not_question,silent_thanks,SILENT,last line is thanks,thanks,elysium444,FALSE,TRUE,Rookie_,"elysium444: Rookie_: ok thanks, I didnt know. I will do some learning. Enjoy your coffe","n2diy: daya, roger secure copy, haven't used that either, no experience with networking here.
bimberi: emilia: sorry, out of ideas for now :/
lupine_85: but you can definitely have more than one ubuntu
Rookie_: ahh, yes, your right hlds
hlds: lol.
Akuma_: is there important stuff to be backed up outside of ~ ?
Rookie_: tierd ... 6 am ...
daya: n2diy, have they are in the network i mean two boxes
ubuntu: hlds from where you have the copy of VIsta
lupine_85: Akuma_: /etc ...
hlds: wow 1st time here im doing pretty good.
elysium444: Rookie_: ok thanks, I didnt know. I will do some learning. Enjoy your coffe",TRUE,,SILENT,grok_judge_draft,Thanks; will go learn.,Y,nivas,Y,,SILENT,2026-08-28T18:08:04.336689+00:00
ubuntu:train:2007-01-12:46:0:70050,train,12-01-2007,other,silent_other,SILENT,unrelated issues; last line is not a clear request,other,erisco,FALSE,FALSE,,"erisco: rogue780, this really isn't too good","richardson183: bigtoe:>done that
Spaghetti_Knife: I know it has something to do with the fact that it has spaces in its name.
foobarian: bakert: two other nice features: you can open multiple virtual ttys inside one screen session; and you can reattach to the screen session from anywhere.
Spaghetti_Knife: i just want to bypass that.
BigToe: Spaghetti_Knife, type K& then type <tab>
richardson183: bigtoe:>everything it connected correctly
jmdc_: pike_, No, I don't get an IP.
sneakums: Spaghetti_Knife: or use double quotes around the whole name
jmdc_: pike_, I just tried doing it your way directly
BigToe: Spaghetti_Knife, or put backwards slashes before the spaces (and maybe the &)
erisco: rogue780... oh god... it is my drive
erisco: rogue780, this really isn't too good",TRUE,,SILENT,grok_judge_draft,"Status to rogue780, not a new help request.",Y,nivas,Y,,SILENT,2026-08-28T18:08:24.626942+00:00
ubuntu:train:2007-01-19:47:0:71834,train,19-01-2007,addressed_not_question,silent_thanks,SILENT,last line is thanks,thanks,christian1222,FALSE,TRUE,chavo,christian1222: chavo: thanks for that,"christian1222: Tonren: i just did that
millones: hi, somebody could help me with xgl/beryl?
snide: !nvidia
ubotu: To install the Ati/NVidia drivers for your video card, see https://help.ubuntu.com/community/BinaryDriverHowto
Tonren: ro_: Most people come here for Questions & Answers, so you can just ask your question and wait for someone to type your name in a response, or keep a lookout for questions you know how to answer.
christian1222: Tonren: thanks, i had one thing wrong, i was using the -t option with iso9660
Madpilot: ro_, you'll learn to filter the traffic here, it's not that bad
Tonren: christian1222: Ahh, ok.  That should work out for you then; the -o thing
christian1222: Tonren: something I found online somewhere
Textboo1: millones: /j #ubuntu-xgl, they're might be somebody in there too
Tonren: christian1222: lol, that's the internet for you.
christian1222: chavo: thanks for that",TRUE,,SILENT,grok_judge_draft,Thanks to chavo.,Y,nivas,Y,,SILENT,2026-08-28T18:09:00.905347+00:00
ubuntu:train:2007-01-21:48:0:73240,train,21-01-2007,addressed_not_question,silent_addressed,SILENT,question answered by riotkittie,addressed to human,riotkittie,FALSE,FALSE,Dreamglider,riotkittie: Dreamglider: no,"daddydoc: i will try that
zoli2k: klm, there must be a firefox-bin process
AlexC_: klm-: press alt+f2 then type ""killall firefox""
riotkittie: klm-:  kill firefox-bin  or ps ax | grep firefox ... and then kill <PID>
zoli2k: klm-: killall firefox-bin
linux_user400354: when i get to the gdm login screen after installing the nvidia driver, i cant see the whole screen at once. if i move my mouse to one of the edges, then the screen will move in that direction. if i move my mouse to the top for example, the screen will scroll up and then i cant see the options button at the bottom anymore. does anyone else have that problem? it is similar to playing a game when the game when the resolution does not
linux_user400354: return to normal after exiting the game. it looks like i am zoomed in and can't see everything at once.
AlexC_: ahh, firefox-bin :P
Dreamglider: do i need a special edition of ubuntu to run on my laptop with centrino duo ??
daddydoc: like this..... sudo chown -R user:user /directory ?
AlexC_: no
riotkittie: Dreamglider: no",TRUE,,SPEAK,grok_judge_draft,Helper answering Dreamglider: no special Ubuntu edition.,N,nivas,Y,,SILENT,2026-08-28T18:09:30.372766+00:00
ubuntu:train:2007-01-29:49:0:75185,train,29-01-2007,addressed_not_question,silent_thanks,SILENT,last line is thanks,thanks,guzza,FALSE,TRUE,xtknight,guzza: xtknight: works .. thanks a lot ;),"FILETBRIGADE: Something along those lines.
FILETBRIGADE: I could go back and boot into Ubuntu and check again if it's needed.
shatrat: FILETBRIGADE, yeah thats wrong for a lot of reasons
FILETBRIGADE: shatrat: I've figured.
blackduck3: Dose anybody/anyone know how i can get my wireless working on my laptop?
shatrat: FILETBRIGADE, thats a subnet mask
cablesm102: blackduck3, depends on the card
FILETBRIGADE: Right.
shatrat: !wireless|blackduck
ubotu: blackduck: Wireless documentation can be found at https://help.ubuntu.com/community/WifiDocs
blackduck3: oh
guzza: xtknight: works .. thanks a lot ;)",TRUE,,SILENT,grok_judge_draft,"Works, thanks; closed.",Y,nivas,Y,,SILENT,2026-08-28T18:10:12.860145+00:00
ubuntu:train:2007-02-06:50:0:75796,train,06-02-2007,other,speak_other,SPEAK,Last line is an unanswered question about default gateway,other,Cyrus25801,FALSE,FALSE,,Cyrus25801: how does one check what your default gate way is,"deafboy: xtknight: what is the '-9' parameter?
AmaroqWolf: ompaul, I've made the change. Can I attempt to play the games now, or should I ctrl+alt+backspace first?
LinuxHelp: comradeC, before you close your IRC..
Slasher: brb
nexousNET: Quessir: do you know if wifi-radar connects to the network on startup?
comradeC: LinuxHelp, and what do I do after it boots sudo grub? in the live cd enviroment?
peresko: Thunderbird question: Autospell Bugs anyone?
LinuxHelp: comradeC, you need to remember to type: ""sudo grub"" and then ""root (hd0,2)"" and the ""setup (hd0)""
ompaul: AmaroqWolf, log out and back in - ctrl alt bksp is not for every day use
Quessir: nexousNET: Not sure, I think yes
AmaroqWolf: Okay.
Cyrus25801: how does one check what your default gate way is",TRUE,,SPEAK,grok_judge_draft,Unanswered how to check default gateway.,Y,nivas,Y,,SPEAK,2026-08-28T18:10:37.545426+00:00
ubuntu:train:2007-02-06:50:0:76309,train,06-02-2007,addressed_not_question,silent_addressed,SILENT,last line is already being handled,addressed to human,haxality_,FALSE,FALSE,nexousNET,haxality_: nexousNET: let me know if anything I say goes over your head,"agliv5: xtknight, qemu can not be compiled with gcc 4.x according to their hompage...
Vandalay: just use fedora
Slasher: xtknight: thats all i got m8
MacLinuxMaster: I'm having a system lockup while erasing cdrw. Someone have ?
MacLinuxMaster: When I blank a cdrw with cdrw my system beacame locked until it end
haxality_: nexousNET: go to 'system > administration > networking' from the gnome menu
xtknight: Slasher: hmm.  can you pastebin 'dmesg'?
nexousNET: haxality_: okay
MacLinuxMaster: Any tips ?
haxality_: nexousNET: open up the config page for your wireless card, and fill in the various options
xtknight: agliv5: symlink /usr/bin/gcc to /usr/bin/gcc-3.4 instead
haxality_: nexousNET: let me know if anything I say goes over your head",TRUE,,SPEAK,grok_judge_draft,Helper walking nexousNET through wireless GUI.,N,nivas,Y,"WHY: MacLinuxMaster has asked a question about their system locking up while erasing a CDRW and asked for tips, but nobody has answered them or taken ownership of their request yet.
",SILENT,2026-08-28T18:11:45.645073+00:00
ubuntu:train:2007-02-07:51:0:77249,train,07-02-2007,question,silent_open_q,SILENT,Last line is an ongoing conversation,question + no clear addressee,eternalswd,TRUE,FALSE,,"eternalswd: fula_, does it fully boot and then reboot at random times or does it reboot while booting?","ducky: 32 bit firefox w/plugins
fula_: ani one can suggest me acht abput computer problems
blankfaze: i like metacity.  i just want it to do more
eternalswd: fula_, are you using ubuntu?
ducky: Anyone dealt with that before?
pseudomorph: ducky: there is a great guide I have used many times on the forums here http://www.ubuntuforums.org/showthread.php?t=191205
fula_: yes
fula_: an windows too
eternalswd: fula_, what kind of reboot problems are you having?
fula_: it reboot by it self
pseudomorph: ducky: it runs through flash, adobe, java, win32 stuff etc.
eternalswd: fula_, does it fully boot and then reboot at random times or does it reboot while booting?",TRUE,,SILENT,grok_judge_draft,Helper diagnosing fula reboot; do not pile on.,Y,nivas,Y,,SILENT,2026-08-28T18:11:56.445246+00:00
ubuntu:train:2007-02-15:52:0:79386,train,15-02-2007,addressed_not_question,speak_addressed,SPEAK,Last line indicates unresolved issue with resolution,addressed to human,nusa42,FALSE,FALSE,soundray,nusa42: soundray: yeah - doesn't add this ood resolution,"soundray: meisam: no problem
phaded: sacater: you can actually drag the programs window in the tray area over there
phaded: sacater: well, not the tray area, but down on the open program list
Cyrus25801: sorry about just now guys. With the windows dood.if you look at the conversation you will see that he was really being rood. but any way njoy. c ya
marcel: I am trying to download updates and get this message"" could not exec dpkg!"" what can I do?
nusa42: Hmm .. Anyone have any advice of setting 1360x768 resolution?
sacater: phaded: kk that works, but is there a key command
soundray: nusa42: have you tried 'sudo dpkg-reconfigure xserver-xorg'?
phaded: sacater: I'm not entirely sure. I'm rather new myself. I'll look it up :D
marcel: no
RAW-mEAT: soundray: www.ubuntuusers.de/paste/7563
nusa42: soundray: yeah - doesn't add this ood resolution",TRUE,,SPEAK,grok_judge_draft,Follow-up to soundray who already owns resolution thread.,Y,nivas,Y,"marcel asked a question about getting a ""could not exec dpkg!"" error while downloading updates, and nobody has answered them or taken ownership of their request yet.",SILENT,2026-08-28T18:12:34.593015+00:00
ubuntu:train:2007-06-01:53:0:81409,train,01-06-2007,question,speak_open_q,SPEAK,Last line asks for tool clarification,question + no clear addressee,djieno,TRUE,FALSE,,"djieno: leagris, what is the tool?","djieno: leagris, two 3com network 3c509 cards
wols: djieno: what is in your /etc/network/interfaces ?
ikonia: lusepuster: so its going blank - therefore doesn't work
clever: leagris: i think only my newrouter and my newest laptop can do that and i beleive its called something like auto crossover
LjL: rmd_: when i say ""bug"", i mean Ubuntu bug. which hardly involves Google. search http://bugs.ubuntu.com for ""themes"" or ""gnome themes"", and if you don't find a bug report, make one.
leagris: djieno, check the link is physically up and with same parameters with tehtool
sipior: johnschroeder: you'll probably want to restart to make sure that gnome comes up properly
BrixSat: jrib but when i do install a theme it should be for metacity or what else?
johnschroeder: sipior: oh i see, all i did was download the ubuntu server, and what your saying is i should have download everything?
tobyb: is having an XP disk image a good recovery safeguard in case I botch my Ubuntu dual-boot install attempt? can i restore the image and thus wipe out grub in my MBR?
lusepuster: ikonia: yes, but it isn't any hardware thing, that's what I mean
djieno: leagris, what is the tool?",TRUE,,SPEAK,grok_judge_draft,Asking leagris which tool; helper is present.,Y,nivas,Y,,SILENT,2026-08-28T18:13:19.059261+00:00
ubuntu:train:2007-06-04:54:0:83123,train,04-06-2007,question,silent_open_q,SILENT,last line is a question addressed to a specific nick not in window,question + no clear addressee,clive,TRUE,FALSE,,clive: mc44 how can you wipe your drive with a fresh partition?,"Eleaf: LjL, there has to be a way to sync the time and not have to wait for hours for it to do it automatically.  It works fine if I do ""sync now"".
LjL: Eleaf: could be, but then you'd notice the BIOS getting reset at each boot
NET||abuse: can anyone help me?
Eleaf: LjL, it doesn't really have a bios (iBook)
mobbol: NET||abuse: install ntfs tools, and then mount -t nfts /dev/your-device -o rw
Scunizi: phil56, you still around?
Jowi: !ntfs | NET||abuse
Elfboy: SillyZ, : thanks but im wierles and it dont show it
aricz: Hello, can anyone help me getting my CD-ROM working?
ubotu: NET||abuse: To view your Windows/Mac partitions see https://help.ubuntu.com/community/AutomaticallyMountPartitions . For write access see !ntfs-3g or !fuse
LjL: Eleaf, you could hack something together, for sure, but as i said, NTP doesn't update the time at once because it can have unwanted consequences. i don't assume i know better than NTP ;)
clive: mc44 how can you wipe your drive with a fresh partition?",TRUE,,SPEAK,grok_judge_draft,mc44 not in window; unanswered wipe-drive how-to.,N,nivas,Y,,SPEAK,2026-08-28T18:14:00.831133+00:00
ubuntu:train:2007-07-03:56:0:85736,train,03-07-2007,question,silent_open_q,SILENT,last line addresses a different thread,question + no clear addressee,chad_,TRUE,FALSE,,chad_: Bladey - this is coming from a pc stand point but did you unload the is?,"Bladey: Someone help please?
verb3k_: redheat,  he may missed you with redbox :)
redheat: I'm sorry you lost me..
dynacrylic: dr_willis, how to i create a mount point?
redheat: oh ok..
Dr_willis: frojnd,  when watching wmv's and other things in windows.. just rember 'NEVER' let it 'auto-download-install-codecs' :)  thers some nasty packages   out there.
Dr_willis: dynacrylic,  its just a directory, use the mkdir command.
Dr_willis: !mount
ubotu: Partitioning programs: !GParted or QTParted (also ""man mkfs"" for formatting) - Mounting partitions in Gnome under Dapper: System -> Administration -> Disks - For Edgy, see !fstab and !DiskMounter
Pici: 11:13 <redheat> failed to execute child process ""/usr/bin/nvidia settings no such file or directory  -- I said, theres no space in the filename.
verb3k_: redheat, What's your Nvidia card?
chad_: Bladey - this is coming from a pc stand point but did you unload the is?",TRUE,,SILENT,grok_judge_draft,Helper questioning Bladey; do not pile on.,Y,nivas,Y,,SILENT,2026-08-28T18:14:25.426683+00:00
ubuntu:train:2007-07-03:56:0:86160,train,03-07-2007,question,speak_open_q,SPEAK,Unanswered question about Windows Mobile syncing with Ubuntu,question + no clear addressee,MrBogus,TRUE,FALSE,,MrBogus:  does anyone knows if is there any drivers to connect a Windows Mobile %(pocket pc) with Ubuntu?I mean for sync,"verb3k_: crusnola, If you are an FPS fan I can recommend Tremulous for you :) apt-get it
crusnola: ahh that's what I'm familiar with
Daverocks: nuclear: seamonkey is also similar to firefox, because it's basically mozilla, so you may like that
crusnola: k
GigaClon: but GW doesn't work if you are at the bottom of specs
Daverocks: nuclear: and of course, there's always opera, which is a very nice browser, albeit closed source
crusnola: lol
GigaClon: like me
Invisionfree: Daverocks...Yes, it is there....Could it be where it is?
Daverocks: nuclear: but still natively available for linux
crusnola: I learned that the hard way on this laptop
MrBogus:  does anyone knows if is there any drivers to connect a Windows Mobile %(pocket pc) with Ubuntu?I mean for sync",TRUE,,SPEAK,grok_judge_draft,Unanswered Windows Mobile sync-on-Ubuntu ask.,Y,nivas,Y,,SPEAK,2026-08-28T18:14:50.625207+00:00
ubuntu:train:2007-07-03:56:0:86501,train,03-07-2007,question,speak_open_q,SPEAK,Clarify ! usage for sam_,question + no clear addressee,sam_,TRUE,FALSE,,sam_: for bash?,"Anlar: ioxon: I have just no idea, if the drivers are installed aok it wshould be automatic. but I have no idea about nvidia/ati indeed
sam_: wait, i meant, what is !lamp
sam_: what's the exclamation mark mean?
rambo3: ubotu info
ubotu: Sorry, I don't know anything about info - try searching on http://bots.ubuntulinux.nl/factoids.cgi
ioxon: Anlar ok, thanks
rambo3: lol
sam_: how do i use the ! thingy
liquiddoom: sam_: It basically is a command
zphinx: ubotu upgrade
ubotu: For upgrading, see the instructions at https://help.ubuntu.com/community/UpgradeNotes
sam_: for bash?",TRUE,,SILENT,grok_judge_draft,Asking liquiddoom if !factoids are bash; helper engaged.,N,nivas,Y,,SILENT,2026-08-28T18:15:31.852232+00:00
ubuntu:train:2007-08-19:57:0:87973,train,19-08-2007,other,silent_thanks,SILENT,last line is thanks,thanks,sirjoshimus,FALSE,TRUE,,sirjoshimus: thanks,"dreadh3ad: bruenig: There is only one profile there.  It will only load when i use launch prompt from profile manager.  If i use the shortcut on my toolbar it uses the old profile
lufis: sirjoshimus: is the tarball on the desktop?
bruenig: dreadh3ad, launch it with firefox -P name
sirjoshimus: yeah
sirjoshimus: oh crap, i forgot to extract it
lufis: sirjoshimus: did you extract it?
john_do1: lufis: no, I would not need to do that with other linux distributions...
nickrud: dennda, update-manager -d
lufis: ...Yeah :)
sirjoshimus: duh, thanks
lufis: john_do1: maybe so, but it might work
sirjoshimus: thanks",TRUE,,SILENT,grok_judge_draft,Thanks after remembering to extract tarball.,Y,nivas,Y,,SILENT,2026-08-28T18:15:56.624527+00:00
ubuntu:train:2007-08-19:57:0:88187,train,19-08-2007,question,speak_open_q,SPEAK,Unanswered question about file systems,question + no clear addressee,Goooner,TRUE,FALSE,,Goooner: What file system would Ubuntu like to be installed on? And what file system can I use for a partition common for both Ubuntu and XP?,"sirjoshimus: ah yes, just got pidgin compile and installed
nickrud: msalacain, the scariest thing was:  1: Syntax error: word unexpected (expecting "")"") for both aptitude and as, those are totally unrelated programs.
Ashfire908: PriceChild: chill out. 4 lines over one hour is not a big deal.
PriceChild: kmak, and where on earth does it reccomend that?
PriceChild: Ashfire908, Please turn it off :)
kmak: been all over the internets lately, digg, etc.
nickrud: msalacain, and if you can't run aptitude or apt-get, that's way out of my league
Ashfire908: uh, no.
kmak: aptitude is far more advanced in almost all areas
msalacain: kmak, is there a major difference?
nickrud: Ashfire908, um, you might want to reconsider
Goooner: What file system would Ubuntu like to be installed on? And what file system can I use for a partition common for both Ubuntu and XP?",TRUE,,SPEAK,grok_judge_draft,Unanswered Ubuntu vs shared-XP filesystem question.,Y,nivas,Y,,SPEAK,2026-08-28T18:17:25.107657+00:00
ubuntu:train:2007-08-22:58:0:89986,train,22-08-2007,other,speak_open3,SPEAK,last line relates to unresolved resolution issue,open question in last 3,mudkipdesu,FALSE,FALSE,,mudkipdesu: yeah its a flat screen,"ubot3: Chubbly: Don't ask to ask a question. Just ask your question :)
bulmer: sparr you dont what?
mudkipdesu: hey on windows i had a resolution of 1366x768 and on ubuntu the max resolution available is 1024x768 anyone know how to fix it?
CarlFK: Andrew250: um, terminal?  the thing with the prompt were you can enter commands like man, dd
tigran: bulmer: same computer, in windows its not out as much, i mean no where close, do you understand me there?
devinderbhullar: hi how do i configure the syslog daemon on the host system to accept remote syslog messages over interface 10.0.0.1 using UDP port 514
zeeble: wth is 1366x768?
bulmer: tigran:  well maybe you go back to windows? :)
davidthedrake: Yea really.
devinderbhullar: sorry for the repeats
bjv: add 1366 to your xorg?
mudkipdesu: yeah its a flat screen",TRUE,,SPEAK,grok_judge_draft,Answering that it is a flatscreen; helper already in thread.,Y,nivas,Y,,SILENT,2026-08-28T18:17:55.613860+00:00
ubuntu:train:2007-08-24:59:0:91125,train,24-08-2007,other,speak_other,SPEAK,Last line asks for command to add admin user,other,btorio,FALSE,FALSE,,btorio: one that can be an administrator on the machine,"tigran: dho_ragus OntzA: telnet connected to google
whatcha: atm it will not.. any suggestions on how to get it to boot to the recovery mode?
jrib: Cedano: basically, just go to  system -> administration -> software sources, but ubotu has sent you more details
OntzA: well
OntzA: type GET /
electronick: rtfm
Jack_Sparrow: whatcha: Then there is something wrong with the dick, the drive or the cmos settings
btorio: i'm gonna try adding a new user account
Jack_Sparrow: disk
whatcha: ahh
btorio: how can i do  that from the command line
btorio: one that can be an administrator on the machine",TRUE,,SPEAK,grok_judge_draft,How to add an admin user from CLI still open.,Y,nivas,Y,,SPEAK,2026-08-28T18:18:28.107646+00:00
ubuntu:train:2007-09-07:60:0:92140,train,07-09-2007,other,silent_open3,SILENT,"last line answers a previous query, not an open request",open question in last 3,Mexel,FALSE,FALSE,,"Mexel: winbound, yes.","UrbenLegend: vedisq: download embedded only downloads the flash app, not the video itself, it can however dl embedded quicktime movies
winbond: Mexel: what, something must be messed up with your install
angelic_venus: Hello all =). Does anyone know if the postfix package (2.3.8-2) on 7.0.4 is supposed to provide library file '/usr/lib/postfix/dict_sdbm.so'?
Mexel: winbound, lovely ...
Mexel: winbound, i installed the ""normal"" way?
vedisq: urbenlegend: thanx
bannerman: stefg: there aren't actually many options enabled in ssh_config
bannerman: stefg: Host *, SendEnv LANG LC_*, HashKnownHosts yes, GSSAPIAuthentication Yes, GSAPIDelegateCredentials no
slavik: Mexel: open synaptic and enabled all the repositories
winbond: Mexel: u ran it as sudo, and entered the passwords, right?
Mexel: Well i have the Ubuntu 7.06 generic CD thinger.
Mexel: winbound, yes.",TRUE,,SPEAK,grok_judge_draft,Yes to winbond; install thread already owned.,N,nivas,Y,,SILENT,2026-08-28T18:18:51.525074+00:00
ubuntu:train:2007-10-24:61:0:94299,train,24-10-2007,question,speak_open_q,SPEAK,unanswered question about UPnP server and Japanese characters,question + no clear addressee,arcticblue,TRUE,FALSE,,"arcticblue: I turned on my PS3 today and to my surprise, my MythTV box showed up on it.  Well, recorded TV and stuff works, but I live in Japan so everything recorded is saved with a Japanese filename.  This causes the UPnP server some confusion and it sends garbled text to my PS3.  Anyway to get the UPnP server to send the Japanese characters?  (configuring utf-8 support maybe?)","fairway_: found it
noelferreira: yes tuntun sure
Pici: !sudo | Lion31
ubotu: Lion31: sudo is a command to run programs with superuser privileges (""root""). Look at https://help.ubuntu.com/community/RootSudo for all information.
simplyubuntu: bmt2, obviously. cdroms are :)
bmt2: simplyubuntu: what is the filesystem type ?
jean-claude: il  tumonde qui parle francais
vonderer: Alp`, you mean make it 444?
jrib: !fr | jean-claude
ubotu: jean-claude: Allez a #ubuntu-fr ou #kubuntu-fr pour de l'aide et de la discussion en francais.
Pici: !fr | jean-claude
arcticblue: I turned on my PS3 today and to my surprise, my MythTV box showed up on it.  Well, recorded TV and stuff works, but I live in Japan so everything recorded is saved with a Japanese filename.  This causes the UPnP server some confusion and it sends garbled text to my PS3.  Anyway to get the UPnP server to send the Japanese characters?  (configuring utf-8 support maybe?)",TRUE,,SPEAK,grok_judge_draft,Unanswered MythTV UPnP Japanese filenames to PS3.,Y,nivas,Y,,SPEAK,2026-08-28T18:19:28.607120+00:00
ubuntu:train:2007-12-17:62:0:95654,train,17-12-2007,other,silent_open3,SILENT,"last line introduces new topic, not addressing previous issue",open question in last 3,Ganjistus,FALSE,FALSE,,Ganjistus: i install Sidbuntu,"Highlife: no
amitprakash: Highlife, remove ~/.ssh/known_hosts
Highlife: well yes
sethk: tony_math, he might be able to get away with deleting only   ~/.ssh/known_hosts.  If that doesn't work, he can always delete the rest.
Highlife: and it worked
tony_math: That's true sethk.
Xacarith: Already tried copying the home folder over...
remote_matrix: sethk take ur time lemmie know when ur done
gaurdro: each operating system will generate it's own set of keys so change in operating system=keys change error
Highlife: amitprakash and tony_math remove these from the computer im trying to connect to
Highlife: or the one im using to connect?
Ganjistus: i install Sidbuntu",TRUE,,SILENT,grok_judge_draft,"Status I installed Sidbuntu, no help ask.",Y,nivas,Y,,SILENT,2026-08-28T18:19:58.188780+00:00
ubuntu:train:2008-01-02:63:0:97926,train,02-01-2008,other,silent_other,SILENT,Last line is part of ongoing troubleshooting between bob__ and ikonia.,other,bob__,FALSE,FALSE,,bob__: direct connect,"newbie: hello, I would like to know if there is a live distribution designed specifically to scan for viruses a system?
bob__: yep.. really odd.. I cannot 192.168.0,1 into it either.
Seveas: Nrbelex2, best idea is to hook up a wired conenction temporarily to install it
Yv: Nrbelex2, you have to download it
ikonia: bob__: are you sure the router is using address range of 192 ?
bob__: other computers can get through just not this new one
ikonia: bob__: do you  get a dhcp address from it when you plug it in ?
glb10: pike_i ve already done it
Nrbelex2: Seveas, Yv, argh, I'll try, thanks
zenobius: olaff: the score is, you jigg on down to the groove master max at help.ubuntu.com/community and do a search for ntfs3g or fat32
ikonia: bob__: are you using cable or wirless
bob__: direct connect",TRUE,,SILENT,grok_judge_draft,Answering ikonia: connection is direct cable.,Y,nivas,Y,,SILENT,2026-08-28T18:20:24.530441+00:00
ubuntu:train:2008-02-14:66:0:101920,train,14-02-2008,other,speak_open3,SPEAK,automated FTP process guidance needed,open question in last 3,soulc,FALSE,FALSE,,soulc: I want to have this automated where a process takes the screen shot then ftp it to the server and yes the server will run ftpd,"prince_jammys: mar77i the path after the first two characters #!(referrer to as a she-bang) tell your comp where to find the interpreter for what follows .. in the case of a shell script, its /bin/bash
Max_: hello
soulc: how do I ftp a screen shot of my desktop to my webserver on another pc?
ikonia: soulc: is the other pc running an ftp daemon ?
tinman: soulc: if you have a shell, scp
ClarkDB9: Hello every body
HEP85: smacky_: what about avidemux?
VOYAGER: drop it in a shared folder
ClarkDB9: I m new and happy to have UBUNTU
prince_jammys: soulc what step is the problem? the screen shot or the ftp?
Indiadev_Techie: ClarkDB9: Hi
soulc: I want to have this automated where a process takes the screen shot then ftp it to the server and yes the server will run ftpd",TRUE,,SILENT,grok_judge_draft,Clarifying to helpers already on the screenshot-FTP thread.,N,nivas,Y,,SILENT,2026-08-28T18:20:51.236582+00:00
ubuntu:train:2008-03-01:67:0:103542,train,01-03-2008,addressed_not_question,speak_addressed,SPEAK,last line needs help setting LVM type,addressed to human,soreau,FALSE,FALSE,Flannel,"soreau: Flannel: Selected 'primary', now I do not see where to set the type 'LVM'","Alan_M: the flash fix was put in the repositories i thought zyferian
soreau: (two other drives)
Flannel: soreau: create them, make them LVM type
hellppmme: yoh
Zyferian: alan_m not sure, I'm having issues with it
soreau: Flannel: I will attempt
Cromag: Zyferian: its buggy ? i havent checked.
Alan_M: i fresh insttalled ubuntu..and enabled the restricted extras and havent had problems ;)
SimplySeth: apt and aptitude are not finding my variables
SimplySeth: my libraries*
hellppmme: can anyone see my message?
soreau: Flannel: Selected 'primary', now I do not see where to set the type 'LVM'",TRUE,,SPEAK,grok_judge_draft,Follow-up to Flannel about LVM partition type.,Y,nivas,Y,,SILENT,2026-08-28T18:21:33.223082+00:00
ubuntu:train:2008-03-01:67:0:103747,train,01-03-2008,addressed_not_question,speak_addressed,SPEAK,"reZo's issue unresolved, regeya's response insufficient",addressed to human,reZo,FALSE,FALSE,regeya,"reZo: regeya: yeah, it hangs there, nothing after that line apart from the pointer blinking.","googlingtingwana: soreau, thank goodness for TAB, right?
reZo: hello, my ubuntu system is hanging at fsck, how can i resolve this: http://rafb.net/p/8Cjz6I95.html
soreau: Flannel: I pressed one wring button, now I am here at the Finish option
SimplySeth: what in the world does apt need to find its own libraries ?
soreau: wrong*
soreau: googlingtingwana: Yes :D
Flannel: soreau: go back?
uno: ok i am downloading 7.04 ill see if that works thx
regeya: reZo: nothing after that line?  um...I don't know...looks like all is well
Flannel: soreau: You should be able to go back and just re-configure LVM.  The VG should be there still I believe (although it may not be), but the PVs will be there.
soreau: Flannel: I will select 'Finish' now as my group name is VG0
reZo: regeya: yeah, it hangs there, nothing after that line apart from the pointer blinking.",TRUE,,SPEAK,grok_judge_draft,Follow-up to regeya on the fsck hang.,Y,nivas,Y,,SILENT,2026-08-28T18:21:51.748748+00:00
ubuntu:train:2008-03-01:67:0:103799,train,01-03-2008,question,silent_open_q,SILENT,Last line is a question already being handled.,question + no clear addressee,pyrak,TRUE,FALSE,,pyrak: 's from command line?,"soreau: Flannel: I hope it has not frozen up on me :(
reZo: looks like im' going to have to turn fsck checks up higher, or off, it's hanging for no reason, the file system is alright :S :(
nickrud: yao_ziyuan: yes, that's what I was answering
mneptok: vrkhans: let's insert the ""you're hosed if it's DRMed"" bit now
dede: padang
regeya: googlingtingwana: actually I noticed it's not working so I'm asking in #kubuntu for help with konversation
soreau: Who the hell controls the FloodBots and what do they do?
Bossmanbeta: DRM went the way of betamax, HD-DVD and the dodo-bird
jscinoz: is it just me or is soundconverter really slow at reading tags.
pyrak: enable universe repo
reZo: would having 0 space left on a hard drive, make fsck hang?
pyrak: 's from command line?",TRUE,,SPEAK,grok_judge_draft,Unanswered how to enable universe from CLI.,N,nivas,Y,,SPEAK,2026-08-28T18:22:29.397837+00:00
ubuntu:train:2008-04-27:69:0:106122,train,27-04-2008,other,silent_open3,SILENT,"last line introduces new issue, not directly needing a hint",open question in last 3,mdkitzman,FALSE,FALSE,,"mdkitzman: Hi, anyone having problems with fglrx drivers in ubuntu 8.04","ffm: towlie, I think it is installed. It is on my machine, and I didn't put it there.
TrekCycling: it has to do with Bridging the Verizon Fios router to your own router. It's pretty specific.
maco: Pelo: still plain black with white text
miturburu_: hi all
mouseclone: simtower:  If you have drive space, use gparted to shrink your current partition down some.  Then cp -R your /home/username /mnt/new_partition
miturburu_: anyone knows a good time tracker / timesheet app for gnome?
maco: elmer: turn off compiz.  wesnoth does that when compiz is on too
simtower: i cant mouseclone because it was encrypted
simtower: that was a big mistake, what a pain
mouseclone: oh
elmer: maco, how would I go about doing that?
mdkitzman: Hi, anyone having problems with fglrx drivers in ubuntu 8.04",TRUE,,SPEAK,grok_judge_draft,Unanswered Hardy fglrx problems.,N,nivas,Y,,SPEAK,2026-08-28T18:22:57.604758+00:00
ubuntu:train:2008-04-27:69:0:106377,train,27-04-2008,other,silent_open3,SILENT,ubotu already suggested pastebin,open question in last 3,dthacker-work,FALSE,FALSE,,dthacker-work: !pastebin | mouseclone,"Pelo: ok I'm off to bed , g'night folks
stanrick: sory, not a repost, there was a typo- can someone help me get 1366x768 resolution with the restricted nvidia drivers? it get skipped in the drop down menu
pavs: pelo thanks
dthacker-work: Gman99999: does it do that for any sudo command?
mouseclone: sudoers file contents:
mouseclone: # User privilege specification
mouseclone: root	ALL=(ALL) ALL
mouseclone: # Members of the admin group may gain root privileges
mouseclone: %admin ALL=(ALL) ALL
FloodBot2: mouseclone: Please don't flood, use http://paste.ubuntu-nl.org to paste, don't use Enter as punctuation.
pavs: I just installed ubuntu with wubi, during installtion I chose to give it 10gb of space, now that I am happy how its working isi t possible to increase the size?
dthacker-work: !pastebin | mouseclone",TRUE,,SPEAK,grok_judge_draft,Helper directing mouseclone to pastebin.,N,nivas,Y,,SILENT,2026-08-28T18:23:18.138929+00:00
ubuntu:train:2008-04-27:69:0:106630,train,27-04-2008,other,silent_other,SILENT,"Question acknowledged, no need for additional intervention",other,MrGnu,FALSE,FALSE,,"MrGnu: Yeah, its just Amarok maco","InfernoX222: B-166-ER-X: yah i just upgraded but cant go about 800x600 in either program for my rez
Tweaker: I love Dopewars :)
MrGnu: But this seems to be a hardy issue
brunner: nickrud: I just figured that out
brunner: thanks
MrGnu: any help?
HAX_TEH_GIBS0N: Hey guys
maco: MrGnu: *just* amarok?
Tweaker: Anyways, why does Pidgin freeze when I stream videos?
maco: !hi | HAX_TEH_GIBS0N
ubotu: HAX_TEH_GIBS0N: Hi! Welcome to #ubuntu!
MrGnu: Yeah, its just Amarok maco",TRUE,,SILENT,grok_judge_draft,Answering maco that only Amarok is broken.,Y,nivas,Y,,SILENT,2026-08-28T18:23:57.547443+00:00
ubuntu:train:2008-04-27:69:0:107410,train,27-04-2008,question,speak_open_q,SPEAK,unanswered res problem question,question + no clear addressee,media64,TRUE,FALSE,,media64: can anyone help my res problem? i tried installing the restricted driver but it only made my problem worse,"ubotu: Jarryd: Please watch your language and topic to help keep this channel family friendly.
Arelis: ceil420: I am not a fan of the OS. I don't even like it. It does all kinds of weird things on my dad's laptop, and then he asks me. But i kind of like the look
maco: alien: oh in the settings manager you need to enable cube
brent113: maco: yes I understand that.  Unfortunately several themes I like are only made for emerald.  If there is a way of converting it to a different one I'd do that, but I have not yet found a way
alien: maco: cube i mean
Arelis: maco: GTK theme, usplash, everything
alien: maco: i dide that and reloaded
mouseclone: B166erz: vol_id /dev/sda1 will only like sda1 not all volumes
alien: maco: still nothing
nickrud: Myrtti you can still put it in xorg.conf I think.
maco: alien: did you enable cube rotate?
media64: can anyone help my res problem? i tried installing the restricted driver but it only made my problem worse",TRUE,,SPEAK,grok_judge_draft,Resolution worse after restricted driver; unanswered.,Y,nivas,Y,,SPEAK,2026-08-28T18:24:19.736512+00:00
ubuntu:train:2008-04-30:70:0:107552,train,30-04-2008,other,speak_open3,SPEAK,unanswered request about audio sharing issue,open question in last 3,anachronoks,FALSE,FALSE,,"anachronoks: the problem that i have is totem and firefox don't seem to want to share audio. it works in both separately, but not at the same time","cesar_bo: Mathman: ... could be the pulseaudio ?
paijo13: hi all. is there any hardy iso that contain only the base system?
AngieBTSea: Okay Mathman, I will keep fishing :) sound is being disagreeable
Fezzler: Deepthought: Learn something new!
nomasteryoda: cesar_bo, i've seen before with flash and firefox... there is a fix
timandtom: legend2440: Thanks!
Mathman: cesar_bo: I dunno.  seems like f8 had pulse audio.  flash worked on there for me.
Judeglass: is there a common reason why when editing in vi my arrow keys insert characters instead of moving the cursor?
Deepthought: Fezzler: to get desktop things again install 'advanced desktop settings' (synaptic), and switch' mo on in there
Fezzler: Deepthought: I did.
timandtom: Fezzler: :D Ubuntu has cube desktop stuffs? Whats it called? My brother saw a screenshot of vista doing it the other day, wants to try it.
anachronoks: the problem that i have is totem and firefox don't seem to want to share audio. it works in both separately, but not at the same time",TRUE,,SPEAK,grok_judge_draft,Totem and Firefox cannot share audio; unanswered.,Y,nivas,Y,,SPEAK,2026-08-28T18:24:59.221233+00:00
ubuntu:train:2008-06-03:72:0:111745,train,03-06-2008,question,silent_open_q,SILENT,"last line addressed to JbCrash, thread owned",question + no clear addressee,koshari,TRUE,FALSE,,"koshari: JbCrash isnt it in the repositorys? avant seems to have more support these days,","fredmv: Light-:  Well, the My Book is ext3 now.      Interestingly, the device is now under `/media/disk' and appears to only accept data if the user is root.     Any way to change that?
dlozarie: fellas, are there any programs you would recommend to install on Ubuntu 8.04?
icqnumber: The Filesystem item in Places menu has gone without any reason, but it is still displayed in Nautilus (places), how comes and howto fix that?
Light-: fredmv ""sudo chmod 777 /media/disk"" then ""sudo chown <your username> /media/disk""
koshari: fredmv mount it manually from the fstab file
Light-: or do what koshari said
koshari: dlozarie what do you want to do? media, music?
dlozarie: koshari, I'm not looking for anything in particular. Just looking to further enhance my already-five star Linux experience. :)
JbCrash: anyone here using kiba dock? how i can install it?
koshari: dlozarie bit hard to recommend packages if one doesnt know what you want to use it for
dlozarie: koshari, I guess you're right. I'm just going to look around in the Add/Remove applications area. :)
koshari: JbCrash isnt it in the repositorys? avant seems to have more support these days,",TRUE,,SPEAK,grok_judge_draft,Helper suggesting AWN repos to JbCrash.,N,nivas,Y,,SILENT,2026-08-28T18:25:09.958530+00:00
ubuntu:train:2008-07-03:73:0:112820,train,03-07-2008,other,speak_open3,SPEAK,last line is an open question about using gparted over ssh,open question in last 3,SliMM,FALSE,FALSE,,"SliMM: for example, how can I use... gparted to manage partitions on another computer","unop: lorenzo_, nice
SliMM: oh, here's another question regarding ssh, how can I run programs on my computer using input from ssh?
karname: Fryguy-- : is there another program ?
unop: lorenzo_, sorry that was ntfsprogs not ntfs-tools
lorenzo_: unop, can i do that for the other partition on which xp is installed, as well? or do i risk any data loss?
European-African: hey, can you install ubuntu completely in LVM, including swap? Also it is better to leave some important partitions out like boot/swap?
neels: karname,  http://ardour.org/
Fryguy--: karname: i'm sure there is, i'm not an encyclopedia of available linux packages, search apt or google
telexicon: meme03847, the little search dog
meme03847: PeterFA, no, the other way, i mean the linux find command, not the windows find command
Fryguy--: SliMM: elaborate?
SliMM: for example, how can I use... gparted to manage partitions on another computer",TRUE,,SILENT,grok_judge_draft,Elaborating to Fryguy who already asked for detail.,N,nivas,Y,,SILENT,2026-08-28T18:25:32.570195+00:00
ubuntu:train:2008-07-03:73:0:113435,train,03-07-2008,other,silent_open3,SILENT,"Last line is a confirmation, not a question.",open question in last 3,lenix_,FALSE,FALSE,,"lenix_: ok Fryguy-- , i added auto eth1 to that file","rizkhan: well .. m running 2 Open dynamic engine apps ..  n the other cpu is idle .. so want to use that
Terabyte: hey, on ssh, how can i search for a file (say i know its called home.php)
EagleScreen: if i compile and install a new gspca driver will it replace the default gspca in Ubuntu??
Fryguy--: lenix_: you'll have to add eth1 to that list, should just be able to do auto eth1
supertanker: How can I put ubuntu on my flash drive?
bazhang: !usb
ubottu: For information about installing Ubuntu from USB flash drives, see https://help.ubuntu.com/community/Installation/FromUSBStick - For a persistent live USB install, see: https://wiki.ubuntu.com/LiveUsbPendrivePersistent
supertanker: Do I have to restart my computer and run through the installer, or can I just put the live image on it somehow?
Fryguy--: supertanker: http://www.google.com/search?q=how+can+i+put+ubuntu+on+my+flash+drive&ie=utf-8&oe=utf-8&aq=t&rls=org.mozilla:en-US:official&client=firefox-a
protractor: Fryguy: when it will released?
lukuspukus: matthew__, system - preferences - preferred applications
lenix_: ok Fryguy-- , i added auto eth1 to that file",TRUE,,SILENT,grok_judge_draft,Reporting to Fryguy that auto eth1 was added.,Y,nivas,Y,,SILENT,2026-08-28T18:25:51.448293+00:00
ubuntu:train:2008-10-02:74:0:114326,train,02-10-2008,question,silent_open_q,SILENT,"last line introduces new issue, not unanswered request",question + no clear addressee,subone,TRUE,FALSE,,subone: is there something i should run before gnome-panel? because i tried to run it and it didnt... it just sat there... i got metacity running,"tritium: Anon9050: overwriting files under package-management is one.  That's the purpose of providing the /usr/local/ directory structure.
tritium: nownot: logs under /var/log/
Anon9050: tritium explain further please
nownot: tritium: which one theres like 50
bullgard4: tritium: I have 2 Ubuntu 8.04.1 laptop computers in a LAN using network-manager and fixed addresses behind an ADSL router.
schnoods: anyone know if there is a GTK equivelant of Krita ? which isnt GIMP :P
generic: also does know if you can veiw a chm in the term? I tried the more file.chm thing but the encoding went crazy
danbh_intrepid: generic: I think there is a wine program for that
tritium: bullgard4: if you're using fixed addresses, network-manager will ignore them
generic: no i can veiw chms in the gui with xchm i meant in the shell
tritium: bullgard4: note from /usr/share/doc/network-manager/README.Debian that ""Only devices that are *not* listed in /etc/network/interfaces are managed by NM.
subone: is there something i should run before gnome-panel? because i tried to run it and it didnt... it just sat there... i got metacity running",TRUE,,SPEAK,grok_judge_draft,gnome-panel hangs after metacity; unanswered.,N,nivas,Y,,SPEAK,2026-08-28T18:26:10.198170+00:00
ubuntu:train:2008-10-02:74:0:115172,train,02-10-2008,question,silent_open_q,SILENT,multiple unrelated questions; last line owned by a human,question + no clear addressee,maco,TRUE,FALSE,,maco: im trying to use ubuntu-vm-builder in hardy to create an intrepid vm. it doesn't like that. anyone know how to make u-v-b aware of intrepid?,"_coredump_: moinsen
beli: luminerd: back...http://www.sysresccd.org/Main_Page
beli: luminerd: Partimage is what i used once....
luminerd: I was just looking at Partimage
ameenoz: i dont know how to get a sceme :(
zplash: sceme?
ameenoz: theme
ameenoz: yea
zplash: www.gnomelook.org
beli: luminerd: you need to save your partitionizing data using fdisk/cfdisk to a file...then reproduce the partition on the new system...and then copy over the data...thats all...Partimage splits files into 2GB parts to take care of filesystem limitations...
LonelyRacer: guys i need help to connecting to wpa wireless, i cant connect at all
maco: im trying to use ubuntu-vm-builder in hardy to create an intrepid vm. it doesn't like that. anyone know how to make u-v-b aware of intrepid?",TRUE,,SPEAK,grok_judge_draft,ubuntu-vm-builder Hardy cannot build Intrepid VM.,N,nivas,Y,,SPEAK,2026-08-28T18:26:31.851733+00:00
ubuntu:train:2009-01-05:75:0:116124,train,05-01-2009,other,speak_open3,SPEAK,Lars is seeking help for twinview setup,open question in last 3,Lars,FALSE,FALSE,,"Lars: Help, HELP - trying to get two monitors to work in twinview...one is a DFP, the other a CRT. The CRT works fine, DFP comes up black and not detecting...help!","puff: rww: Tip:  if you ever have to clean up the results of such, kdiff-3 is invaluable.  Also incredibly handy for when you drift off source control and are trying to merge changes back in.
wj32: how do I disable middle-click pasting?
puff: rww: However, kdiff-3 can easily bog down on some common use cases.  For example, when I was using kdiff3 to merge a couple different backups of my user directory, I found it *much* easier after I first a) cleaned up mozilla and beagle .files, b) moved four or five jdk hierarhies out of all versions of my user directory .
johny: I'm on ATI radeon 9700 card, can't use fglrx with Intrepid, therefore, I got back to the ""ati open-source"" driver, but my xorg.cong isn't still configured, which is weird. Can anyone of you have a look http://paste2.org/p/124870
rww: johny, Intrepid's version of Xorg does extensive autodetection, so many users have the default xorg.conf file. I have an ATI card too, and when I used to use radeon, the file looked like that.
Don_Miguel: raylu, did you see my last ? [06:31] <Don_Miguel> raylu, http://paste.ubuntu.com/100214/
johny: rww: Thanks, it's good to know. I was thinking about adding ""radeon"" line to it. Do you experience problems with CPu use going higher when scrolling any pages, even with dillo?
Lars: Help, HELP - trying to get two monitors to work in twinview...one is a DFP, the other a CRT. The CRT works fine, DFP comes up black and not detecting...help!
rww: johny, the Xorg process's CPU usage tends to spike when I scroll or move windows around or do anything... it's only momentary, though, so I never really bothered with it.
rww: johny, adding the radeon line won't hurt, but it won't change anything either.
johny: rww: Say what, I just typed ""glxgears"", and it eats the whole 100% of my CPU, is it usual behavior?
Lars: Help, HELP - trying to get two monitors to work in twinview...one is a DFP, the other a CRT. The CRT works fine, DFP comes up black and not detecting...help!",TRUE,,SPEAK,grok_judge_draft,TwinView DFP black; unanswered dual-monitor ask.,Y,nivas,Y,,SPEAK,2026-08-28T18:27:21.303579+00:00
ubuntu:train:2009-03-25:76:0:116932,train,25-03-2009,question,speak_addressed,SPEAK,Unanswered question about video playback issues,addressed to human,cast,TRUE,FALSE,ScrowMABTW,"cast: ScrowMABTW: whereas, when you copy the videos over they play fine?","DasEi: Ranakah: is your soundcard shown correctly in alsamixergui ?
adda:  .  /:)
ScrowMABTW: Hello all
IceyBlack: xx.pps not recovered yet
cast: ahh, .xlsx!
n2diy: cast, what created it?
adda: IceyBlack prv me
IceyBlack: and after i press recover open pps again and after one second is crushing again
adda: plz
ScrowMABTW: I loaded file sharing on my Ubuntu box, and I can connect from my windows laptop, but when I play video files on the windows box, I only get audio! What's wrong?
cast: n2diy: office 2k7 i believe
cast: ScrowMABTW: whereas, when you copy the videos over they play fine?",TRUE,,SILENT,grok_judge_draft,Helper diagnosing ScrowMABTW samba video playback.,N,nivas,Y,,SILENT,2026-08-28T18:27:48.355174+00:00
ubuntu:train:2009-03-25:76:0:117029,train,25-03-2009,other,silent_open3,SILENT,"Last line provides information, no open question.",open question in last 3,thelinuxN00b,FALSE,FALSE,,thelinuxN00b: the laptop hdd is fat 32,"thelinuxN00b: hold that thought i think i may have got root
DasE1: Ranakah:do you have sliders for the other channels but the main stereo ones ?
DasE1: do ?
Ranakah: default not
Ranakah: DasE1 not default..only if i turn it on
Riya: how can i install libstdc++6-4.3
thelinuxN00b: still wont let me copy. in terminal it has at start root@myusername-laptop:-#
cast: is it an NTFS drive thelinuxN00b?
thelinuxN00b: the external is yes
cast: i've noticed, with that particular crapware of a fs, that if it's in an unclean state some linux ntfs rw projects will refuse to mount it rw
Kimi: my frnd tells that Star office is owned by sun microsys.... then what about open office ?? are both the same or what ??????
thelinuxN00b: the laptop hdd is fat 32",TRUE,,SILENT,grok_judge_draft,Answering cast: laptop disk is FAT32.,Y,nivas,Y,,SILENT,2026-08-28T18:28:07.215159+00:00
ubuntu:train:2009-03-25:76:0:117355,train,25-03-2009,other,speak_open3,SPEAK,"pfui needs help with installer issue,无人处理",open question in last 3,pfui,FALSE,FALSE,,"pfui: only acpi, floppy and vga options","hummahumma: remoteCTRL1:ok
bullgard4: AlsaMixer outputs in the upper left: ""Card: Intel 82801DB-ICH4"". Somewhere I read: Card - 'Name of the AC-Link Controller'. What is meant by 'AC-Link'?
remoteCTRL1: pfui: try starting the cd by removing the --quiet and --splash options from the kernel options, when it gets stuck during startup press ctrl+c
pfui: I've hit ctrl+c repeatedly but to no avail
pfui: would the absence of --quiet and --splash make a difference?
remoteCTRL1: pfui: makes the difference that you see exactly where it gets stuck
pfui: the installer halts at a devd event 4172 ""modprobe quit unexpectedly"" or some such
remoteCTRL1: pfui: i dunno if there is a no bluetooth option for the kernel, see through the options with err... F6 i believe it is
pfui: nope, there isn't :\
remoteCTRL1: hummahumma: working now?
zeroGravity: hey anybody knows a good game channel here?
pfui: only acpi, floppy and vga options",TRUE,,SILENT,grok_judge_draft,Reporting kernel options to remoteCTRL1 who is helping.,N,nivas,Y,,SILENT,2026-08-28T18:28:26.455307+00:00
ubuntu:train:2009-03-25:76:0:117611,train,25-03-2009,addressed_not_question,fail,,,addressed to human,,,FALSE,,"ziroday: brucelee: sorry, thought it was a wireless card, yes that is it","FloodBot2: brucelee: Please don't flood, use http://paste.ubuntu.com to paste, don't use Enter as punctuation.
brucelee: i have it pasted onn http://codepad.org/obxvgFSg
ziroday: brucelee: its PCI right?
brucelee: yeah
brucelee: its PCI
brucelee: and its Dlink
brucelee: looking through my paste, i see something that says D-Link
ziroday: brucelee: are you certain its plugged in correctly? Cause its not appearing in lscpi
brucelee: line 57, could that be it?
brucelee: its plugged in correctly because when i boot into windows with the same system, the network card works
brucelee: pci wireless g
ziroday: brucelee: sorry, thought it was a wireless card, yes that is it",FALSE,not a JSON object: Extra data: line 3 column 1 (char 84),SILENT,grok_judge_draft,Helper correcting brucelee: the PCI card is the wireless.,,nivas,Y,,SILENT,2026-08-28T18:28:54.166430+00:00
ubuntu:train:2009-05-04:77:0:118660,train,04-05-2009,question,silent_open_q,SILENT,"last line is a new, unrelated question",question + no clear addressee,AdiePutera,TRUE,FALSE,,AdiePutera: can i make cpanel on ubuntu 8.04 using console ?,"Soda2: I don't understand this linux crap at all. this must be how idiots feel when they sit at a computer. I have no idea what I'm doing or how I'm supposed to do it
mac94161: xcdfgkjhgcv: Well, I saw a 10% issue, but no one had an answer.
marksman: muellisoft: awesome will look into that thanks!
muellisoft: Roasted: id3v2 is quite old so everything knows how to deal with it. So go with it :)
genii: Soda2: Everyone was new at it once. Have heart
Dr_Willis: Soda2:  'crawl, walk, run' :)
Roasted: muellisoft - Ive been deleting v2 though... and keeping v1.... ha??
xcdfgkjhgcv: mac94161: I'm using an Intel Atom CPU but I don't think Rhythmbox should be using as much as 20% of it.
dillard: hello
muellisoft: marksman: but I highly suspect that you can make firefox make connectinos from a specified device ;-) But if you have luck, tell me :)
gluonman: Dr_Willis, I have 4 users. All users have full permissions. I switched from one user to the other one, and the one I switched into restored system settings defaults and can't seem to keep any changes since.
AdiePutera: can i make cpanel on ubuntu 8.04 using console ?",TRUE,,SPEAK,grok_judge_draft,Unanswered whether cPanel can be set up from console.,N,nivas,Y,,SPEAK,2026-08-28T18:29:12.630963+00:00
ubuntu:train:2009-05-08:78:0:119443,train,08-05-2009,other,speak_open3,SPEAK,Ryanman's hardware issue needs a technical hint,open question in last 3,Ryanman,FALSE,FALSE,,Ryanman: oh man,"lstarnes: mib_uasgme4u: you have one (mib_uasgme4u)
tonsofpcs: lumiera is looking quite promising but it isn't anywhere near usable for playing around yet
lstarnes: mib_uasgme4u: you can change your nick using /nick new-nickname. for example, /nick foobar
fryguy: Loganhoup: so then share with us some more information, like what sound card you have, what driver is being used, if you've tried any of the workarounds you've found, if there are any error messages, what happens when you try to playback using a cli client, what, if anything is in /var/log/* that hints at the issue, what version of ubuntu you are running
Strav: ketch1: it could help a little if you don't have any spaces of special chars in the network's name.
bullgard4: lstarnes: There are so many servers in the world and on my computer so that your answer is meaningless.
Ryanman: hey guys.... I just installed Jaunty Jackalope on an HP laptop. Had some dskchk errors in vista when I booted back up but now I'm getting some spinning sounds from my hard drive. Any hardware issues with 9.04 I should know about?
luddite: my fan on my laptop is always on full
lstarnes: bullgard4: specifically the dict server that it is configured to use
luddite: how can i make it idle sometimes?
fryguy: Loganhoup: ""my sound crashes, please help"" isn't going to get you a meaningful response. we need information before we can even attempt to ehlp you
Ryanman: oh man",TRUE,,SILENT,grok_judge_draft,"Oh man reaction, no actual support ask.",N,nivas,Y,,SILENT,2026-08-28T18:29:31.328326+00:00
ubuntu:train:2009-05-08:78:0:120174,train,08-05-2009,question,silent_open_q,SILENT,"last line is a new question, others are unresolved",question + no clear addressee,systm,TRUE,FALSE,,systm: How do i add a user to a group?,"n2diy: Elixir: how about customize panel?
Drikan: Gnea: well there is no option to set it to UDMA thow i wonder is this could be an issue.  i have the drive linux is on connected to an PATA to SATA adapter and the DVDRAM drive is connected to the PATA port on the MB. think that could be an issue?
kbp: glitsj16: I think i've found that window. So is the ""export"" of the profile is what I need?
glitsj16: ScottG: you're welcome, have it set up like that since 7.10, works just fine
Elixir: i figured it out, you have to right click the bottom right thing that shows the desktops, and click ""columns"" to 1
glitsj16: kbp: yes thats it
kbp: glitsj16: and lower is the ""backend"" that you were talking about
kbp: glitsj16: what should I do with it?
Amarok___: hey guys i am having a littel problem a couple of weeks back i installed ubuntu but as i was then having display problem i used the xforcevesa mode to boot into the live cd and it installed my system in xforcevesa mode now how do i get out of the xforcevesa mode the best resolution it gives me is 800x600 its a bit to chunky pls guys can some one help me
Gnea: Drikan: might be... and i didn't get a chance to tell you - for cd/dvdrom drives, it would be a PIO mode, not UDMA (for disks)
billybigrigger: what program can i use to burn an audio_ts and video_ts directory? its a dvd
systm: How do i add a user to a group?",TRUE,,SPEAK,grok_judge_draft,Unanswered how to add a user to a group.,N,nivas,Y,,SPEAK,2026-08-28T18:29:50.725059+00:00
ubuntu:train:2009-07-02:79:0:121827,train,02-07-2009,other,silent_open3,SILENT,"last line provides info, no clear request for help",open question in last 3,u_dparte,FALSE,FALSE,,"u_dparte: Slemming, indus : #deb http://ppa.launchpad.net/ubuntu-mozilla-daily/ppa/ubuntu jaunty main","u_dparte: i'm looking to see which one it came from
indus: is opera in the repos?
indus: like third party or something , is that called partner
Slemming: Btw: Why does firefox-3.5 as a package depend essentially on firefox-3.0?
lesshaste: I've remove the /var/cache/debconf directory by mistake, how can I restore it? It makes apt-get install unhappy
thyri: .wik ubuntu opera
AAAI: ""What programming tools does Ubuntu have?--71.185.140.19 (talk) 01:46, 11 June 2008 (UTC)"" - http://en.wikipedia.org/wiki/Wikipedia:Reference_desk/Archives/Computing/2008_June_11
thyri: .g ubuntu opera
AAAI: thyri: https://help.ubuntu.com/community/OperaBrowser
Slemming: lesshaste: Try sudo dpkg-reconfigure debconf
Thingymebob: ehsh: What don't you understand?
u_dparte: Slemming, indus : #deb http://ppa.launchpad.net/ubuntu-mozilla-daily/ppa/ubuntu jaunty main",TRUE,,SILENT,grok_judge_draft,Helper posting the Mozilla daily PPA line.,Y,nivas,Y,,SILENT,2026-08-28T18:30:09.583478+00:00
ubuntu:train:2009-11-13:80:0:122361,train,13-11-2009,other,speak_other,SPEAK,kartook needs guidance on enabling visual effects,other,kartook,FALSE,FALSE,,kartook: All drivers are done,"ActionParsnip: Kalessin: i'd ask in #compiz
katakbuta: Piet: thanks ;)
indus: lordganesh: so you have windows 7 and ubuntu? also xp?
ActionParsnip: Kalessin: compiz breaks stuff like that good
kartook: i am using ubuntu 9.04 64 bit
kartook: my wife love to see this effect
kartook: but now its not worknig
lordganesh: indus: no i replace windows 7 instead of xp
kartook: need to clean and reinstall
ActionParsnip: kartook: you need to install and configure video drivers to get the effects
indus: lordganesh: hmm so do you see windows 7 option in boot menu
kartook: All drivers are done",TRUE,,SPEAK,grok_judge_draft,Status to ActionParsnip that video drivers are done.,Y,nivas,Y,,SILENT,2026-08-29T02:42:07.492922+00:00
ubuntu:train:2009-12-05:81:0:124086,train,05-12-2009,other,silent_open3,SILENT,last line is addressing a specific user with instructions,open question in last 3,greezmunkey,FALSE,FALSE,,"greezmunkey: KaAttaKilla, once you paste, you will see a new url in the address bar, paste the url back here.","JustD: IdleOne, Aren't you the best :)
maco: KaAttaKilla: then do the pastebin on there, then retype the url (itll be short) here
JustD: IdleOne, Arigatou Goziamasu !! lol
IdleOne: JustD: heh far from the best. I don't even get on the list of best
khelvan: How can I check available disk space by partition in the terminal?
Carborane: All of the sudden ubuntu can't open my USB headset for playback
cn28h: khelvan, df -h
fotoflo: hi all. id like to install an ubuntu server in a vm
khelvan: cn28h - thanks
fotoflo: should i get the 64 bit version or the 32 bit version? (
maco: fotoflo: up to you
greezmunkey: KaAttaKilla, once you paste, you will see a new url in the address bar, paste the url back here.",TRUE,,SPEAK,grok_judge_draft,Helper walking KaAttaKilla through pastebin.,N,nivas,Y,,SILENT,2026-08-29T02:42:39.500261+00:00
ubuntu:train:2009-12-05:81:0:124414,train,05-12-2009,other,silent_other,SILENT,"last line expresses frustration, not a direct question",other,steven__,FALSE,FALSE,,"steven__: gonna start to cry, love ubuntu but if  i cant adjust my player on my hp or broadcast... then no go.... gonna have to reinstall xp...cry","greezmunkey: KaAttaKilla, what was the size you needed again?
KaAttaKilla: greezmunkey: or can i get u to login to this machine and help?
peepsalot: what app would you folks recommend for a remote dekstop connection between two linux boxes
KaAttaKilla: greezmunkey: i need 1280x768_60.00
Linux-CLI: I can't get S-Video to work on my Ubuntu 9.10 based Dell Inspiron 700m. Can someone please tell me how to get S-Video to work? (I'd be happy to switch to a different debian-based distribution to get this to work)
USUCK: Linux sucks Linux sucks Linux sucks Linux sucks Linux sucks Linux sucks Linux sucLinux sucks Linux sucks Linux sucks Linux sucks Linux sucks Linux sucks Linux suc
greezmunkey: KaAttaKilla, you probably want maco in there rather than me!
KaAttaKilla: either or... brother here, running quickly out of time to get this working
greezmunkey: KaAttaKilla, ok so generate the new modeline: cvt -r 1280 768
Takagami: nomnex: A terminal server client (i.e. VNC, RDP) are good for easy access within a large LAN or monitoring, I would use NX for a small setup for quick secure access outside the LAN.
ctmjr: mahngiel: copy the script in a text editor and save it with an .sh extention then go into the dir where you saved it and type sh ./filename.sh
steven__: gonna start to cry, love ubuntu but if  i cant adjust my player on my hp or broadcast... then no go.... gonna have to reinstall xp...cry",TRUE,,SPEAK,grok_judge_draft,Venting about HP player; no concrete question.,N,nivas,Y,,SILENT,2026-08-29T02:43:35.100761+00:00
ubuntu:train:2009-12-05:81:0:125086,train,05-12-2009,other,silent_other,SILENT,"Last line provides solution, no further action needed.",other,eddy,FALSE,FALSE,,eddy: then it will ist irc rooms. click a room & it will let u download xchat,"greezmunkey: MindVirus, check out ntop...
* Viking667 blinks. Still nothing relevant, even in gconf... funnily enough, there's a ""disable_move"" key, but no related schema.
strywgr: kuch yaar nazar nahin ata!
thevishy: svinoba: under Internet option I can see only Ubuntu One
Viking667: ... and I really don't want to have to delete .gconf just to get my desktop sane.
DaZ: strywgr: ke?
strywgr: daz :/
svinoba: thevishy: try it in search. I also installed from alternate cd.
strywgr: the nick seems to be familiar!
oldtopman: will ubuntu or xubuntu run on a 2.6ghz intel celeron w/256mb of ram
eddy: thevishy....at top of screen, click system>help.
eddy: then it will ist irc rooms. click a room & it will let u download xchat",TRUE,,SILENT,grok_judge_draft,Helper telling thevishy how to open IRC rooms.,Y,nivas,Y,,SILENT,2026-08-29T02:44:46.021627+00:00
ubuntu:train:2010-01-04:82:0:126714,train,04-01-2010,question,speak_open_q,SPEAK,unanswered question about root partition size,question + no clear addressee,lowki,TRUE,FALSE,,lowki: hey what's the minimum size the root partition can be?,"Halvor: Xepera: Neither
thiebaude: pc-bsd
patdk-wk: Dunkirk, extreemly unlikely
biznock09: Pici: thanks for your patience
Halvor: bitplane: No, cd /usr/ && find | grep flashplayer.so and cd /usr/ && find | grep flashplayer.so
Xepera: Halvor: Okay, SPARC?  What kind of system are you using?
eurythmia_: thiebaude, what about it?
thiebaude: its great
thiebaude: offtopic, sorry
Halvor: Xepera: I think it's a P4 pr P5
eurythmia_: thiebaude, I run freeBSD on one of my lappys :{D
lowki: hey what's the minimum size the root partition can be?",TRUE,,SPEAK,grok_judge_draft,Unanswered minimum size for the root partition.,Y,nivas,Y,,SPEAK,2026-08-29T02:45:17.117145+00:00
ubuntu:train:2010-02-13:83:0:127679,train,13-02-2010,addressed_not_question,silent_addressed,SILENT,"Last line is clarification, not an unanswered request.",addressed to human,sebsebseb,FALSE,FALSE,Flannel,sebsebseb: Flannel:  yeah seems I didn't put in the bit about 8.04 to 10.04 works hrm,"andrew__: Where the heck is the Evolution setting to only listen to subscribed folders
Flannel: andrew__: ATI, right?
sebsebseb: ax: 10.04 is next LTS which you can directly upgrade to when it's time, but it might not be so good in your case.
sebsebseb: privateabstract: I quite like 8.10 myself
andrew__: No?
Flannel: sebsebseb: No, you can't upgrade from 8.10 straight to 10.04
Flannel: andrew__: sorry
Flannel: ax: ATI, right?
ax: Flannel: yeah
ax: radeon
Sh3r1ff: Flannel: he has 8.04 for the moment
sebsebseb: Flannel:  yeah seems I didn't put in the bit about 8.04 to 10.04 works hrm",TRUE,,SILENT,grok_judge_draft,Correcting Flannel on 8.04-to-10.04 upgrade path.,Y,nivas,Y,,SILENT,2026-08-29T02:45:58.451172+00:00
ubuntu:train:2010-03-08:84:0:129612,train,08-03-2010,question,silent_addressed,SILENT,last line is a follow-up question already addressed within thread,addressed to human,mrdk,TRUE,FALSE,ASULutzy,"mrdk: ASULutzy: alright, but I can't boot my pc :/. How can I edit that file?","hiexpo: i didnt see it when i plugged it in
mouse: stargaze, that sure was.  I can tell from here demonspork is a real hotty.
ASULutzy: mrdk: http://pastebin.ubuntu.com/391159/ Here's a copy of my /etc/bash.bashrc, feel free to copy over yours with it
mrdk: alright, I still got an old suse cd, would that work?
prisko__: !ciao
Stargaze: koltroll, check https://wiki.ubuntu.com/LucidReleaseSchedule
Dr_Willis: koltroll:  ubuntu.com and about every ubuntu-related web site out there has news/articals on whats new
prisko__: !lista
ubottu: This is not a file sharing channel (or network); be sure to read the channel topic. If you're looking for information about me, type <unconvertable> /msg ubottu !bot <unconvertable>
h00k: !release | koltroll
ubottu: koltroll: Ubuntu releases a new version every 6 months. Each version is supported for 18 months to 5 years. More info at http://www.ubuntu.com/ubuntu/releases & http://wiki.ubuntu.com/TimeBasedReleases
mrdk: ASULutzy: alright, but I can't boot my pc :/. How can I edit that file?",TRUE,,SILENT,grok_judge_draft,Follow-up to ASULutzy who already sent bashrc.,Y,nivas,Y,,SILENT,2026-08-29T02:46:28.447184+00:00
ubuntu:train:2010-04-12:86:0:131323,train,12-04-2010,question,speak_open_q,SPEAK,Unanswered question about running terminal in Slitaz,question + no clear addressee,fabiobik,TRUE,FALSE,,fabiobik: anyone know?,"Zesturian: Try the xorg.conf.failsafe, you might find it clones it then
amos81: und3rgr0undz3r0: have you checked the webcam options in skype?
SuperMiguel: when you add a start up program using the startup aplications preferences is there a way to make it so the startup program will be ran as root?
und3rgr0undz3r0: asmos81 yes it doesnt show me any options for a cam
pdg1: Desagas, gnome? not fluxbox, kde, xfce, etc... ?
asgw: Zesturian: It was using whatever was default, I guess.
Desagas: pdgl Uhh, I have no idea to be honest, how do I tell?
asgw: Certainly it wasn't nvidia though.
sixofour: ok, using the generic kernal now...lets see what can i test this out on
hunahpu: SuperMiguel: not unless you log in as root
fabiobik: hello im using slitaz in startx how to run terminal?
fabiobik: anyone know?",TRUE,,SPEAK,grok_judge_draft,"Slitaz startx ask; wrong distro, default silent.",Y,nivas,Y,,SILENT,2026-08-29T02:46:55.963010+00:00
ubuntu:train:2010-04-12:86:0:131952,train,12-04-2010,other,speak_other,SPEAK,Unanswered request for help with Flash plugin issue,other,Syrinx,FALSE,FALSE,,Syrinx: no dice,"shazbotmcnasty: the 'if you want to see all available....""
shazbotmcnasty: I'm now confused
shazbotmcnasty: \(_o)/
mcurran: Has anyone figured out a way to run xwinwrap as desktop background (screensaver) w/out covering the desktop icons...?
LinuxGuy2009:  shazbotmcnasty: No its a full sentence. You just dont know what repositories are.
shazbotmcnasty: yeah pcmanfm2 isn't in there
_Tristan: shazbotmcnasty: I really should have read the second half of that sentence before trying it out.
shazbotmcnasty: LinuxGuy2009, oh yes I do
Syrinx: Hi all!  Not sure if this is the right place to ask this, but whenever I run Firefox in 9.10 I get a message telling me to install Flash.  When I click next, it says ""Plugin already installed.""  And youtube for example will not play videos.
Syrinx: I've uninstalled and reinstalled the flash plugin via Synaptic
_Tristan: Syrinx: I think pretty much everyone gets that.
Syrinx: no dice",TRUE,,SILENT,grok_judge_draft,Flash still broken after reinstall; no real fix yet.,N,nivas,Y,,SPEAK,2026-08-29T02:47:26.045453+00:00
ubuntu:train:2010-04-12:86:0:132135,train,12-04-2010,question,speak_open_q,SPEAK,last line is a technical question needing a hint,question + no clear addressee,januszeal,TRUE,FALSE,,"januszeal: netstat isn't showing the entire IP (it's showing ::ffff:202.83.102:50796, for example) how do I get it to display the entire host?","WebDawg: the problem is...this panel app is the one that had the logon/logoff shit.
MikeGuo: I want to learn from those document.
robertzaccour: how do i access chats for yahoo with empathy?
LinuxGuy2009: MikeGuo: R you speak Engrish?
burnsb: using: stty -F /dev/ttyACM0 38400 cs8 -parenb {and then} rx -c test.bmp < /dev/ttyACM0
Nitsuga: WebDawg, when it's missing the logout/off things are in System menu
WebDawg: Nitsuga I know this.
WebDawg: Nitsuga what is the applet called that IS that thing.
Nitsuga: WebDawg, i once had that problem, and solved it by killing gnome-panel and putting the applet again on its place
mc_: LinuxGuy no need to be an asshole
cambazz: hello. how do I sync my hardware clock
januszeal: netstat isn't showing the entire IP (it's showing ::ffff:202.83.102:50796, for example) how do I get it to display the entire host?",TRUE,,SPEAK,grok_judge_draft,Unanswered how to show full IPs in netstat.,Y,nivas,Y,,SPEAK,2026-08-29T02:47:57.457149+00:00
ubuntu:train:2010-06-21:88:0:134976,train,21-06-2010,other,speak_open3,SPEAK,last line expresses confusion about gparted recognizing partition,open question in last 3,Jeebs,FALSE,FALSE,,Jeebs: Although gparted bicks it up as unknown,"HermanDE_: jibbles, If you are running X in a terminal  (Yes, it is offically called a Graphic Terminal) ....  Any other terminal you are running is virtual through a real (X windows) terminal....
rww: HermanDE_: Please don't recommend users in here to add Debian repositories or use Debian repository packages. Mixing repositories is unsupported and causes packaging conflicts.
Emry: rww: does the notify-osd_ tell it to suppress that one? :P
jkalex05: I used wget to download it
jkalex05: now what do i do?
rww: Emry: it tells it to remove the package.
wildbat: Jeebs, sdc6 is ext4 already i think
Leemp: HermanDE_: Anyway, i give up for the night. I'll look into making my own packages. So far make/install has been the easiest route, go figure heh
HermanDE_: Leemp, That happens....  :)
jibbles: g'nite all!
Jeebs: wildbat: if it's ext4 already, shouldn't it still let me format it again?
Jeebs: Although gparted bicks it up as unknown",TRUE,,SILENT,grok_judge_draft,Follow-up to wildbat about gparted seeing unknown fs.,N,nivas,Y,,SILENT,2026-08-29T02:48:20.867417+00:00
ubuntu:train:2010-08-05:89:0:136685,train,05-08-2010,question,silent_open_q,SILENT,multiple unrelated questions; last line owned by a human,question + no clear addressee,AshyIsMe,TRUE,FALSE,,AshyIsMe: how do i enable the 64bit kernel in ubuntu 10?,"ronank: I'm trying to boot a Eee from Ubuntu Netbook Edition on a USB stick, so that I can fix the messed-up installation on the SSD in the device, but it halts at ""GRUB loading"" with Error 15. Can anyone help sort this out?
user9: join us
red: hey, whats a decent mp3 encoding app? gui preferred
Amber_: my sudo is all messed up
JamesWStubbs: I've left the room
Amber_: can anyone help me /
KrisWood: hmmm I seem unable to use any emerald themes even with the theme manager....
demoneye: how to increase the screen resolution on ubuntu 10.04? System > Preferences > Monitor > etc. It only has 800x600, I would like it to be more then 1000x.. Can anyone be kind to assist me with it?
JamesWStubbs: Hello, I'm doing an Ubuntu port to the iPhone, I'm having a problem with screen rotation using Fbdev and evtouch. Both will work fine in portrait, but for screen estate reasons I need it to be landscape before I can release my images. I've added Option ""Rotate"" ""CW"" to xorg.conf, which will rotate the screen when X starts but as soon as the screen is touched the X server closes. I've also tried adding Mode ""480x320"" to the Display section of xorg.conf bu
AshyIsMe: hi
Laggie: Hi, I have a question about the nano editor, I have a strange problem, the text is visibly placed wrong, when I edit a line it is actually the line above I am writing on, so there is some kind of error
AshyIsMe: how do i enable the 64bit kernel in ubuntu 10?",TRUE,,SPEAK,grok_judge_draft,Unanswered how to enable the 64-bit kernel.,N,nivas,Y,,SPEAK,2026-08-29T02:49:04.069906+00:00
ubuntu:train:2010-10-27:93:0:141702,train,27-10-2010,addressed_not_question,speak_addressed,SPEAK,Clarify using htop to find and kill process,addressed to human,gasull,FALSE,FALSE,Sean93,gasull: Sean93: I meant htop,"gasull: Sean93: pkill deluge
Aemaeth: normally if i hit the close button it will give me an option to ""Force Quit""
Sean93: gasull: that didn't kill it
Sean93: i killed it with kill -1 PID but now its a zombie -.-
Cmdr_W_T_Riker: kill its parent
noob42: Thanks Anyway, Unholy Terror
gasull: Sean93: top
s0dium: does anyone know if it is possible to change the text size in empathy?
gasull: Sean93: run top and kill it with it
Sean93: Cmdr_W_T_Riker: how do i find its parent?
Sean93: gasull: how do i kill with top?
gasull: Sean93: I meant htop",TRUE,,SILENT,grok_judge_draft,Helper telling Sean93 to use htop.,N,nivas,Y,,SILENT,2026-08-29T02:49:28.250112+00:00
ubuntu:train:2011-02-23:95:0:144859,train,23-02-2011,question,silent_open_q,SILENT,"Last line is chit-chat, not a technical question.",question + no clear addressee,witek,TRUE,FALSE,,witek: gawarisz pa ruski jazyk .?,"toresbe: the noun and adjectives are different things
witek: i am not a narkoman
blagorod: witek: thats good
Lint: request devoice
witek: blagorod you are drunk ..?
witek: :-)
toresbe: blagorod: Eto slovo ne sushchestvuet v angliiskom yazyke :)
takuan: anybody in here knows about fqdn and network-manager?
blagorod: llutz_: how can I check it?
llutz_: could someone please show witek the door?
llutz_: blagorod: use ""lsusb"" and watch output
witek: gawarisz pa ruski jazyk .?",TRUE,,SILENT,grok_judge_draft,"Off-topic Russian chatter, not Ubuntu support.",Y,nivas,Y,,SILENT,2026-08-29T02:50:00.621829+00:00
ubuntu:train:2011-02-23:95:0:145351,train,23-02-2011,other,speak_other,SPEAK,"Last line shares paste link, awaiting technical guidance",other,Bilz,FALSE,FALSE,,Bilz: there's my problem,"Neosano: Voita, so did I
Neosano: Voita, now I switched to it even on my powerful desktop
oliver_: Voita: u should be able to define the startup applications under     /home/yourusername/.config/autostart/
Bilz: hello
Neosano: Bilz, just ask
Bilz: i get an error when i run sudo apt-get update
Bilz: W: An error occurred during the signature verification. The repository is not updated and the previous index files will be used. GPG error: http://extras.ubuntu.com maverick Release: The following signatures were invalid: BADSIG 16126D3A3E5C1192 Ubuntu Extras Archive Automatic Signing Key <ftpmaster@ubuntu.com>
Bilz: and a couple of others
Bilz: where should i look for the problem
FloodBot1: Bilz: Please don't flood; use http://paste.ubuntu.com to paste; don't use Enter as punctuation.
Bilz: http://paste.ubuntu.com/571105/
Bilz: there's my problem",TRUE,,SPEAK,grok_judge_draft,Apt GPG BADSIG paste still unanswered.,Y,nivas,Y,,SPEAK,2026-08-29T02:50:54.702653+00:00
ubuntu:train:2011-04-14:97:0:147425,train,14-04-2011,question,speak_open_q,SPEAK,Unanswered question about quitting frozen app,question + no clear addressee,linuxthefish,TRUE,FALSE,,linuxthefish: anyone?,"Paddy_NI: Yes
Paddy_NI: but that is not precisely the same thing
ActionParsnip: Paddy_NI: I COPIED that from the first link...
Paddy_NI: read that page already mate
Paddy_NI: one of the first things I did
ActionParsnip: Paddy_NI: it tells you how to setup the system essentially as a wireless router
Hoptimist: Paddy_NI, You just want you comp to act as a wireless router? or?
Paddy_NI: I want my laptop which is connected to the internet via usb dongle to share its internet with my phone or whatever
Paddy_NI: Will my card even be able to do that
Paddy_NI: like reverse tethering
linuxthefish: Can someone tell me how to quit a frozen application on ubuntu server?
linuxthefish: anyone?",TRUE,,SPEAK,grok_judge_draft,Unanswered how to quit a frozen Ubuntu Server app.,Y,nivas,Y,,SPEAK,2026-08-29T02:51:24.244466+00:00
ubuntu:train:2011-04-14:97:0:147785,train,14-04-2011,question,speak_open_q,SPEAK,Unanswered question about CPU usage discrepancy,question + no clear addressee,scott__,TRUE,FALSE,,"scott__: Hey, my cpu is hovering around 75%-99%, yet system monitor is saying the most cpu I'm using is 20-40%.  Is anybody else having this problem?","Localhost666: someone..?
s33kr: hi all
phux: abstrakt: just put it on my list :)
abstrakt: *sigh*
maheanuu: gnosis are you still in the pm mode?
s33kr: any1 use irssi?
abstrakt: phux, do as you like, putting random pieces together means relatively little... learning to program is quite useful - you're better off reading The FreeBSD Handbook than doing LFS
acicula: matsur: oh i see what you mean, ehm, sec
abstrakt: phux, or, as I already said, learning C
matsur: acicula perhaps DNAT instead?
s33kr: hullo?
scott__: Hey, my cpu is hovering around 75%-99%, yet system monitor is saying the most cpu I'm using is 20-40%.  Is anybody else having this problem?",TRUE,,SPEAK,grok_judge_draft,CPU vs system-monitor mismatch unanswered.,Y,nivas,Y,,SPEAK,2026-08-29T02:51:50.768426+00:00
ubuntu:train:2011-04-17:98:0:149594,train,17-04-2011,other,speak_open3,SPEAK,stiltzkin needs help with wine and proxy,open question in last 3,stiltzkin,FALSE,FALSE,,"stiltzkin: pfifo, wine...the faq for which states that you should use the env variable","korejora: What type should I use for the main partition? ext4?
Sample: k i suppose ill just go for it ,haha
pfifo: hiexpo, not even close :)
Aftermath: pfifo that folder is empty
pfifo: Aftermath, `sudo alsactl store 0`
Aftermath: k
stiltzkin: Good evening folks. Wondering if anyone can tell me how to force an application to route requests through an HTTP proxy. I've tried setting the http_proxy environment variable (via Preferences -> Network Proxy) but that seems to have no effect.
pfifo: stiltzkin, what application, most do not respect http_proxy
erict15: yo
trix`G: pfifo: where is the blacklist located?  It doesn't seem to be in /etc/modprobe.d
trix`G: pfifo: nevermind found it, sorry
stiltzkin: pfifo, wine...the faq for which states that you should use the env variable",TRUE,,SILENT,grok_judge_draft,Telling pfifo the app is Wine; helper engaged.,N,nivas,Y,,SILENT,2026-08-29T02:52:22.204615+00:00
ubuntu:train:2011-08-17:100:0:151986,train,17-08-2011,question,silent_addressed,SILENT,question owned by ongoing conversation with urlin2u,addressed to human,FriGiN,TRUE,FALSE,urlin2u,FriGiN: urlin2u: is there a tar for that.. do i just need the .sh file?,"SIFTU: escott:  sounds right
FriGiN: urlin2u: i can dl on this pc, move it via usb to that pc and run it..
Nach0z: Hey i got a bit of an issue here... i'm trying to install Ubuntu 11.04 x64 from a CD and the installer is straightup not working. the only info i can get from it is ""Installer has reached an unrecoverable error""
feng_: Does anybody use the vim + ctags to browse the kernel source code?
mASOUD_42: escott, export it where?  SIFTU , echo $DISPLAY returned :0.0
urlin2u: FriGiN, there you go if you can transfer between the two we can look at the boot script. ;-)
Nach0z: and then it boots into desktop mode. When i select the ""help me boot from a CD"" in the WUBI installer it gives me a permission denied error
SIFTU: mASOUD_42: in your script so as escott said
escott: mASOUD_42, in your script before you call the program which will connect to the Xserver
r3b00t: anybody maybe able to help me figure out why my netbook wont connect to my network?
mASOUD_42: SIFTU, escott , ok,let me try it
FriGiN: urlin2u: is there a tar for that.. do i just need the .sh file?",TRUE,,SILENT,grok_judge_draft,Follow-up to urlin2u about tar vs sh boot script.,Y,nivas,Y,,SILENT,2026-08-29T02:52:52.775432+00:00
ubuntu:train:2011-08-22:101:0:153109,train,22-08-2011,question,silent_addressed,SILENT,in-progress discussion between shaneo and ActionParsnip,addressed to human,ActionParsnip,TRUE,FALSE,shaneo,ActionParsnip: shaneo: what service are they trying to connect to?,"root-jr: ok wait a minutr
Night-Hacks: wonder why it calls LTS !!!
root-jr: *minute
auronandace: !lts | Night-Hacks
ubottu: Night-Hacks: LTS means Long Term Support. LTS versions of Ubuntu will be supported for 3 years on the desktop, and 5 years on the server. The current LTS version of Ubuntu is !Lucid (Lucid Lynx 10.04)
shaneo: hi guys wuick question it seems someone has been trying to remote access my pc is there a way to check logs for the incoming ips
Night-Hacks: just mean why they dont upgrade some packages
root-jr: th0r: i can't open it
auronandace: !latest | Night-Hacks
ubottu: Night-Hacks: Packages in Ubuntu may not be the latest. Ubuntu aims for stability, so ""latest"" may not be a good idea. Post-release updates are only considered if they are fixes for security vulnerabilities, high impact bug fixes, or unintrusive bug fixes with substantial benefit. See also !backports, !sru, and !ppa.
th0r: shaneo: login attempts should show in /var/log/messages among others
ActionParsnip: shaneo: what service are they trying to connect to?",TRUE,,SILENT,grok_judge_draft,Helper asking shaneo which remote service is probed.,Y,nivas,Y,,SILENT,2026-08-29T02:53:19.541682+00:00
ubuntu:train:2011-11-24:102:0:154756,train,24-11-2011,addressed_not_question,silent_addressed,SILENT,last line is part of ongoing discussion between admins,addressed to human,theadmin,FALSE,FALSE,nebajoth,"theadmin: nebajoth: So does ""lxde"", ""kde4"", etc, the -desktop packages are... well, weird.","alexandros12: ?
theadmin: TK5791: Try: sudo apt-get install xfce4
nebajoth: TK5791: apt-get install xubuntu-desktop
nebajoth: TK5791: apt-get install lubuntu-desktop
TK5791: theadmin: thamlks
nebajoth: (for LXDE)
TK5791: thanks
theadmin: nebajoth: Not ""xubuntu-desktop"", you don't want all the default apps that come with it
nebajoth: hmmm
theadmin: nebajoth: xfce4 gives you a desktop without the mess
nebajoth: they make good default apps too
theadmin: nebajoth: So does ""lxde"", ""kde4"", etc, the -desktop packages are... well, weird.",TRUE,,SILENT,grok_judge_draft,Helper discussing xfce vs *-desktop metapackages.,Y,nivas,Y,,SILENT,2026-08-29T02:53:44.872050+00:00
ubuntu:train:2011-11-24:102:0:155176,train,24-11-2011,addressed_not_question,speak_addressed,SPEAK,bullgard4 needs further audio configuration guidance,addressed to human,bullgard4,FALSE,FALSE,ActionParsnip,bullgard4: ActionParsnip: In alsamixer I cannot crank the levels of Headphone and Speaker because there are no sliders to be seen for them.,"tzanger: ActionParsnip: the solution is to have a very small ""grub"" partition that is not part of the raid filesystem.  what a pain in the ass
Mad_Noob: test
ActionParsnip: tzanger: its the pain with cheap raid, you can use an SD card to store the boot partition.
bullgard4: ActionParsnip: 'aplay /usr/share/sounds/gnome/default/alerts/bark.ogg; Playing raw data '/usr/share/sounds/gnome/default/alerts/bark.ogg' : Unsigned 8 bit, Rate 8000 Hz, Mono' but I cannot hear any sound in my headphone.
tzanger: ActionParsnip: true, but that means I have to keep an sd card in the system. I will just degrade the array, create a new array with 1.0 superblock and copy stuff over, then migrate the old one over to the new. fun.
ActionParsnip: zi0r: try using wicd and you can set the wifi device name, network manager will nearly always use wlan0
milamber: Mad_Noob: works
shafeeqes: mm..ok thanks...
ActionParsnip: bullgard4: run:  alsamixer    and unmute and crank all levels
ubuntunoob: is there a way to make it so the wireless key turnoff works in ubuntu?
ubuntunoob: i have a dell latitude d505
bullgard4: ActionParsnip: In alsamixer I cannot crank the levels of Headphone and Speaker because there are no sliders to be seen for them.",TRUE,,SILENT,grok_judge_draft,Follow-up to ActionParsnip about missing alsamixer sliders.,N,nivas,Y,,SILENT,2026-08-29T02:54:19.387594+00:00
ubuntu:train:2011-11-24:102:0:155187,train,24-11-2011,question,speak_open_q,SPEAK,Unanswered question about accessing Windows share via Nautilus GUI,question + no clear addressee,Lazure,TRUE,FALSE,,Lazure: any way to fix it so the GUI will take me there the easy way?,"bullgard4: ActionParsnip: In alsamixer I cannot crank the levels of Headphone and Speaker because there are no sliders to be seen for them.
ubuntunoob: maybe your soundcard is blacklisted:  /etc/modprobe.d/blacklist
ubuntunoob: look at that
westje: what is the ms project alternative for linux
sskniranjan: please help me in creating desktop icons
sztii: is anyone here ??
sztii: :)
ubuntunoob: ssk, what desktop enviroment are you using?
TK5791: ok, I can't find VolWheel in the software center, but I've found it via a google search.
ubuntunoob: gnome xfce kde lxde ?
Lazure: does anyone know why i can't access a windows 7 share in ubuntu through nautilus? it says 'failed to retrieve share list from server'. BUT, if i do a terminal command 'nautilus smb://192.168.x.x' it works just fine.
Lazure: any way to fix it so the GUI will take me there the easy way?",TRUE,,SPEAK,grok_judge_draft,Nautilus SMB browse fails though CLI works; unanswered.,Y,nivas,Y,,SPEAK,2026-08-29T02:55:06.613067+00:00
ubuntu:train:2011-11-24:102:0:155444,train,24-11-2011,question,silent_open_q,SILENT,last line is a general question without specific context,question + no clear addressee,psoto,TRUE,FALSE,,psoto: can someone explain me how this works?,"judh: lunitik, i tried to connect to the server irc.freenode.net
MonkeyDust: judh  org, not net
llutz: net, not org
lunitik: ahh, that would be my bad, I told him that
xothorus: could anyone tell me (if it even exists) if theres a repo which has tightvncserver for jaunty, armel build?
llutz: it is http://freenode.net and so it is irc.freenode.net
lunitik: judh, did the ubuntu server work instead?
psoto: hi
lunitik: psoto, hey
judh: lunitik it does not work
llutz: judh: start irssi, then ""/server irc.freenode.net""
psoto: can someone explain me how this works?",TRUE,,SPEAK,grok_judge_draft,Vague how-this-works after hi; unsure so silent.,N,nivas,Y,,SILENT,2026-08-29T02:55:40.688168+00:00
ubuntu:train:2012-03-24:105:0:158793,train,24-03-2012,other,silent_open3,SILENT,"last line is a response to a previous action, not an open question",open question in last 3,TheCyberShocker,FALSE,FALSE,,TheCyberShocker: Oh LOL ok let me try that,"blaustift: Why can't I resize a window with mouse via Alt-Rightmouseclick + movement?! do I need to turn some special stuff on? (does that depend on unity2D/3D?)
TheCyberShocker: Yeh I am, but I meant the external HDD was not near me ;)
Jordan_U: TheCyberShocker: Please also pastebin your /etc/fstab.
Guest14310: i have an aasus eee pc surf model and it has a generic version of ubuntu 8.10 how do i upgrade
MrHanjrah: TheCyberShocker: and yes, what Jordan_U said :) would also help
ssfdre38: Guest14310, sudo do-release-upgrade
jack_sparrow: Guest14310, from 8 I would do a fresh install of 10.04
TheCyberShocker: http://pastebin.com/9cqpngxh
MrHanjrah: TheCyberShocker: its /dev/sdb5
TheCyberShocker: Ignore the ""# /etc/fstab from command line:"" it's just there to split the two commands up
research4oscar: I installed ununtu on an old old system, and just got ubuntu desktop working. If I want to setup my machine so that I can ftp into it. do i need to configure my wireless router or my ubuntu installation?
TheCyberShocker: Oh LOL ok let me try that",TRUE,,SILENT,grok_judge_draft,Will try helper's /dev/sdb5 hint; thread owned.,Y,nivas,Y,,SILENT,2026-08-29T02:56:03.788599+00:00
ubuntu:train:2012-03-24:105:0:160118,train,24-03-2012,other,speak_other,SPEAK,last line is a technical issue needing guidance,other,fernando_,FALSE,FALSE,,"fernando_: ok I have bad sectors on drive C or drive sdb gparted says to make a full clone but I instead want to do a ntfsresize --bad-sectors which it's also recomending but when I do sudo ntfsresize --bad-sectors /dev/sdb I get an error saying ""FAILED TO STARTUP VOLUME: invalid argument and other stuff I want to do know why","ActionParsnip: mskazmii: evolution
DJ: mcamaret, i though he meant emacs, now let's drop the Subject since is not an Ubuntu topic, ;)
mskazmii: yest but that is not the alternative it works with exchange as imap
ActionParsnip: mskazmii: so what do you need?
GhostConn: honestly who cares about piracy... millions upon millions of people do it by the millisecond lol...? how could something be illegal if we all do it? its a sharing community how should someone have the right to tell me if i purchased something that I can't borrow it or trade to a  friend
sacarlson: DocPlatypus: if it works with multiarch installed maybe it would be easier just to leave it installed?
Mike9863: Icons are showing on menus and buttons even though I have the options disabled under desktop -> gnome -> interface under gconf-editor. How can I disable these icons?
GhostConn: and my question was ubuntu related as it is a linux ubuntu app?
ActionParsnip: GhostConn: that is offtopic here
mskazmii: I am looking outlook alternative. Evolution is the limited alternative
Jordan_U: DocPlatypus: sudo apt-get remove packagename:i386
fernando_: ok I have bad sectors on drive C or drive sdb gparted says to make a full clone but I instead want to do a ntfsresize --bad-sectors which it's also recomending but when I do sudo ntfsresize --bad-sectors /dev/sdb I get an error saying ""FAILED TO STARTUP VOLUME: invalid argument and other stuff I want to do know why",TRUE,,SPEAK,grok_judge_draft,ntfsresize --bad-sectors failed; unanswered.,Y,nivas,Y,,SPEAK,2026-08-29T02:56:36.005197+00:00
ubuntu:train:2012-05-04:106:0:161177,train,04-05-2012,question,speak_open_q,SPEAK,Unanswered question about display power settings,question + no clear addressee,Psykus,TRUE,FALSE,,"Psykus: <Psykus> where would I start trying to troubleshoot the display not turning off after an amount of idle time on a laptop? i have the power settings set to turn off the display after 5 minutes instead of using a screen saver, and it just makes the screen black but doesn't actually turn off the screen","footvilla: hey guys is there like a package that installs some sort of system monitor? that you can access remotely
mohit: the problem is that i have tried to download the installer iso but when i brn a cd from it, it turns out to be wubi
footvilla: to check on system health cpu
footvilla: etc
bobweaver: mohit:  I know that this might sound silly but what happens when you turn the computer on with the cd in the drive . if it goes too windows you have to boot you cd in the 1st order of boot or load the boot menu if you have one
zig: yes, that was what i was looking for.
zig: i have the alias, and the promt im used to. Thanks.
wylde: mohit: all the install images have wubi on them.
blocky: hmm okay same problem as before, grub-install /dev/mapper failed
bobweaver: mohit:  all that can be done from the bios unless this is a mac ?
blocky: Why is it not assigning regular drive numbering?
Psykus: <Psykus> where would I start trying to troubleshoot the display not turning off after an amount of idle time on a laptop? i have the power settings set to turn off the display after 5 minutes instead of using a screen saver, and it just makes the screen black but doesn't actually turn off the screen",TRUE,,SPEAK,grok_judge_draft,Laptop backlight stays on after idle; unanswered.,Y,nivas,Y,,SPEAK,2026-08-29T02:57:02.929184+00:00
ubuntu:train:2012-05-20:107:0:161434,train,20-05-2012,question,silent_open_q,SILENT,unrelated question; multiple threads,question + no clear addressee,CJKay,TRUE,FALSE,,CJKay: Has anyone had any luck getting Sun Java 6 (not 7) installed on Precise 12.04?,"Dr_Willis: http://manpages.ubuntu.com/manpages/natty/man1/vdfuse.1.html
Dr_Willis: You can use vmware-mount provided by VMWare Server.
csioktel: Hi, i'm new to ufw, i want to know where is the ufw save rules path?
csioktel: is it ufw will automatic save the rules for next boot?
pavel_: #Ubuntu-cz
sa7elak: Hello, how to to know how long the system have been running ???
iceroot: sa7elak: uptime
sa7elak: <iceroot> thanks
_16aR_: Hello
_16aR_: Is it possible to change the hash algorithm of an already existing pgp / gpg key ?
_16aR_: Mine is actually SHA1, and I want to use SHA2 instead without regenerating a new key
CJKay: Has anyone had any luck getting Sun Java 6 (not 7) installed on Precise 12.04?",TRUE,,SPEAK,grok_judge_draft,Unanswered Sun Java 6 on Precise.,N,nivas,Y,,SPEAK,2026-08-29T02:57:34.059189+00:00
ubuntu:train:2012-05-20:107:0:161865,train,20-05-2012,question,speak_open_q,SPEAK,last line asks technical question without clear answer,question + no clear addressee,luser,TRUE,FALSE,,"luser: excuse me, anyone knows what's the difference in ""lspci -k"" output between ""Kernel driver in use"" and ""Kernel modules""?","sirriffsalot: L3top: so the (rev 2) GeForce 8200?
maddinw: I can open it, but I would like to have it at startup so I dont need to open it up myself all the time.+
Ashkot: ActionParsnip : thank you :)
maddinw: So I edited my /etc/rc.local file and inserted the command in there.
L3top: sirriffsalot: I would expect that that is your onboard.  however in the bios it will likely identify as ""onboard""
ActionParsnip: Ashkot: np man :)
sirriffsalot: L3top: I'll have a look, thanks for suggesting! Brb
maddinw: But the tunnel is not available after startup. I have activated public key authentification, but that does not make a difference I guess.
L3top: sirriffsalot: is this an asus m3n78 bpard by chance?
ActionParsnip: gccster: does the system have a make and model?
L3top: s/bpard/board/
luser: excuse me, anyone knows what's the difference in ""lspci -k"" output between ""Kernel driver in use"" and ""Kernel modules""?",TRUE,,SPEAK,grok_judge_draft,Unanswered lspci -k driver vs modules meaning.,Y,nivas,Y,,SPEAK,2026-08-29T02:58:05.380438+00:00
ubuntu:train:2012-05-20:107:0:162133,train,20-05-2012,other,speak_other,SPEAK,Orpheon needs guidance on booting previous kernel,other,Orpheon,FALSE,FALSE,,Orpheon: if that helps,"MestreLion: Dr_Willis: true, but a buggy Software CEnter that does not stick settings makes me a little worried about using it to buy software, for example
Dr_Willis: maddinw:  i never encrypt home. ;()
ActionParsnip: Etale: lubuntu is light, or install minimal then install fluxbox
mneptok: Orpheon: boot to a previous kernel and see if your nVidia drivers work there.
Orpheon: uhh
flowerpot: maddinw, if you put the script in your ~/.bashrc or ~/.bash_profile it won't start the tunnel until you log in...  if you're cool with root or whatever process init runs as owning the tunnel, then just remove the sudo su stuff and try again.  Also, FYI, sudo su isn't necessary; sudo can run commands as another user.
Orpheon: how do I boot to a previous kernel
Orpheon: ?
Dr_Willis: MestreLion:  i dont plan on ever buying anything via software center.. actually i rarelyuse software center
Orpheon: I have a few backups
Orpheon: of these last months /usr and /home
Orpheon: if that helps",TRUE,,SILENT,grok_judge_draft,Adding backup context to mneptok's kernel advice.,N,nivas,Y,,SILENT,2026-08-29T02:58:30.665473+00:00
ubuntu:train:2012-06-20:109:0:164093,train,20-06-2012,addressed_not_question,silent_addressed,SILENT,"last line is a prompt to ask, not a request for help",addressed to human,Mandalord,FALSE,FALSE,breebreebrannn,Mandalord: breebreebrannn: just ask:|,"avelldiroll: AxonetBE: the logs at the time of the freeze
avelldiroll: AxonetBE: if you get nothing specific from the log, test your hardware (smart for the disk, memtest for the memory, lm-sensors for temperature)
Mandalord: dregin: https://wiki.ubuntu.com/HardwareSupportComponentsMultimediaWebCameras
dregin: thanks Mandalord !
c0rnel: hello all
dregin: theadmin: I couldn't find a result for v4l2 in google that was the site....
dregin: Just a load of talk about using the v4l2 API
theadmin: dregin: Hm yeah, I'm pretty sure I've seen it somewhere before though :/
breebreebrannn: Anyone want to help me?
satyanash: Okay, I have set the option to login automatically and remove the password for the only user on the system, I cannot set the password again now.! Help!
theadmin: satyanash: sudo passwd username
Mandalord: breebreebrannn: just ask:|",TRUE,,SILENT,grok_judge_draft,Helper telling breebreebrannn to just ask.,Y,nivas,Y,,SILENT,2026-08-29T02:59:08.301249+00:00
ubuntu:train:2012-06-20:109:0:165120,train,20-06-2012,other,speak_open3,SPEAK,last line reiterates issue; confirm password isn't the problem,open question in last 3,Wiz_KeeD,FALSE,FALSE,,Wiz_KeeD: and if i leave it untouched from boot it connects to it,"Jacta: it says something about what you need, but cant really find thoose things :/
jrib: Jacta: you're being too vague for anyone to actually help you.
Lo: ciao
ElLocoGato: Howdy folks.  I'm hoping somebody can help me figure out why, after upgrade to 12.04, my USB microphone works right after reboot but after some time disappears from the system and won't come back until another reboot.
Wiz_KeeD: hey guys, in ubuntu 10.04 Lucid, does anyone know why the wireless connection doesn't work anymore an tried to connect and always keeps asking for the password, but on the windwos os or from android phone wireless works perfectly
Wiz_KeeD: furthermore if i boot ubuntu and leave it untouched it automatically connects to the wireless network, and then in a matter of minutes it freezes completly
Wiz_KeeD: and if i disconnect and try to connect the behaviour from above keeps hapening and doesn't connect
Wiz_KeeD: any ideeas why?
Mandalord: Jacta: i think you should install glibc, gtk
MonkeyDust: Wiz_KeeD  password or wpa key ?
Wiz_KeeD: MonkeyDust, works perfectly from windows, android phone
Wiz_KeeD: and if i leave it untouched from boot it connects to it",TRUE,,SILENT,grok_judge_draft,Follow-up to MonkeyDust on wifi key vs password.,N,nivas,Y,,SILENT,2026-08-29T02:59:38.198135+00:00
ubuntu:train:2012-11-30:111:0:167275,train,30-11-2012,addressed_not_question,speak_addressed,SPEAK,Unanswered question on how to boot ISO with grub2,addressed to human,ActionParsnip,FALSE,FALSE,Bustacap,ActionParsnip: Bustacap: I know some,"media-centre: ok theyve both bailed on me
media-centre: great
media-centre: ok
ActionParsnip: media-centre: i have no idea
Bustacap: If I don't have a blank dvd, can I just extract the iso to a new partition, flag it as boot, and remove the boot flag from the current boot partition?
media-centre: cant think of anything
ActionParsnip: Bustacap: grub2 can boot ISO files
Bustacap: ActionParsnip: I love how you are always here and know everything.
Bustacap: Lol.
Bustacap: How do I go about doing that?
media-centre: not everything
ActionParsnip: Bustacap: I know some",TRUE,,SILENT,grok_judge_draft,Helper answering Bustacap about booting ISOs.,N,nivas,Y,,SILENT,2026-08-29T02:59:57.971407+00:00
ubuntu:train:2013-01-30:114:0:170187,train,30-01-2013,question,silent_open_q,SILENT,Last line is a follow-up question without clear context.,question + no clear addressee,DuncanNZ,TRUE,FALSE,,DuncanNZ: so did you run the command?,"krywk: :T
ege_: NetFlamBot?
NetFlamBot: ege_: would was
shomon: DuncanNZ: it's a tiny laptop though
arussel: I see from the log that the my script in /etc/init.d was run. What is the difference between doing 'sudo /etc/init.d/foo' and when the script run at boot time ?
DuncanNZ: ok
shomon: maybe ubuntu's recent changes make it too slow on this computer.. but from one day to the next..
NetFlamBot: maybe ubuntu's recent changes make it too slow on this computer.. but from one day to the next..
Pici: NetFlamBot: what?
NetFlamBot: Pici: cat problem.
DuncanNZ: yea seems odd
DuncanNZ: so did you run the command?",TRUE,,SILENT,grok_judge_draft,Helper asking whether the command was run.,Y,nivas,Y,,SILENT,2026-08-29T03:00:57.614308+00:00
ubuntu:train:2013-01-30:114:0:171104,train,30-01-2013,question,speak_open_q,SPEAK,Unanswered question about changing default telnet client,question + no clear addressee,apos,TRUE,FALSE,,apos: drill?,"genoobie: tx usr13
genoobie: okay, I am off to install!
genoobie: tx and gnite!
histo: apos: there are lighter options than lxde btw.
apos: i would never recommend lxde to begin with
histo: apos: were'nt you guys talking about lubuntu? that's lxde
apos: i told him to use xfce
apos: he wanted lubuntu
unsobill: guys
unsobill: where to drill if I to change my default telnet client
unsobill: ubuntu 12.4
apos: drill?",TRUE,,SILENT,grok_judge_draft,Helper asking what unsobill meant by drill.,N,nivas,Y,,SILENT,2026-08-29T03:01:41.503544+00:00
ubuntu:train:2013-02-24:115:0:171876,train,24-02-2013,other,speak_other,SPEAK,"Last line is a clear, unanswered request for help about wifi hotspots.",other,notStewpid,FALSE,FALSE,,"notStewpid: I have a problem with wifi hotspots. I am running Ubunut 12.04 LTS, When I try to create a wifi hotspot, it creates it, but without security briefly, and no interrnet access ata ll, when I expect it to work.","bekks: notStewpid: Then do it now...
notStewpid: Has anyone here used wifi hotspots in ubuntu?
Plizzo: bekks: I have backups of all the files that are important, but not a full scale backup since it's 4TB of data which mostly consists of movies and tv shows
bekks: !anyone | notStewpid
ubottu: notStewpid: A high percentage of the first questions asked in this channel start with ""Does anyone/anybody..."" Why not ask your next question (the real one) and find out? See also !details, !gq, and !poll.
noanmyth: !details
ubottu: Please give us full details. For example: ""I have a problem with ..., I'm running Ubuntu version .... When I try to do ..., I get the following output: ..., but I expected it to do ...""
noanmyth: !gq
ubottu: Are you sure your question allows us to help you? Please read http://www.sabi.co.uk/Notes/linuxHelpAsk.html to understand how to ask a 'better' question.
noanmyth: !poll
ubottu: Usually, there is no single ""best"" application to perform a given task. It's up to you to choose, depending on your preferences, features you require, and other factors. Do NOT take polls in the channel. If you insist on getting people's opinions, ask BestBot in #ubuntu-bots.
notStewpid: I have a problem with wifi hotspots. I am running Ubunut 12.04 LTS, When I try to create a wifi hotspot, it creates it, but without security briefly, and no interrnet access ata ll, when I expect it to work.",TRUE,,SPEAK,grok_judge_draft,Wifi hotspot has no security or internet; unanswered.,Y,nivas,Y,,SPEAK,2026-08-29T03:03:19.787467+00:00
ubuntu:train:2013-05-05:116:0:173166,train,05-05-2013,question,speak_open_q,SPEAK,unanswered request for help with upgrading ncurses,question + no clear addressee,antivirtel,TRUE,FALSE,,"antivirtel: hello all! I'm using precise. I wanted to upgrade the version of ncurses, but I couldn't finish the process... errors: http://paste2.org/mvOCKFvL can someone help me to do with this something?","dakotawulfy:  cloneG Let me go see what we have to do
Pinkamena_D: but again, the pointer does not move, any ideas?
BluesKaj: Pinkamena_D, make sure you battery switch is turned on'
cloneG: dakotawulfy: okay go asking elysium
dakotawulfy: ok check in syanptic  for this  linux-generic-lts-quantal
Pinkamena_D: I assume you mean the mouse is on? Yes, the signal is transferring.
MonkeyDust: Pinkamena_D  use blueman
paulens: BluesKaj: it IS finished...
cloneG: dakotawulfy: quantal??? I am using precise
paulens: and i see the partitions from windows partition manager
dakotawulfy: cloneG right
antivirtel: hello all! I'm using precise. I wanted to upgrade the version of ncurses, but I couldn't finish the process... errors: http://paste2.org/mvOCKFvL can someone help me to do with this something?",TRUE,,SPEAK,grok_judge_draft,ncurses upgrade paste errors; unanswered.,Y,nivas,Y,,SPEAK,2026-08-29T03:03:40.731964+00:00
ubuntu:train:2013-05-05:116:0:173872,train,05-05-2013,question,silent_open_q,SILENT,"unrelated new question, thread not yet claimed",question + no clear addressee,brian____,TRUE,FALSE,,brian____: Is it easy to change the 'waiting for network configuration' timeout?  I would prefer to have it set to 10 seconds instead of 120seconds..,"mizifih: Dr_willis: I believe avidemux do not convert what doesn't need to be converted
Dr_willis: ive been converting videos with avidemux all week... ;)
nanvou: how do I do that ?
mizifih: XHEART24: it depends on what you're going to do with the file, but he's saying just to change the extension
Dr_willis: XHEART24,  just try changeing the name.
XHEART24: ok thanks, you are so kind guys, take care
tony: hay gud
mizifih: XHEART24: wait
XHEART24: yes?
mizifih: XHEART24: that was a suggestion, trying to rename the filename (extension), but Avidemux can convert it for you
mizifih: for sure
brian____: Is it easy to change the 'waiting for network configuration' timeout?  I would prefer to have it set to 10 seconds instead of 120seconds..",TRUE,,SPEAK,grok_judge_draft,Unanswered how to shorten network-wait timeout.,N,nivas,Y,,SPEAK,2026-08-29T03:03:58.901518+00:00
ubuntu:train:2013-05-19:118:0:175608,train,19-05-2013,question,silent_open_q,SILENT,"last line is info provided by ubottu, not a question",question + no clear addressee,ubottu,TRUE,FALSE,,"ubottu: End-Of-Life is the time when security updates and support for an Ubuntu release stop, see https://wiki.ubuntu.com/Releases for more information. Looking to upgrade from an EOL release? See https://help.ubuntu.com/community/EOLUpgrades","ubottu: kazam (source: kazam): screencast and screenshot application created with design in mind. In component universe, is optional. Version 1.4.2-1 (raring), package size 879 kB, installed size 2411 kB
koramati: I did it
koramati: thanks a lot
koramati: and last one  , what is the best video editor for ubuntu
litropy: Alrighty. So why would I suddenly be getting 404 errors upon apt-get update?
litropy: From Ubuntu's servers no less?
MonkeyDust: koramati  pitivi, openshot
MonkeyDust: litropy  because you have !eol sources you don't know of
litropy: Here's a terminal paste: for ya: http://paste.ubuntu.com/5681449/
koramati: MonkeyDust :Many thanks
litropy: !eol
ubottu: End-Of-Life is the time when security updates and support for an Ubuntu release stop, see https://wiki.ubuntu.com/Releases for more information. Looking to upgrade from an EOL release? See https://help.ubuntu.com/community/EOLUpgrades",TRUE,,SILENT,grok_judge_draft,ubotu already answering the !eol factoid.,Y,nivas,Y,,SILENT,2026-08-29T03:04:14.262239+00:00
ubuntu:train:2013-05-19:118:0:175712,train,19-05-2013,other,silent_thanks,SILENT,last line is thanks / works / fixed / solved / nevermind,thanks,Basil1x1,FALSE,TRUE,,"Basil1x1: Thanks, and TTFN","sylar_5: lars: it lists all divices in /dev which start with sd
sylar_5: lars: ls /dev/sd*
Basil1x1: 12.04 here.  How can I upgrade to 13.04 without reinstalling everything?
sylar_5: not sed*
gmachine_24: sylar_5: actually, I've no clue
linelevel: sylar_5: That is my question. I don't know where to start. I've googled but can't find a guide anywhere to installing Ubuntu such that it is installed on the hard drive but boots from USB.
MonkeyDust: Basil1x1  sudo do-release-upgrade
lars: /dev/sda  /dev/sda1  /dev/sda2  /dev/sda5  /dev/sda6
Basil1x1: That's it?  I am now extremely annoyed with myself.
lars: I unplugged the jump drive
sylar_5: lars: this is the machine you want to install the system to, executed from a booted live key?
Basil1x1: Thanks, and TTFN",TRUE,,SILENT,grok_judge_draft,Thanks and goodbye after do-release-upgrade.,Y,nivas,Y,,SILENT,2026-08-29T03:04:38.314865+00:00
ubuntu:train:2013-05-19:118:0:176137,train,19-05-2013,question,silent_open_q,SILENT,"Last line is a new question, not unanswered request",question + no clear addressee,elky,TRUE,FALSE,,"elky: can someone remind me of the ""easy"" way to add a bookmark to nautilus?","jrib: PrototypeX29A: do you understand what I mean by login screen?
PrototypeX29A: jrib: i think so, i have got a selection for several windowmanagers on the left side
PrototypeX29A: including several variants of gnome, i3, ratpoison, but no awesome
daJu: I have a problem with my wifi on asus zenbook prime ux31a I see wifi networks but it fail to connect to them. This page says that it should be fine https://help.ubuntu.com/community/AsusZenbookPrime (but it's not).
kristenbb: so how is it possible that my password changed without me knowing, and how to get my stuff back please ?
jrib: kristenbb: what password?
kristenbb: the logging passowrd
kristenbb: of ubuntu.
jrib: kristenbb: you can reset it if you want.  It shouldn't change unless you change it
jrib: !password | kristenbb
ubottu: kristenbb: Forgot your password? See https://help.ubuntu.com/community/LostPassword What's the root password? See !sudo. Don't see *** in password prompts? That's normal. Sudo doesn't ask for your password? It remembers you for several minutes. Please use strong passwords, see https://help.ubuntu.com/community/StrongPasswords
elky: can someone remind me of the ""easy"" way to add a bookmark to nautilus?",TRUE,,SPEAK,grok_judge_draft,Unanswered easy way to bookmark in Nautilus.,N,nivas,Y,,SPEAK,2026-08-29T03:04:57.011350+00:00
ubuntu:train:2013-07-10:120:0:178203,train,10-07-2013,other,silent_open3,SILENT,"Last line is a farewell, not a request for help.",open question in last 3,MsSayian,FALSE,FALSE,,MsSayian: That is no problem. I have to go now take care.,"musicman_: it is such a classic criticism of ubuntu and linux in general, and here I (and ubuntu) am looking like an ass, and my friends are back to windows...
Dalek-Caan: MsSayian; Yes, it was formatted in NTFS when I had Windows Server installed on this system, did not reformat it.
Dalek-Caan: And I have another harddisk in here, that is the same model, which does work actually..
Dalek-Caan: Also formatted in NTFS
wilee-nilee: robin_, Is cheese installed, if not install it.
musicman_: yup - tried wicd
recon_lap: Jordan_U: the version is xubuntu 12.04 , it's a minimal cd, I've asked the guy what the exact package is, you can join in on xubuntu if you like , we trying to get a tty atm so we can install the correct grub
MsSayian: @Dalek-Caan I'll help you out with it when i get back. Gotta go to a conference if your still around
musicman_: seriously tried everything in the forums. Even esoteric system/hardware specific workarounds
Dalek-Caan: I kind of have to go and get some sleep soon, but I will certainly note your name down, if you do not mind? MsSayian ?
musicman_: Something to do with broadcom changed drastically recently that affected every distro
MsSayian: That is no problem. I have to go now take care.",TRUE,,SILENT,grok_judge_draft,"Goodbye, will help later.",Y,nivas,Y,,SILENT,2026-08-29T03:05:16.147095+00:00
ubuntu:train:2013-07-19:121:0:178979,train,19-07-2013,question,silent_open_q,SILENT,new unrelated question; not piling on,question + no clear addressee,euxneks,TRUE,FALSE,,"euxneks: howdy all, what's the best way to open a port on my wireless connection without using a CLI?","reisio: g3org3s: scp user@remote.ip.here.man:path/to/file ./local/path/optional
reisio: g3org3s: or just use sshfs and make your life simpler
reisio: Guest36781: what part is causing trouble?
Guest36781: What do I use, I can't find a prgram to run .deb files or .tar.bz
reisio: Guest36781: dpkg, the Debian package manager
aaron_: someone please help, I can't get the broadcom drivers to install on my 12.04 installation
reisio: Guest36781: but why aren't you installing from a repository
Guest36781: Where/how would I do that?
Metatron_: What utility can I use to search the web with keywords, and then download the top hits from that search engine. I was thinking of integrating wget somehow, but not doing the manual command line entering of each url to download each page hit.
g3org3s: reisio it says transfered, but i cant find the file on my local pc :s can it be blocked somehow ?
k1l: Guest36781: why dont you use the programs that ubuntu ships?
euxneks: howdy all, what's the best way to open a port on my wireless connection without using a CLI?",TRUE,,SPEAK,grok_judge_draft,Unanswered GUI way to open a wireless port.,N,nivas,Y,,SPEAK,2026-08-29T03:05:36.237588+00:00
ubuntu:train:2013-07-19:121:0:179051,train,19-07-2013,addressed_not_question,speak_addressed,SPEAK,Frankler asks for comparison between media players,addressed to human,reisio,FALSE,FALSE,clue_h,reisio: clue_h: and doesn't use gstreamer $,"clue_h: Mudack, thanks for earlier, i think i'll do it that way instead of using an .iso
reisio: yeah I know Musix GNU 2.0
Frankler: Should I install any other media players besides parole? All i need to be able to do is play mp3s, cds, and watch dvd
reisio: fool owes me $50
reisio: Frankler: umm... does it do those things?
semitones: reisio: I heard he skipped town
reisio: if yes { question answered }
clue_h: Frankler, mplayer is good from bash, and vlc is good
reisio: semitones: I heard that, but I heard it was two of 'em
Mudack: Clue_h: No problem, that's how I got Ubuntu
Frankler: clue_h do they do anything better than parole? I'm just wondering if I need multiple ones
reisio: clue_h: and doesn't use gstreamer $",TRUE,,SILENT,grok_judge_draft,Helper commenting on media players and gstreamer.,N,nivas,Y,,SILENT,2026-08-29T03:05:53.786571+00:00
ubuntu:train:2013-08-29:122:0:180306,train,29-08-2013,question,speak_open_q,SPEAK,last line is a group-facing question needing technical help,question + no clear addressee,webereinc,TRUE,FALSE,,"webereinc: when I enter a command 'sudo service cups start' I get an error 'start: Unknown job: cups' error.  Also, there is no file in the var/log/cups area?  Can anyone help troubleshoot why I can't get cups to start so I can add a printer to my new install of Lubuntu?","subcool: holstein, i cant remove it, i cant force it.. and now its serisoul affect me..
holstein: subcool: did you add a PPA?
subcool: that- i doont know about
holstein: subcool: this is what i would run.. sudo apt-get autoremove icedtea-6-jre-jamvm openjdk-6-jre icedtea-6-jre-cacao openjdk-6-jdk
holstein: then, i would look at my sources.. see that i have no PPA's added that are ""broken""... then, i would run ""sudo apt-get update && sudo apt-get dist-upgrade"" and see that that completes with no errors
holstein: *then* i would refer to the java wiki..
holstein: !java
ubottu: To just use java you need a ""Java Runtime Environment"" (JRE) and/or a browser plugin. If that is not sufficient you will need a ""Java Development Kit"" (JDK) aka ""Software  Development Kit"" (SDK).  Please see https://help.ubuntu.com/community/Java about how to install one of three current implementations.
subcool: holstein, i cant hlep but feel like an idiot.. that worked.
subcool: thanks
holstein: subcool: it happens.. no worries :)
webereinc: when I enter a command 'sudo service cups start' I get an error 'start: Unknown job: cups' error.  Also, there is no file in the var/log/cups area?  Can anyone help troubleshoot why I can't get cups to start so I can add a printer to my new install of Lubuntu?",TRUE,,SPEAK,grok_judge_draft,"CUPS unknown job, cannot add printer; unanswered.",Y,nivas,Y,,SPEAK,2026-08-29T03:06:18.299011+00:00
ubuntu:train:2013-08-30:123:0:181853,train,30-08-2013,other,speak_other,SPEAK,suggest installing zlib1g-dev instead of zlib,other,JeffATL,FALSE,FALSE,,"JeffATL: the instructions for this ati-driver-installer-...64.run say i need some packages installed.  tried apt-get install zlib (""zlib"" is listed) but get ""unable to locate package""","JeffATL: histo: i know; that's what i'm trying to achieve now
dr_willis: most netbooks ive seen use intel video. not ati
histo: JeffATL: you need the legacy driver from the other links section on the ubottu page. http://support.amd.com/us/gpudownload/linux/Legacy/Pages/radeon_linux.aspx  this one
JeffATL: dr_willis: please.  label on top and lspci say ati
histo: dr_willis: hopefully it's not a intel/amd combo card he'll really be crying later
dr_willis: if you say so. ive got 4+ netbooks. never seen an ati one
dr_willis: histo:  that would be weird in a netbook. ;-)
JeffATL: dr_willis: FOUR?? that's really exhaustive, there....
histo: dr_willis: it's out there
dr_willis: grandkids..
dr_willis: just right for the little ones
JeffATL: the instructions for this ati-driver-installer-...64.run say i need some packages installed.  tried apt-get install zlib (""zlib"" is listed) but get ""unable to locate package""",TRUE,,SILENT,grok_judge_draft,Follow-up to histo/dr_willis about the zlib package name.,N,nivas,Y,,SILENT,2026-08-29T03:06:38.193572+00:00
ubuntu:train:2013-08-30:123:0:182328,train,30-08-2013,other,silent_other,SILENT,last line is a continuation of a different thread,other,subu,FALSE,FALSE,,subu: + burn a dvd,"subu: racho : I am trying to use this old M/B + Processor + Arduino to do a robot
racho: subu, can't you install from cd
subu: racho , thai is the last option , and then I have to hijack the CD driver from my office
racho: i mean the hardware does not follow the usb standard specs so there is nothing the software(kernel) can do about this
subu: thanks racho
racho: subu, also usually old hardware was not very linux friendly
subu: thanks ikonia
kilo_byte: hello.. I have got multiple Desktop ernvironments in my pc.. and its pretty much pulling down my performance..
racho: in the old days you would tinker with your systems for days to make it work as intended
kilo_byte: how can I uninstall the others i dont want
subu: racho : i will have to steal a CD crive today
subu: + burn a dvd",TRUE,,SILENT,grok_judge_draft,Planning to burn a DVD; helpers already advising.,Y,nivas,Y,,SILENT,2026-08-29T03:06:58.219488+00:00
ubuntu:train:2013-09-16:125:0:184019,train,16-09-2013,question,silent_open_q,SILENT,Question already being handled by kostkon,question + no clear addressee,natural,TRUE,FALSE,,"natural: kostkon, if the xfce was able to do it through the panel, don't you think this sort of feature would be a simple thing?","natural: yes thank you kostkon i have some exp with compiiz, i just wanted to know if there was another way, because xfce mint 15 had it through panel szettings
qin: tjbiddle: hm?
tjbiddle: qin: Can I give an example using AWS route 53 and you'd understand that?
kostkon: natural, for what you are asking, no. some things can be done with unity-tweak or ubuntu-tweak. the will change some compiz confs for you
tjbiddle: Not experienced enough with dns to know how much translates to other solutions
kostkon: they*
natural: so this ccsm wont let me make inactive windows transpafrent?
qin: tjbiddle: rather would not get it, but #dns looks tempting
somsip: tjbiddle: because you add domains to your domain registrar so the entries get propogated out to other nameservers.
kostkon: natural, if there is such an option, then yes
kostkon: natural, plugin and/or plugin option whatever
natural: kostkon, if the xfce was able to do it through the panel, don't you think this sort of feature would be a simple thing?",TRUE,,SILENT,grok_judge_draft,Follow-up to kostkon comparing XFCE panel vs CCSM.,Y,nivas,Y,,SILENT,2026-08-29T03:07:14.002068+00:00
ubuntu:train:2013-09-16:125:0:184154,train,16-09-2013,other,silent_thanks,SILENT,last line is thanks,thanks,Nothing_Much,FALSE,TRUE,,Nothing_Much: Thanks,"Dr_Willis: JaredFTW:  id have to suggest checking askubuntu.com to see how it should be done.
JaredFTW: The entire point of this IRC channel is for ubuntu help
ChogyDan: JaredFTW: there is some sort of command line tool to do the job, but I end up just removing the other versions of java
fancyfetus: I have the cd's already made. Though I don't exactly have a legitimate  copy of windows 8 installed, I have my original windows 7 disks.
JaredFTW: Well I need to make it the default application for .jar files, I don't want to make a .sh script everytime I install blah.jar and blargh.jar
Dr_Willis: http://askubuntu.com/questions/192914/how-run-a-jar-file-with-a-double-click
Dr_Willis: the .jar may need to be executable in order for that to work. I recall someone mentiond in here once
Dr_Willis: newer answer - mentioning java 7 -> http://askubuntu.com/questions/224463/how-do-i-reenable-opening-jar-files-by-double-clicking-on-them
ChogyDan: sudo update-alternatives --config java        fwiw
Nothing_Much: Anybody know how to get rEFInd on a 2006 32 bit white iMac for Ubuntu?
dhyana: Nothing_Much:  try #macosx
Nothing_Much: Thanks",TRUE,,SILENT,grok_judge_draft,Thanks after being pointed to #macosx.,Y,nivas,Y,,SILENT,2026-08-29T03:07:29.257491+00:00
ubuntu:train:2013-09-16:125:0:185157,train,16-09-2013,addressed_not_question,silent_thanks,SILENT,last line is thanks,thanks,karab44,FALSE,TRUE,MonkeyDust,karab44: MonkeyDust: thanks a lot! I see that record my desktop is good enough (if it records system sound and mic also),"ferrieres: I have a global ""slow"" problem and dont know where this come from... it's been two weeks since it began to come sever
karab44: nerdtron: I can not see such thing, is it the name of application?
nerdtron: yup.. in the software center, try searching record my desktop
ferrieres: i mean every process is getting slow...
karab44: nerdtron: thank you mate
nerdtron: there are also other programs.. i'm only familiar with record my desktop
ferrieres: for example, i try now to update and this takes 70% of one core (seen with htop)
MonkeyDust: karab44  https://wiki.ubuntu.com/ScreenCasts
nerdtron: ferrieres, which process is it?
ferrieres: it was not the case since last update but i dont want to downgrade
ferrieres: the process : apt-update
karab44: MonkeyDust: thanks a lot! I see that record my desktop is good enough (if it records system sound and mic also)",TRUE,,SILENT,grok_judge_draft,Thanks to MonkeyDust for the screencast wiki.,Y,nivas,Y,,SILENT,2026-08-29T03:07:43.439082+00:00
ubuntu:train:2013-09-16:125:0:185345,train,16-09-2013,addressed_not_question,speak_addressed,SPEAK,Clarify sending SIGINT signal,addressed to human,njsg,FALSE,FALSE,bencc,"njsg: bencc: for SIGINT, no, SIGINT is part of the UNIX signal mechanism, ctrl+c may have one, but it's likely not used in linux at all to terminate processes","njsg: that's a number, handled by the parent process
njsg: bencc: hmm, you should read a bit on UNIX signals
njsg: bencc: there is an actual mechanism of stuff called signals, which you can send to processes
njsg: bencc: you *can*, in fact, send a process a SIGTERM or SIGINT signal. in fact, CTRL+C in most shells sends SIGINT to the process
njsg: the process does not get any CTRL+C itsel, it just gets the SIGINT
njsg: dunno if ubuntu has the manpages, but ""man 7 signal""
njsg: you need the process ID to send a signal, though. Also, most tools and functions to send a signal are called kill, but they also send the other signals like SIGINT or even signals that aren't supposed to terminate anything
MonkeyDust: whoever asked for that exit signal: find 'exit' on this page, hope it's useful https://en.wikipedia.org/wiki/Signal_(computing)
bencc: njsg: is there an ascii code for the CTRL + C or SIGINT signal?
bencc: njsg: how do I send it?
nibbler: hey, i just saw that when i click on a file, properties, and select the tags-tab ubuntu somehow shows me all kind of stuff to chose from - tags i used on my pictures, things i might have googled, or it might be scraped from my bookmarks or such - how is this list compiled?
njsg: bencc: for SIGINT, no, SIGINT is part of the UNIX signal mechanism, ctrl+c may have one, but it's likely not used in linux at all to terminate processes",TRUE,,SILENT,grok_judge_draft,Helper explaining SIGINT vs ctrl-c to bencc.,N,nivas,Y,,SILENT,2026-08-29T03:08:16.073418+00:00
ubuntu:train:2013-10-11:127:0:186698,train,11-10-2013,question,speak_open_q,SPEAK,Unanswered question about locating disc image,question + no clear addressee,ryaninwa,TRUE,FALSE,,ryaninwa: can anyone please help me?,"wilee-nilee: !ot | dobbos
ubottu: dobbos: #ubuntu is the Ubuntu support channel, for all Ubuntu-related support questions. Please use #ubuntu-offtopic for other topics (though our !guidelines apply there too). Thanks!
dobbos: done that as per a couple of how-to's, no luck :(
wilee-nilee: there is a ubuntu Christian edition however
wilee-nilee: http://ubuntuce.com/
ersatz: hey, can anyone help me figure out why my 12.04 stops booting for me?
swaagie: wilee-nilee: any pointers from the gist?
ersatz: what would the gist be?
cbilljones: I have an init script that is looking for rc.local which ubuntu doesnt use, can anyone assist me to get it working?
ryaninwa: Hello I am trying to use the startup disk creator to make a bootable usb drive but when I try to choose my source disc image I cannot find it
ryaninwa: in the online instructions for creating one it doesn't specify a location other than the default location that opens when choosing other
ryaninwa: can anyone please help me?",TRUE,,SPEAK,grok_judge_draft,Startup Disk Creator cannot find ISO; unanswered.,Y,nivas,Y,,SPEAK,2026-08-29T03:08:23.370469+00:00
ubuntu:train:2013-10-28:128:0:188712,train,28-10-2013,question,speak_open_q,SPEAK,Unanswered question about a single file with dependencies,question + no clear addressee,jon1233,TRUE,FALSE,,jon1233: One big file that has it all and can auto-install?,"jon1233: I cant no internet adapter on that computer
Dr_Willis: jon1233:  thats how ubuntu is designed to work.
Dr_Willis: run a cable
jon1233: no internet adapter
jon1233: not even place to plug in cable
Dr_Willis: otherwise you are going to spend i imagine several hours at this
jon1233: so much for ease of use
Dr_Willis: its designed for mondern people who do have internet.
jon1233: windows works fine without internet
jon1233: Is there no big file I can download that contains all the dependencies?
msdw: jon1233:hey do you have a smart phone, u can use tether to share the internet
jon1233: One big file that has it all and can auto-install?",TRUE,,SPEAK,grok_judge_draft,Follow-up to Dr_Willis about an offline deps bundle.,Y,nivas,Y,,SILENT,2026-08-29T03:08:30.355483+00:00
ubuntu:train:2013-10-28:128:0:188722,train,28-10-2013,other,speak_open3,SPEAK,"Last line asks about video player with codecs, needs technical hint",open question in last 3,jon1233,FALSE,FALSE,,jon1233: just any video player that can play most video files,"msdw: jon1233:hey do you have a smart phone, u can use tether to share the internet
jon1233: One big file that has it all and can auto-install?
Dr_Willis: jon1233: not that i have EVER seen.
Dr_Willis: ubuntu has a built in video player..
shan: hey i'm having some trouble with editing my partitions, I have gparted installed and useable as a LiveUSB app, when i boot it, it puts me in  a debian desktop where i can use gparted... but i need help, here are my partitions: http://i.imgur.com/qResR5Y.png
msdw: jon1233: only conected to the internet you can do the apt-get install vlc
jon1233: I dont have a smartphone
Dr_Willis: jon1233:  or find some ubuntu system that does have networking and use the apt-on-cd tool
Dr_Willis: or even a ubuntu live-usb
jon1233: Is there a way to get the restricted codecs installed?
jon1233: I dont need VLC so much as codecs
jon1233: just any video player that can play most video files",TRUE,,SILENT,grok_judge_draft,Clarifying to Dr_Willis they need codecs not VLC.,N,nivas,Y,,SILENT,2026-08-29T03:08:56.758504+00:00
ubuntu:train:2014-01-08:130:0:190109,train,08-01-2014,other,speak_open3,SPEAK,last line expresses confusion about outdated info,open question in last 3,demophobia,FALSE,FALSE,,"demophobia: oh, but that was last updated 2 years ago","buklau: drobuddy, i cant find anythign specific with a wifi card
drobuddy: From personal experience, I highly recommend avoiding encrypted volumes unless you really know what you're doing. They are a pain to recover if you're not careful
Psil0Cybin: psusi:  I now see
demophobia: At https://help.ubuntu.com/community/HardwareSupportComponentsWirelessNetworkCardsNetgear I click the link for WNA1100, but it -- http://sourceforge.net/projects/ath9...htc-installer/ -- leads to 'page not found' error
Psil0Cybin: all 3 hard drives, no parttitons
Psil0Cybin: within them all
Psil0Cybin: 1 TB each hard drive.
psusi: Psil0Cybin, instead of add or remove a partition, you want new partition table / disk label
Psil0Cybin: oh
VLanX: is there any chance with dd or anything else to read a file from and device and discard the data? In other words, I need to perform a true read benchmark on a remote NFS partition...
Psil0Cybin: i cannot find that option
demophobia: oh, but that was last updated 2 years ago",TRUE,,SPEAK,grok_judge_draft,Noting the wiki is two years old; no new ask.,Y,nivas,Y,,SILENT,2026-08-29T03:09:30.983463+00:00
ubuntu:train:2014-01-08:130:0:190328,train,08-01-2014,question,speak_open_q,SPEAK,unanswered question about potential installation issue,question + no clear addressee,Psil0Cybin,TRUE,FALSE,,Psil0Cybin: did i just mess it up again?,"* psusi beats partx into submission and fixes it to correctly resize partitions on the fly, other than partition number 1...
Psil0Cybin: error: no such disk grub rescue>
Psil0Cybin: what is going on ......
smacktalk1: rdesktop isn't working quite right...telling me my userid and password are wrong
psusi: Psil0Cybin, there should have been a step in the installer that asked you to pick where to install grub to and given a menu of choices.. you should have picked sda, sdb, and sdc
Psil0Cybin: it just said
Psil0Cybin: to add master grub record
Psil0Cybin: and i said yes
Psil0Cybin: if this was the only system on the hard drive
FloodBot1: Psil0Cybin: Please don't flood; use http://paste.ubuntu.com to paste; don't use Enter as punctuation.
Psil0Cybin: and it was , so i thought it would work perfectly....
Psil0Cybin: did i just mess it up again?",TRUE,,SILENT,grok_judge_draft,Asking psusi if GRUB install was botched; helper present.,N,nivas,Y,,SILENT,2026-08-29T03:09:50.943817+00:00
ubuntu:train:2014-08-14:131:0:192196,train,14-08-2014,other,speak_other,SPEAK,Trackpad issue not addressed yet,other,coolstar,FALSE,FALSE,,coolstar: I have the Acer C720,"TJ-: Takkun: You downloaded the ssd_fw_up.img using 'wget' as I showed? Then it should be in the current directory. Check with ""ls -al""
Takkun: TJ-: im sorry the command no works since i moved locations to the downloads folder
OERIAS: _Kyon_, por favot vayase al canael de #ubunut-es
Takkun: TJ-:now*
TJ-: Takkun: Where is the ssd_fw_up.img ? You need to 'cd' (change directory) into the directory where that file is
izabera: is there a way to see keyboard shortcuts associations? for some reason ctrl+alt+t is not bringing up a terminal anymore
izabera: in system / keyboard it's still set correctly
TJ-: Takkun: OK, so the ""sudo dd if=..."" command worked ?
Takkun: TJ-: sorry correct it works
coolstar: I have ubuntu running on my system, but the trackpad doesn't appear to be working
coolstar: a USB mouse works but I'd want the trackpad to work too
coolstar: I have the Acer C720",TRUE,,SPEAK,grok_judge_draft,Acer C720 trackpad dead; unanswered.,Y,nivas,Y,,SPEAK,2026-08-29T03:10:20.678507+00:00
ubuntu:train:2014-08-14:131:0:192730,train,14-08-2014,question,speak_open_q,SPEAK,Unanswered question about autostart services in Ubuntu 14.04,question + no clear addressee,PechosRey,TRUE,FALSE,,PechosRey: can someone tell me how the new autostart of services in ubuntu 14.04 works?,"Raz1: cfhowlett: All right
ikonia: blubaustin: doddle = very easy
blubaustin: Why not
blubaustin: I have backups
ikonia: blubaustin: because it's pre-release, it breaks it is unstable
blubaustin: read above ^
ikonia: blubaustin: ok, then please join #ubuntu+1 for 14.10 discussion
cfhowlett: blubaustin, AND it's not supported here so >>> #ubuntu+1 for support please
blubaustin: So to me if I can help the team, and other people can its worth it
ikonia: blubaustin: this channel only suppors the stable release
blubaustin: crap >_>
PechosRey: can someone tell me how the new autostart of services in ubuntu 14.04 works?",TRUE,,SPEAK,grok_judge_draft,Unanswered how 14.04 service autostart works.,Y,nivas,Y,,SPEAK,2026-08-29T03:10:43.696931+00:00
ubuntu:train:2014-09-29:132:0:193708,train,29-09-2014,other,silent_open3,SILENT,"last line provides information, awaiting further advice",open question in last 3,sleipnir,FALSE,FALSE,,"sleipnir: k1l, zero system load","roamer: EriC^^ : i mean i used to dual boot...
roamer: EriC^^ : now I get that weird https://bugs.launchpad.net/ubuntu/+source/grub2/+bug/1289977 error
ubottu: Launchpad bug 1289977 in grub2 (Ubuntu) ""Ubuntu 14.04 Update breaks grub, resulting in ""error: symbol 'grub_term_highlight_color' not found"""" [High,Triaged]
EriC^^: did ever run an upgrade on the machine?
roamer: thank you ubottu
roamer: EriC^^ : yes from 13 to 14....
b0x: hello
zy3pDbot: hi
sleipnir: hi everyone, another ubuntu question: I am running 12.04 server and ssh is taking very long to respond (about 30 seconds)
sleipnir: what causes something like that and how can I fix it?
k1l: sleipnir: system load?
sleipnir: k1l, zero system load",TRUE,,SILENT,grok_judge_draft,Answering k1l that SSH delay is not load.,Y,nivas,Y,,SILENT,2026-08-29T03:11:04.036057+00:00
ubuntu:train:2015-02-04:136:0:199013,train,04-02-2015,question,silent_open_q,SILENT,Last line is a new question not yet addressed but no technical hint needed yet.,question + no clear addressee,kk_,TRUE,FALSE,,kk_: Which icon?,"xangua: kk_: you could try asking in #ubuntu-desrver
xangua: #ubuntu-server
rizmut_: tlotuspsychje: he site tell me it's supported http://www.geforce.com/hardware/notebook-gpus/geforce-840m/specifications
rizmut_: *the
lotuspsychje: kk_: there is a green android mounting icon for ubuntu, forgot its name
xangua: lotuspsychje: no desktop
lotuspsychje: xangua: that icon cant be started from terminal?
lotuspsychje: rizmut_: its optimus enabled
rizmut_: lotuspsychje: yaps, so?
lotuspsychje: !info nvidia-prime | rizmut_ install this package
ubottu: rizmut_ install this package: nvidia-prime (source: nvidia-prime): Tools to enable NVIDIA's Prime. In component main, is optional. Version 0.6.7 (utopic), package size 11 kB, installed size 102 kB (Only available for i386; amd64)
kk_: Which icon?",TRUE,,SILENT,grok_judge_draft,Asking lotuspsychje which mount icon; helper present.,Y,nivas,Y,,SILENT,2026-08-29T03:11:21.230352+00:00
ubuntu:train:2015-02-04:136:0:199797,train,04-02-2015,addressed_not_question,silent_addressed,SILENT,in-window helper already addressing the query,addressed to human,DJones,FALSE,FALSE,chadmandoo,DJones: chadmandoo: I'd be tempted to pick a laptop and then do a search for the specific model on ubuntuforums and see whether anybody has made any comments,"oal: After upgrading to 14.10, Java stopped working in Firefox. I need it for my bank. Is there a package I can install from apt-get? I already have icedtea installed
DJJeff: http://paste.ubuntu.com/10055745/
DJJeff: thats DMESG/syslog output
chadmandoo: hey how would i know if a computer I purchase would be supported on ubuntu, particularly the graphics card
MonkeyDust: !hardware | chadmandoo start here
ubottu: chadmandoo start here: For lists of supported hardware on Ubuntu see https://wiki.ubuntu.com/HardwareSupport - To help debugging and improving hardware detection, see https://wiki.ubuntu.com/DebuggingHardwareDetection
cfhowlett: chadmandoo, check before you buy:  http://www.ubuntu.com/certification/
chadmandoo: if its not on the certified list will it still be possible to work?
cfhowlett: chadmandoo, possible
chadmandoo: im looking to buy a laptop with the 5th gen i7
cfhowlett: chadmandoo, you have the list.  whether or not you choose to, oh, choose wisely, is up to you.
DJones: chadmandoo: I'd be tempted to pick a laptop and then do a search for the specific model on ubuntuforums and see whether anybody has made any comments",TRUE,,SILENT,grok_judge_draft,Helper advising chadmandoo how to check laptop support.,Y,nivas,Y,,SILENT,2026-08-29T03:11:46.901700+00:00
ubuntu:train:2015-04-19:137:0:200311,train,19-04-2015,question,speak_open_q,SPEAK,"awatt asks about DNS correctness,无人处理",question + no clear addressee,awatt,TRUE,FALSE,,awatt: how do i know if my dns is correct?,"ioria: haskell0_, eventually, check ~/.Xauthority for permissions
lotuspsychje: !printer | colbyf
ubottu: colbyf: Printing in Ubuntu is done with cups. See https://help.ubuntu.com/community/Printers - https://wiki.ubuntu.com/HardwareSupportComponentsPrinters - http://linuxprinting.org - Printer sharing: https://help.ubuntu.com/community/NetworkPrintingWithUbuntu
awatt: hi
lotuspsychje: awatt: welcome, what can we do for you?
colbyf: its an epson printer connected to win7 via usb
colbyf: I had it working yesterday but reinstalled ubuntu gnome but can't remember who I downloaded the normal print manager
lotuspsychje: colbyf: see the trigger
awatt: i am connected to internet i can ping websites but i cant browse
colbyf: ya see the ubuntu gnome dosent have the wizard that says install windomes printer via smb
haskell0_: cfhowlett, from command line, when I run ""sudo apt-get update"" I keep getting ""could not resolve http:...""
awatt: how do i know if my dns is correct?",TRUE,,SPEAK,grok_judge_draft,"Ping works, browse fails; DNS check still unanswered.",Y,nivas,Y,,SPEAK,2026-08-29T03:12:04.671633+00:00
ubuntu:train:2015-05-08:138:0:202330,train,08-05-2015,other,speak_other,SPEAK,User needs help with resizing windows,other,JFlash,FALSE,FALSE,,JFlash: suddenly I can no longer resize my windows by dragging on the edges,"thanius: default session can be changed, but not for autologin
LinuxFan47: There is a button on the side of the tablet pc I believe is aswitch forbluetooth but doesn't do anything.
JustSighDudes: ki7mt: What's Mirror? And I just started an instance on amazon and it was using 80MB
bazhang: LinuxFan47, is this mint or ubuntu
LinuxFan47: Ubuntu mate 14.04
LinuxFan47: Just installed.HP TC4400 tablet pc
ki7mt: JustSighDudes, Ubuntu Repo Mirror with deb-mirror.
ki7mt: JustSighDudes, I can't speak to Amazon Images, this is a small HP mini box I suck a full LAMP server on.
bsjp: join #bitcoin
bsjp: ouposs
JFlash: help
JFlash: suddenly I can no longer resize my windows by dragging on the edges",TRUE,,SPEAK,grok_judge_draft,Cannot resize windows by dragging edges; unanswered.,Y,nivas,Y,,SPEAK,2026-08-29T03:12:28.413758+00:00
ubuntu:train:2015-06-12:139:0:202424,train,12-06-2015,other,silent_other,SILENT,"Last line is a statement, not a question or need for help.",other,Lothario,FALSE,FALSE,,Lothario: perms 777,"Unhammer: *to sshd
Lothario: rmdb1:/# rm -rf home.bad
Lothario: rm: cannot remove ‘home.bad/admin/conf/mail’: Permission denied
ImJune: my mousepad was working again last night... sigh
ImJune: I may give up
Lothario: mail is a directory with perms 777 owner root
KettleWork: TJ-, I managed to touch it into the future! Like so: touch -d ""$(date -r messages.txt) + 1000 years"" messages.txt
TJ-: Lothario: but what about ""/home.bad/admin/conf"" ?
ImJune: this is not mystery hardware its an intel controller I dunno why they can't get this stable
Lothario: same
Lothario: all owned by root
Lothario: perms 777",TRUE,,SILENT,grok_judge_draft,Answering TJ- that perms are already 777.,Y,nivas,Y,,SILENT,2026-08-29T03:12:43.788042+00:00
ubuntu:train:2015-08-10:140:0:204572,train,10-08-2015,question,silent_open_q,SILENT,"last line is a suggestion to move the thread, not a direct question",question + no clear addressee,cfhowlett,TRUE,FALSE,,"cfhowlett: khangeek, ask #ubuntu-server or #networking ?","Ben64: khangeek: what is zenoss, where did you get it
Ben64: Nakul: yeah i know, thats why i said that
zzarr: Nakul, can you pastebin your /etc/fstab?
popey: Nakul: i would be inclined to ""sudo apt-get update && sudo apt-get install ubuntu-desktop"" and see if it installs anything that was missing. (I suspect it will)
khangeek: @Ben64 zenoss is a server monitoing tool based on snmp protocl
popey: Nakul: eek, mistake, should be ""sudo apt-get update && sudo apt-get install ubuntu-desktop^"" <- note tha ^
Nakul: I tried it like 2-3 times does not work
khangeek: <Ben64> u got
Nakul: not tried that
popey: Nakul: with the ^? You need that
Nakul: i will check on it
cfhowlett: khangeek, ask #ubuntu-server or #networking ?",TRUE,,SILENT,grok_judge_draft,Helper redirecting khangeek to #ubuntu-server.,Y,nivas,Y,,SILENT,2026-08-29T03:13:06.243008+00:00
ubuntu:train:2015-10-19:143:0:207578,train,19-10-2015,other,silent_other,SILENT,"Last line is advice, not an unanswered request.",other,badbodh,FALSE,FALSE,,"badbodh: if midori lags too, then website's fault","badbodh: Segfault_, then use ""apt-key add /path/to/your/key-file""
nelozz: hey fr?
badbodh: btw ubuntu-server has a separate channel. this one's primarily meant for desktop users.
Zetta: This website made my temperature go up to 80º omg http://downloads.tomsguide.com/Epiphany,0305-1192.html
Zetta: Plays video okay, but then enters site and sh*t starts spinning. lol
syntroPi: Zetta, even Mozilla seems not to trust their NPAPI architecture anymore since adobe flash is full of security breaching bugs. maybe the chrome(ium) PPAPI is a bit more secure on linux (sandboxed).
badbodh: !language | Zetta
ubottu: Zetta: The main Ubuntu channels require that you speak in calm, polite English. For other languages, please visit https://wiki.ubuntu.com/IRC/ChannelList
badbodh: *** won;t do :)
Zetta: Oh, sorry. :D
badbodh: tomsguide appears to be a heavy website. install midori and see. ""sudo apt-get install midori""
badbodh: if midori lags too, then website's fault",TRUE,,SILENT,grok_judge_draft,Helper diagnosing Zetta site lag vs browser.,Y,nivas,Y,,SILENT,2026-08-29T03:13:29.639074+00:00
ubuntu:train:2015-11-26:144:0:208641,train,26-11-2015,question,silent_thanks,SILENT,last line is chit-chat,thanks,fullstack,TRUE,TRUE,,fullstack: guys should I start eating the thanksgiving food right now?,"Extreminador: ctrl + ""key 9""
logglog: OerHeks: How can find the URL for the Ubuntu i want to connect with for printing
dougbb: Ok ... I used to use it that a lot ... worked fine ... there were some patches that needed to be applied for the kernel modules, but that may be fixed in newer versions of vmware
dougbb: Extreminador: I'm not sure what key 9 is supposed to be .... you need to use the right square bracket
dougbb: The ] key
rogger_h: ok i change chown/chgrp permission so now im like nginx nginx       4096 Nov 26 01:49 html
rogger_h: but still not working
dougbb: rogger_h: did you change the config to enable directory listing as described in the page I pasted for you?
daftykins: rogger_h: well you didn't actually share the result of the first, so as fun as commenting on 50% of the information is
dougbb: it's not on by default
Extreminador: yehh the key 9 on a portuguese keyboard has 3 function ... the 9 (no need to press any other key), the ( need to press shift+9 and the ] need to press altgr+9
fullstack: guys should I start eating the thanksgiving food right now?",TRUE,,SILENT,grok_judge_draft,Thanksgiving food; offtopic.,Y,nivas,Y,,SILENT,2026-08-29T03:13:50.392439+00:00
ubuntu:train:2015-12-28:145:0:209164,train,28-12-2015,question,silent_open_q,SILENT,last line is a joke/not a clear question,question + no clear addressee,cfhowlett,TRUE,FALSE,,"cfhowlett: Guddu, could yes. should?  no.","* teward goes back to stabbing the next uploads
auzty: ok :)
h-_-_-: no kvm on lubuntu when run sudo rmmod kvm_intel kvm...
hoglahoo: I've just installed ubuntu 10.04 on an older toshiba satellite c655 laptop.  it's a fresh install on a new hard drive. I'm trying to establish an internet connection. It didn't find any wireless networks automatically, so I added mine manually, and it said a connection was established but I am unable to bring up any webpages in a browser.  I've also tried making a wired connection, but have
hoglahoo: been unsuccessful establishing that connection.  I've not been able to find anything from google that answers my specific situation - any ideas
cfhowlett: hoglahoo, 10.04 is not supported in any way, shape or form.  install a supported version: lubuntu loves older hardware
hoglahoo: ok
Guddu: What is the resulting file system when a CD/DVD is written to as per the guide at https://help.ubuntu.com/stable/ubuntu-help/files-disc-write.html
greyscale: @Guddu ISO 9660 I believe
greyscale: https://en.wikipedia.org/wiki/ISO_9660
Guddu: greyscale, Can a CD/DVD ever have ext2 filesystem ?
cfhowlett: Guddu, could yes. should?  no.",TRUE,,SILENT,grok_judge_draft,Helper answering Guddu about ext2 on CDs.,Y,nivas,Y,,SILENT,2026-08-29T03:14:14.089736+00:00
ubuntu:train:2015-12-28:145:0:209233,train,28-12-2015,other,silent_other,SILENT,"last line introduces new topic, previous issue resolved",other,j_,FALSE,FALSE,,"j_: hey, question on getting GameRanger to install under Wine","nolsen: Too hard, I like the GUI.
nolsen: Oh.
alwan: use gnome-disk-utility
alwan: https://en.wikipedia.org/wiki/GNOME_Disks
nolsen: alwan: I want to encrypt it though
alwan: it's simple
alwan: I never encrypt my disk
nolsen: Well I do.
SchrodingersScat: gnome-disks can deal with the encryption
nolsen: Nvm, I got it encrypted, without that.
smacktalk: s
j_: hey, question on getting GameRanger to install under Wine",TRUE,,SPEAK,grok_judge_draft,New unanswered GameRanger-under-Wine question.,N,nivas,Y,,SPEAK,2026-08-29T03:14:32.890577+00:00
ubuntu:train:2015-12-28:145:0:209604,train,28-12-2015,question,silent_open_q,SILENT,Multiple unrelated questions; last line owned by a human.,question + no clear addressee,FrankChen,TRUE,FALSE,,FrankChen: Did the ralink firmware on debian work??,"poops: could be. i think its worth a shot
poops: always have snapshot revert..
cfhowlett: poops also to be consider: you have an older box.  new ubuntu might just be too demanding. consider lubuntu or xubuntu
FrankChen: Hello
poops: its server version
cfhowlett: 10.10 is most certainly not new
cfhowlett: FrankChen, greetings.  ask your ubuntu question
FrankChen: How to fix Ralink WiFi ??
FrankChen: Rt2870
FrankChen: Greeting
Lurchy: hey everyone....is it easy to reinstall mysql and php in ubuntu 15.10?
FrankChen: Did the ralink firmware on debian work??",TRUE,,SPEAK,grok_judge_draft,Ralink RT2870 still unanswered after greeting.,N,nivas,Y,,SPEAK,2026-08-29T03:14:51.243165+00:00
ubuntu:train:2015-12-28:145:0:210073,train,28-12-2015,other,silent_open3,SILENT,Last line indicates understanding or acceptance.,open question in last 3,YamakasY,FALSE,FALSE,,"YamakasY: ok, this is an upgrade","lettuce45: hi, I want to encrypt my hdd (not an external one): what if I create a partition, encrypt it to luks+ext4, make a backup of my os and all installed apps there and then get rid of the old non encrypted partition?
lettuce45: would that work?
indira: hola
YamakasY: mhh okay but what is the way now to reboot a machine in 15.x ?
YamakasY: and shutdown ?
YamakasY: can't find it
ikonia: still thre
ikonia: there
YamakasY: not in sbin
YamakasY: ikonia: can you be more precise ?
ikonia: it's on my 15.10 install, but I'm not on it, so I can't confirm the path for you
YamakasY: ok, this is an upgrade",TRUE,,SILENT,grok_judge_draft,Telling ikonia this 15.x box is an upgrade.,Y,nivas,Y,,SILENT,2026-08-29T03:15:07.476830+00:00
ubuntu:train:2017-02-06:146:0:210775,train,06-02-2017,addressed_not_question,speak_addressed,SPEAK,Last line presents a specific issue needing technical help,addressed to human,TBotNik,FALSE,FALSE,All,"TBotNik: All: The error is in the dpkg created for MySQL to upgrade from 5.5.x to 5.7 and on the laptop, during build, has called this 7 times, even though only declared once","Arkikas: Hello
Arkikas: have are you  Guys ???
tomreyn: Guest2152:  that's ""virtual appliances"", so an image of a VM.
tomreyn: hi Arkikas
elichai2: another thing,  what is Starting Laptop Mode Tools? I get this a lot too in syslog http://pastebin.com/0idfdytq
Guest2152: sorry did not get wht u are saying
Arkikas: tomreyn : have are you
Guest2152: i just need to login to mysql
tomreyn: Arkikas: do you have an ubuntu support question? if not, please chat i #ubuntu-offtopic instead. thank you!
TBotNik: Help! On Kubuntu 14.04 LTS! DPKG has a major error and has trashed my server. Getting error: ""Call to lnusertemp failed (temporary ddirectories fullD?). Check your installation"".  This is because dpkg is hanging and causing the disk to fill.  Help please.  Also experiencing the same on my laptop here, but refusing to reboot, so as to not loose inet connection to get help!
TBotNik: All: Went through Recovery mode, deleted all in the /tmp dir, but didn't help.  The enabled disk r/w and looked for all the *.deb and *.part downloads, deleted, but still get msg.  Do not know what file types dpkg creates, so no idea what to delete for that!
TBotNik: All: The error is in the dpkg created for MySQL to upgrade from 5.5.x to 5.7 and on the laptop, during build, has called this 7 times, even though only declared once",TRUE,,SPEAK,grok_judge_draft,dpkg hang filling disk; group cry for help unanswered.,Y,nivas,Y,,SPEAK,2026-08-29T03:15:27.410362+00:00
ubuntu:train:2017-02-06:146:0:210852,train,06-02-2017,other,speak_other,SPEAK,DNS issue with ping but nslookup works,other,KCmetro,FALSE,FALSE,,KCmetro: nslookup google.com . . . but ping google.com does not,"MrOpenSource: nicomachus LUKS+EXT4
lebeev: hey, I'm running ubuntu minimal with awesome WM on a 4th gen thinkpad x1 carbon, and I'm trying to get the fn keys to work for volume and brightness. acpi_listen shows the events properly but I'm not entirely sure where to go from there
TBotNik: nacc: with disk full and unable to login any way shape or form and only at ""root"" in recovery mode an ""uninstall"" is impossible!
aadi: hi
aadi: hi'
TBotNik: nacc: Must be able to purge the files off the HD, so I can actually login!
aadi: any1 there
newdan: aadi: Yes there are a ton of people here
KCmetro: I just (remotely) started the upgrade process on my ubuntu yakkety server to zesty, although am unable to ping addresses by names (DNS)
KCmetro: looking into getting that working again but no luck yet
KCmetro: it looks like nslookup works
KCmetro: nslookup google.com . . . but ping google.com does not",TRUE,,SPEAK,grok_judge_draft,"nslookup works, ping-by-name fails; unanswered.",Y,nivas,Y,,SPEAK,2026-08-29T03:15:46.060958+00:00
ubuntu:train:2017-02-06:146:0:211118,train,06-02-2017,other,silent_other,SILENT,"Last line is a command to a bot, not a question or request for help.",other,bazhang,FALSE,FALSE,,bazhang: !steam,"nacc: w9qbj: please use a pastebin
timyp: ifenslave is well documented https://help.ubuntu.com/community/UbuntuBonding
blueking: timyp what modes I can use on mine hp procurve
nacc: w9qbj: i guess for sanity's sake `which java` as well
blueking: ie load balancing will work or not
timyp: thats more a question for HP no Ubuntu support
timyp: It looks like that switch does support lacp https://community.hpe.com/t5/ProCurve-ProVision-Based/Procurve-2810-24g-trunking-lacp-setup-for-newbie/td-p/5899089
w9qbj: nacc, /usr/bin/java - but I have both open and oracle installed, I need oracle - that's how the alternatives are set now, If arduino neess openjdk how do I for force that
nacc: w9qbj: i think you'd need to cahnge the arduino script to invoke the correct java
Kubius: bello
Kubius: I'm on Lubuntu 16.10 and having some issues with a Steam install - should I go here, or somewhere else
bazhang: !steam",TRUE,,SILENT,grok_judge_draft,Helper triggering !steam for the Lubuntu user.,Y,nivas,Y,,SILENT,2026-08-29T03:16:03.462304+00:00
ubuntu:train:2017-05-09:149:0:214999,train,09-05-2017,other,silent_open3,SILENT,"Last line provides location, not a technical request",open question in last 3,Georgies,FALSE,FALSE,,Georgies: EU,"Georgies: So yes
Georgies: Hmm
pynki: and the release fiel is there :/
pynki: apt-get clean @Georgies
pynki: thatchanges anything?
Georgies: Let me try it
Georgies: Changed nothing
Georgies: :(
Georgies: I did apt-get update after
ducasse: Georgies: it looks a lot like a temporary error, i've seen similar things before
pynki: Gerogies, where are you located?
Georgies: EU",TRUE,,SILENT,grok_judge_draft,Answering pynki that they are in the EU.,Y,nivas,Y,,SILENT,2026-08-29T03:16:23.892414+00:00
ubuntu:train:2017-07-15:150:0:216904,train,15-07-2017,question,silent_open_q,SILENT,"last line is a new, unrelated question",question + no clear addressee,smusiland,TRUE,FALSE,,"smusiland: Hey, is unreadahead service important?","ioria: Arunangshu,  what DE are you using ?
Arunangshu: ioria, earlier i was using which came with ubuntu 14.04,
ioria: Arunangshu,  so, unity ---- sudo apt-get install --reinstall ubuntu-desktop
jspaceman: sorry sebseb, i am at work...nope i cleaned windows off the laptop completely...running nothing but ubuntu
Arunangshu: ioria, ok its done
sebsebseb: jspaceman: Yeah that's good, but someties suddenly someone wants to run a program for windows that doenst' work,  or may work with Wine
sebsebseb: !wine
ubottu: WINE is a compatibility layer for running Windows programs on GNU/Linux - More information: https://help.ubuntu.com/community/Wine - Search the !AppDB for application compatibility ratings - Join #winehq for application help - See !virtualizers for running Windows (or another OS) inside Ubuntu
ioria: Arunangshu,  sy, have to go .... try reboot, if you get errors come back here
Arunangshu: ioria, ok can u tell me why elementary desktop didn't worked well on my device
Shawn|C2Duo: this is awesome, fixed my tv's overscan https://wiki.hackspherelabs.com/index.php?title=Sanyo_DP26648_Disable_Overscan
smusiland: Hey, is unreadahead service important?",TRUE,,SPEAK,grok_judge_draft,Unanswered whether unreadahead service matters.,N,nivas,Y,,SPEAK,2026-08-29T03:16:43.139046+00:00
ubuntu:train:2017-07-15:150:0:217381,train,15-07-2017,question,speak_addressed,SPEAK,Clarifying permissions needed for group access,addressed to human,mutante,TRUE,FALSE,toothfairy_,"mutante: toothfairy_: just ""w"" for the group but no ""r"" or ""x"" ?","hfp: cfhowlett: THanks
mutante: hfp: 2.7 https://packages.ubuntu.com/xenial/python you can search this stuff on that website
hfp: mutante: would it tell me if it's install by default on 16.04 server?
mutante: hfp: not really if it's installed by default, just that it exists and is installable i'm afraid
tomreyn: help321: also, did the installation succeed without errors?
mutante: hfp: python3 is ALSO available, using the package name python3   https://packages.ubuntu.com/xenial/python3
cfhowlett: hfp, I don't recall installing p3 but it is present on my 16.04.
help321: My motherboard is a gigabyte z87x-ud3h, intel i5 bought 4 yrs ago, gtx 760, and yeah the installation succeeded without errors as far as I know
mutante: you can have them both installed at the same time.. i think
toothfairy_: Hi, little bit stuck on permissions ... drwx-w---- 2 www-data mailserver 4096 Jul 15 18:23 tmp ... User postfix and fmaster are member of group mailserver, still I get permission denied when postfix try to deliver email.  maildir access problem for UID/GID=1000/1000: create maildir file /home/fmaster/Maildir/tmp/1500149772.P13203.rose.space: Permission denied   ... UID 1000 =  uid=1000(fmaster) gid=1000(fmaster) groups
toothfairy_: =1000(fmaster),27(sudo),1001(mailserver) ... Any ideas?
mutante: toothfairy_: just ""w"" for the group but no ""r"" or ""x"" ?",TRUE,,SILENT,grok_judge_draft,Helper spotting missing r/x on the Maildir group.,N,nivas,Y,,SILENT,2026-08-29T03:17:00.015747+00:00
ubuntu:train:2017-07-15:150:0:217572,train,15-07-2017,question,silent_open_q,SILENT,last line is a question already being handled,question + no clear addressee,ChogyDan,TRUE,FALSE,,"ChogyDan: Melissa_McC, are you on a terminal?","hfp: ChogyDan: well idk at that point, I dont't want to make it worse and I think grub-pc is still there
hfp: oerheks_: I will make an archive of my /home/myuser
oerheks_: grub-efi-amd64 grub-efi-amd64-signed are removed..
oerheks_: reinstall grub would do, i guess
Melissa_McC: sary ...ok just out of the blue (while I was cd'ing to the dir where the drivers are)...it suddenly says ""Do you want to start the upgrade?  27 packages are going to be upgraded....66.6M - this download will take 8 mins with a 1Mbit DSL...""
ChogyDan: hfp, ya, backup /home   and then you can reinstall the packages, and maybe run boot-repair
Melissa_McC: sary Continue YN...Details (D).... and now it looks like I have a cmd prompt  - but when I type nothing happens
ChogyDan: Melissa_McC, bg
ChogyDan: or no, I forget the command
ChogyDan: fg
Melissa_McC: ChogyDan ?
ChogyDan: Melissa_McC, are you on a terminal?",TRUE,,SILENT,grok_judge_draft,Helper asking Melissa if she is on a terminal.,Y,nivas,Y,,SILENT,2026-08-29T03:17:27.717737+00:00
ubuntu:train:2017-09-02:151:0:217649,train,02-09-2017,question,speak_open_q,SPEAK,Unanswered question about needing lightdm,question + no clear addressee,|subz3r0|,TRUE,FALSE,,|subz3r0|: or do i need the whole lightdm?,"koomen: Hi there. I run ubuntu 16.04 LTS on a macbook and have problems with xbacklight. When I do: xbacklight -dec 20 I get ""No outputs have backlight property""... I googled a lot already but can't find something that works for me
|subz3r0|: hi
|subz3r0|: after installing a DE on ubuntu server 16.04, after a reboot no desktop comes up. its bootin in the cli again. any ideas?
ledeni: |subz3r0|, what de you using?
|subz3r0|: mate
tomreyn: |subz3r0|: how did you install mate?
|subz3r0|: mate-desktop without recommends
ledeni: |subz3r0|, try startx to see it come up
|subz3r0|: startx is not installed
tomreyn: you probably lack a display manager
|subz3r0|: lightdm-gtk-greeter is fine?
|subz3r0|: or do i need the whole lightdm?",TRUE,,SILENT,grok_judge_draft,Follow-up to tomreyn on lightdm vs greeter.,N,nivas,Y,,SILENT,2026-08-29T03:17:44.067191+00:00
ubuntu:train:2017-09-02:151:0:218891,train,02-09-2017,other,speak_other,SPEAK,last line indicates need for support direction,other,godsring,FALSE,FALSE,,godsring: I honestly dont know where else to go,"keb_: ducasse, sorry i meant 16.04 LTS
ducasse: keb_: try ""deb http://debian.sur5r.net/rofi/ xenial universe"", but that is of course totally unsupported
keb_: ducasse, i thought 16.04 is still supported Ubuntu? :(
keb_: what is the newest version?
kostkon: keb_, it's still supported (and will be until april 2021). 3rd party repos do not get support here.
EriC^^: the release is, the ppa isn't technically supported by the channel, like ""officially""
ducasse: keb_: 16.04 is still supported. latest official rofi is 1.3.1, which is in that repo
keb_: ah i see thank you
godsring: Hmm
godsring: Is my question supported here
godsring: Mentioning that it is a mmi issue
godsring: I honestly dont know where else to go",TRUE,,SPEAK,grok_judge_draft,"No actual question, just nowhere-else-to-go.",Y,nivas,Y,,SILENT,2026-08-29T03:18:12.468058+00:00
ubuntu:train:2017-09-02:151:0:218943,train,02-09-2017,other,silent_other,SILENT,Last line indicates continuation of ongoing discussion,other,cyphex,FALSE,FALSE,,"cyphex: EriC^^, I've tried most of them to no avail","ducasse: cyphex: http://askubuntu.com/questions/289559/how-can-i-create-a-windows-bootable-usb-stick-using-ubuntu
godsring: Have you tried copying over the files and setting up the drive manually
cyphex: yep
godsring: Hmm
godsring: Are you trying to do UEFI?
cyphex: godsring, whatever works
godsring: You could try using unetbootin
cyphex: didn't they drop support for windows images?
silvian: cyphex: are you trying to build a win 7 image using Ubuntu?
EriC^^: cyphex: check the link ducasse gave you, it has a ton of solutions
godsring: Not to my knowledge regardless you would partition with gparted anyhow
cyphex: EriC^^, I've tried most of them to no avail",TRUE,,SILENT,grok_judge_draft,Telling EriC the AskUbuntu methods already failed.,Y,nivas,Y,,SILENT,2026-08-29T03:18:34.284606+00:00
ubuntu:train:2017-09-02:151:0:219010,train,02-09-2017,other,speak_open3,SPEAK,open question on drive corruption needs hint,open question in last 3,cyphex,FALSE,FALSE,,cyphex: about 30 minutes ago,"ioria: remember something about mkusb ...
silvian: cyphex: VM WORK DIDN'T WORK??? That's unpossible! :D
cyphex: hahaha
godsring: Well his drive my be corrupt or his install of ubuntu is just broken
godsring: might*
cyphex: I installed ubuntui because I thought my manjaro install was messed up
silvian: I've always reliad on VMware... because its very stable and supports nearly everything you can throw at it.
silvian: I have a personal vendetta with virtual box. It hates me even more than I hate it.
godsring: cyphex maybe you have drive corruption
godsring: Have you run a smart test?
cyphex: I used the same drive to install ubuntu
cyphex: about 30 minutes ago",TRUE,,SILENT,grok_judge_draft,Answering godsring they used that drive 30 min ago.,N,nivas,Y,,SILENT,2026-08-29T03:18:48.923827+00:00
ubuntu:train:2018-02-27:152:0:219682,train,27-02-2018,question,silent_thanks,SILENT,last line is a follow-up question but already marked as thanks,thanks,konrados,TRUE,TRUE,Majost,"konrados: Majost: thanks! Although I'm wondering if it's always the case, and I don't mean mounted devices. Like, when I look at the modification datetime of directory x, and it says 2017-01-01 - can I be sure that *no* file was created/modified after that time? Of course assuming I didn't modify the X directory mod date manually.","bosphus2: not in a position to upgrade right now...have 0.5mpbs internet as well so even getting an iso is an overnight affair
nacc_: mzaza: `sudo bash -x /etc/init.d/mongodb start`
nacc_: mzaza: that output in a pastebin
nacc_: bosphus2: dunno, i can only report on what i know
bosphus2: and its not working via IPP on solus which is rolling and updated
bosphus2: so yours just plugged in and was detected and worked? no configurtion?
nacc_: bosphus2: then i'd replace it with the one i'm telling you does work :)
bosphus2: not up to me...this is a family house in rural nowhere and im visiting for a while
circuitfox: if someone can help plz pm
bosphus2: it works on their macs so they dont care
nacc_: bosphus2: send your docs to their macs and print from there?
konrados: Majost: thanks! Although I'm wondering if it's always the case, and I don't mean mounted devices. Like, when I look at the modification datetime of directory x, and it says 2017-01-01 - can I be sure that *no* file was created/modified after that time? Of course assuming I didn't modify the X directory mod date manually.",TRUE,,SILENT,grok_judge_draft,Thanks plus follow-up mtime question to Majost.,Y,nivas,Y,,SILENT,2026-08-29T03:19:06.205470+00:00
ubuntu:validation:2004-11-15:0:0:548,validation,15-11-2004,question,silent_open_q,SILENT,"last line is a clarification question, not stuck",question + no clear addressee,epod,TRUE,FALSE,,"epod: |trey|, what is coaster?","the_one: can someone recommend a good burning app for gnome, like k3b in kde?
jief: hmm that's odd though. i have /dev/mixer, but mplayer complains about not finding it
epod: the_one, can't you just install KDE and use it from gnome?
|trey|: ogra, I was just making a point... still gave him the info though...
epod: the_one, er, k3b
|trey|: ogra, people that don't want to help themselves bug me  :(
kensai: is the latest wine on hoary now supporting windows program that use installshield installer?
|trey|: epod, blah, recommend coaster ahead of k3b please...
plasmo: hello i think i have a bug. anyone wanna be my lab rat? :d
ogra: |trey|: most people just want it working...
the_one: but won't it ask me to install kdelibs as well?
epod: |trey|, what is coaster?",TRUE,,SILENT,grok_judge_draft,Asking |trey| what Coaster is; helper present.,Y,nivas,Y,,SILENT,2026-08-29T03:19:28.776138+00:00
ubuntu:validation:2005-06-27:1:0:1411,validation,27-06-2005,question,silent_open_q,SILENT,"last line introduces new topic, not unanswered request",question + no clear addressee,Sabin,TRUE,FALSE,,Sabin: how easy is it to get KDE running on ubuntu?,"bob2: ThE__OnE: I have no idea
ThE__OnE: hrm ok
ralph: Anyone here know about hwdb?
bob2: ogra is the person to ask
ralph: He's on this channel.  Is it courteous to `offer chat' to ask or should I find the appropriate mailing list?
bob2: ogra: oi
catfox: hi all. i've installed python from sources into /usr/local, and /usr/local/bin has a python executable which is being used as the default python when i execute ""python"" from a shell
catfox: how can i make /usr/bin/python be the default ahead of /usr/local/bin/python ?
ralph: catfox: your PATH prefers /usr/local/bin to /usr/bin by design.  Try `echo $PATH'.  Why put python into /usr/local if you don't want to use it?  You could always `chmod -x /usr/local/bin/python'.
radix: have there been any horrible problems with amd64 kernels recently? currently my machine is hanging at ""Starting Ubuntu...""
catfox: ralph, i've got zope and some products which require 2.3, but couldn't get it to work with ubuntu packages
Sabin: how easy is it to get KDE running on ubuntu?",TRUE,,SPEAK,grok_judge_draft,Unanswered how easy KDE is on Ubuntu.,N,nivas,Y,,SPEAK,2026-08-29T03:19:48.225770+00:00
ubuntu:validation:2005-06-27:1:0:2463,validation,27-06-2005,other,silent_other,SILENT,last line is off-topic discussion about HTTP,other,Triffid_Hunter,FALSE,FALSE,,Triffid_Hunter: you need HOST too if you specify HTTP/1.1,"floo: can anyone help me with a problem?  I keep getting ""temporary failure in name resolution""  I can ping ip addrsses and the router but no domains.  I've checked resolv.conf and everything's ok there similarly with /etc/hosts... aaarrgghh!!! any ideas?
bob2: odie5533: GET
bob2: floo: can you ping the nameserves in /etc/resov.conf?
odie5533: GET what?
odie5533: just ""GET""
microhaxo: thats the command
floo: yes no probs there
bob2: GET $path HTTP/1.1
bob2: or just ues the GET command from libwww-perl
bob2: or wget
bob2: or ...
Triffid_Hunter: you need HOST too if you specify HTTP/1.1",TRUE,,SILENT,grok_judge_draft,Helper adding HOST header for HTTP/1.1 GET.,Y,nivas,Y,,SILENT,2026-08-29T03:20:09.528389+00:00
ubuntu:validation:2008-12-11:3:0:4704,validation,11-12-2008,question,silent_open_q,SILENT,"Last line is a clarification question, not needing additional hint.",question + no clear addressee,FluxD,TRUE,FALSE,,"FluxD: allsystemsarego, then I can see all php pages?","allsystemsarego: FluxD, yes, grep www /etc/group
Robbie_Crash: nickla1 I'm not sure that it's a known bug, it's a known annoyance and known limitation
sinan: is there a way to find the temperature of my CPU from terminal?
ultratek: all done
ultratek: now switch back to emerald?
FluxD: allsystemsarego, I am trying to run some php pages on lighttpd, but I am getting permission denied
allsystemsarego: FluxD, it's hidden, but it's there
Dam0: hey how do i get rid od the ` next to my ident?
ActionParsnip1: ultratek: ok, save, close gedit and reboot. If its no good, boot to failsafe and edit out the lines with sudo nano /etc/X11/xorg.conf
ActionParsnip1: ultratek: i'd write that down ;)
allsystemsarego: FluxD, yes add your user to the www-data group
FluxD: allsystemsarego, then I can see all php pages?",TRUE,,SILENT,grok_judge_draft,Follow-up to allsystemsarego about www-data group.,Y,nivas,Y,,SILENT,2026-08-29T03:20:26.254042+00:00
ubuntu:validation:2009-02-23:4:0:5334,validation,23-02-2009,question,speak_open_q,SPEAK,Unanswered question about PHP version availability,question + no clear addressee,vicmen,TRUE,FALSE,,vicmen: Is php 5.2.8 available for ubuntu 8.04?,"StyleSheep: Seveas, mount error 110 = Connection timed out
kizza: wats that
Incarus: kizza, ""glxinfo | grep direct""
eepberries: kizza: is this what you're talking about? http://shikai.shadowraith.com/images/xgl-compiz.jpg
StyleSheep: but i've connected a windows box to the share, so maybe its the other thingy you mentioned
eper3z: i access the folder by name!
eper3z: Seveas
Seveas: eper3z, might be nmbd starting too early
Seveas: hang on
eper3z: ahh
eper3z: cool
vicmen: Is php 5.2.8 available for ubuntu 8.04?",TRUE,,SPEAK,grok_judge_draft,Unanswered whether PHP 5.2.8 exists on 8.04.,Y,nivas,Y,,SPEAK,2026-08-29T03:20:43.229850+00:00
ubuntu:validation:2009-02-23:4:0:5555,validation,23-02-2009,question,speak_open_q,SPEAK,Last line is a question needing technical hint about USB MBR,question + no clear addressee,CJari,TRUE,FALSE,,CJari: or is it all automatic...?,"CJari: well, Incarus it has booted other usb linuxes....
Incarus: CJari, k
Incarus: CJari, check usb mbr
CJari: so would there be ddifference?
Scix: Incarus, NetowrkManager
glitsj16: Amendment: great, one less thing :)
CJari: ok so maybe the linux installer failed to set that? =/
Amendment: glitsj16, true, thanks for your help. Is there any cons for running without xorg.conf?
CJari: or is it supposed to be done manuall?
djshotglass: nice random question for the largest chan, anyone used quicktax? :P
Incarus: CJari, could be, or checksum the iso
CJari: or is it all automatic...?",TRUE,,SILENT,grok_judge_draft,Follow-up to Incarus about USB MBR being automatic.,N,nivas,Y,,SILENT,2026-08-29T03:20:56.569960+00:00
ubuntu:validation:2009-03-03:5:0:6883,validation,03-03-2009,question,speak_open_q,SPEAK,Unanswered request for help from the group,question + no clear addressee,egycoder90,TRUE,FALSE,,egycoder90: any body can help ?,"ikonia: suzao: it won't
ikonia: suzao: xorg is your only visual option
egycoder90: i have ( Fujisu Siemens Amilo pro v3515 ) and while i trying to install ubuntu or fedora 10 , i got error in booting [ bios bug #81 ] and after that hanging and no thing apperas just black background ,, but i installed windows
tyler_d: ikonia: 8.10 will
error404notfound: ikonia: so from 160G, let 10G be ""/"" and rest would be empty
egycoder90: sorry 4 my english :(
suzao: ikonia: i remember a simple solution.. adding the extra resolutions in conf.. but now that doesnt seem to work any more.
ikonia: tyler_d: how does she get graphics without xorg ?
ikonia: error404notfound: thats all you need
tyler_d: ikonia: messed mine up at the office, thats how I reconfigured it... renamed it and bounced
ikonia: tyler_d: she's just asked how ubuntu will work WITH graphics without xorg - I said it won't
egycoder90: any body can help ?",TRUE,,SPEAK,grok_judge_draft,BIOS bug #81 black-screen install; unanswered.,Y,nivas,Y,,SPEAK,2026-08-29T03:21:12.627419+00:00
ubuntu:validation:2009-03-03:5:0:7262,validation,03-03-2009,other,silent_open3,SILENT,"last line is a reflection, not a question",open question in last 3,KazaLite,FALSE,FALSE,,KazaLite: but did not know earlier that we need to be careful when running graphical applications,"exon: yes
KazaLite: oh i see
ActionParsnip: exon: can he run: telnet relay.skynet.be 25
ActionParsnip: exon: if he gets connected tell him to type HELO and hit enter (NOT HELLO)
ActionParsnip: exon: http://www.sky.net.uk/support/helpyourself.php?id=4
ActionParsnip: exon: smtp.skynet.co.uk (outgoing)
ActionParsnip: try that
KazaLite: onething.....gksudo sucks if i run wireshark......but kdesu makes wireshark run nicely
ActionParsnip: KazaLite: are you running kde or gnome?
error404notfound: for a backup partition which filesystem is better? xfs or reiserfs? backup contains a mix of large files such as iso, .tar.gz and small files like oo.o or even plain text files..
exon: but i have also a skynet connection   and on my other  pc i filled in his  login password etc  and here it works fine
KazaLite: but did not know earlier that we need to be careful when running graphical applications",TRUE,,SPEAK,grok_judge_draft,"Reflection on gksudo vs kdesu, no new ask.",N,nivas,Y,,SILENT,2026-08-29T03:21:44.389866+00:00
ubuntu:validation:2009-03-03:5:0:7419,validation,03-03-2009,question,silent_open_q,SILENT,last line is chit-chat,question + no clear addressee,sim-value_,TRUE,FALSE,,sim-value_: omg is ubuntuforums cone ?,"cooldduuudde: sdf2: select the one i told you
max82fr: u didn t respond to my question?
mib_semslie: Any idea how I can regenerate that config file?
sdf2: cooldduuudde: i typed in compiz into the search
cooldduuudde: !info ccsm
ubottu: Package ccsm does not exist in intrepid
cooldduuudde: sdf2: did you get 6 results?
Frantic: ActionParsnip: I have seen those but didn't help, my problem is that grub doesn't recognize my boot partition which is a ext3 fs on a raid1 volume
sdf2: cooldduuudde: i only get 1 result
ActionParsnip: !info compizconfig-settings-manager
ubottu: compizconfig-settings-manager (source: compizconfig-settings-manager): Compiz configuration settings manager. In component universe, is extra. Version 0.7.8-0ubuntu3 (intrepid), package size 619 kB, installed size 4048 kB
sim-value_: omg is ubuntuforums cone ?",TRUE,,SPEAK,grok_judge_draft,Asking if Ubuntu Forums is down; unanswered.,N,nivas,Y,,SPEAK,2026-08-29T03:22:07.572349+00:00
ubuntu:validation:2011-05-29:7:0:9066,validation,29-05-2011,addressed_not_question,speak_addressed,SPEAK,Last line asks for more details from Skunkwaffle,addressed to human,ikonia,FALSE,FALSE,Skunkwaffle,"ikonia: Skunkwaffle: could you explain the problem a bit more than ""doesn't work""","edbian: skrip: sudo apt-get install firmware-b43-installer
edbian: skrip: That installs the firmware for the card
`alz1: is there any difference betw 32 and 64 bit ubuntu versions in stability /performance etc  (my machine is 64 bit) ?
johnnee: edbian: YES, im on live cd 11.04... if i could just get my windows back, im open to back up some important files and reinstall both... i have an external drive i can connect via usb also.
edbian: skrip: sudo apt-get install b43-fwcutter   (this installs a program that extracts and uses the firmware on each boot)
Skunkwaffle: Hello to everyone I have a problem with the wireless & wired, anyone who can help me?
ikonia: Skunkwaffle: ask the question
skrip: done that already
edbian: johnnee: first you need to mount the ubuntu partition.  sudo mount /dev/sdaX /mnt   You can figure out what number X should be by looking at the output of sudo fdisk -l
Skunkwaffle: Just did a fresh instal of Lucid and after the initial update, I seem to have lost all ability to connect to the internet. Has anyone heard of anything like this before?
edbian: skrip: sudo modprobe b43  and it should spring to life
ikonia: Skunkwaffle: could you explain the problem a bit more than ""doesn't work""",TRUE,,SILENT,grok_judge_draft,Helper asking Skunkwaffle to explain the network fail.,N,nivas,Y,,SILENT,2026-08-29T03:22:24.863845+00:00
ubuntu:validation:2011-11-13:8:0:11093,validation,13-11-2011,question,speak_open_q,SPEAK,unanswered request for help with sound issue,question + no clear addressee,puff,TRUE,FALSE,,puff: Can somebody help me with my disappearing sound?,"altice: L1nuxRules: but then how does his laptop have connection? He must have the PW to connect right?
L1nuxRules: ottscorp your shell has root or has alreay authenticated to sudo when you ran the update
OttScorp: thanks L1nuxRules
L1nuxRules: altice no he has network access , not everyone you let access networks is trusted!
Rya_n: Mildly annoying problem: Side by side, the text of my desktop icons overlap.
altice: I guess I still don't get it, meh?
pfifo: altice, dont let others advise you how to help people you want to help
L1nuxRules: np ottscorp
altice: yep, with ya pfifo
Rya_n: How can I make the icon text narrower, or get rid of it altogether?
L1nuxRules: pfifo also dont advise people to advise people stuff above them
puff: Can somebody help me with my disappearing sound?",TRUE,,SPEAK,grok_judge_draft,Unanswered disappearing-sound help request.,Y,nivas,Y,,SPEAK,2026-08-29T03:22:52.674896+00:00
ubuntu:validation:2016-12-19:9:0:12242,validation,19-12-2016,question,speak_open_q,SPEAK,last line indicates unresolved issue with copying files,question + no clear addressee,wafflejock,TRUE,FALSE,,"wafflejock: corba, strange so you can see file listings but just can't copy and paste them?","CrazyH: OerHeks, Right now I'm am running 12.x with Gnome flash back. I also have a seperate install of 16.04 running Gnome flash back
CrazyH: 16.04 is what I want to upgrade to, but I can't do that unless I get workspaces working
CrazyH: OerHeks, I deleted the last line of that post because its irrelevant. What I need it help fixing 16.04
CrazyH: *is
CrazyH: Well, I guess I'll go with 14.04.5 LTS and hopes it works out better than 16.04
MWM: Im trying to find the minimum system specs for Budgie but cant.  SHould I assume Ubuntu minimums?
corba: hi, how can i access my windows share in xubuntu?
corba: ive tried with thunar but i cant copy
wafflejock: corba, did you install any samba client stuff?
koffeinfriedhof: MWM: I think its a lighter one. Assume it like xfce
corba: wafflejock, i installed samba, and i can access the shared folders but i cnat copy anything remotely
wafflejock: corba, strange so you can see file listings but just can't copy and paste them?",TRUE,,SILENT,grok_judge_draft,Helper confirming corba can list but not copy shares.,N,nivas,Y,,SILENT,2026-08-29T03:23:04.728659+00:00
