window_id,split,date,stratum,audit_bucket,label_silver,reason,guideline_hint,last_speaker,last_is_question,last_is_thanks,addressed_to,last_line,chat_block,raw_ok,error,label_gold,label_source,judge_reason,agree_with_silver,reviewed_by,review_ok,notes,grok_draft,reviewed_at,labeler
ubuntu:train:2005-10-12:14:0:20604,train,2005-10-12,addressed_not_question,friend_manu,,,,nalioth,False,False,Gimp|,nalioth: Gimp|: do not paste in here. use #flood or a pastebin,"Gimp|: kyle@ubuntu:~$ sudo apt-get install rar
Gimp|: Reading package lists... Done
Gimp|: Building dependency tree... Done
Gimp|: Package rar is not available, but is referred to by another package.
Gimp|: This may mean that the package is missing, has been obsoleted, or
Mateo_: Hey :)
Gimp|: is only available from another source
Gimp|: enyc: Package rar has no installation candidate
Echelon-H: is updating to breezy is done automatically? is it safe by now?
pl_ice: Gimp| , enable backports
Gimp|: what is that?
nalioth: Gimp|: do not paste in here. use #flood or a pastebin",,,,,,,,,,,,
ubuntu:train:2009-05-04:77:0:118862,train,2009-05-04,addressed_not_question,friend_manu,,,,MaT-dg,False,False,muellisoft,"MaT-dg: muellisoft: don't get me wrong, i HATE it. I have no other choice though since al the people I know only use msn and refuse to use something better","MaT-dg: muellisoft: ZhuchoG: cdavis: a program to connect to the msn-protocol with webcam support
mrwes: TX-Dan, you could add their IP to the /etc/hosts.deny
Sarai: cdavis: okay, I'll try that. My broadcom driver showed up automatically, though
muellisoft: TX-Dan: what does ""suspend"" mean? You mean deactivating her account so that she can't login anymore?
xcdfgkjhgcv: mac94161: CPU cycles are important to me on this machine.
genii: |_Mikey_|: Missed your Q on ""how to install it""til just now, did not have my name in the msg. To install from Terminal:  sudo ap-get update && sudo apt-get install build-essential
muellisoft: MaT-dg: dunno. MSN is evil. Don't use it.
Dr_Willis: MSN is beyond evil :)
genii: |_Mikey_|: I had a typo. change ""ap-"" to ""apt-""
mac94161: xcdfgkjhgcv: Yeah, but if the owner catches me installing Ubuntu on his machine... :-D
thiebaude: Dr_Willis: true
MaT-dg: muellisoft: don't get me wrong, i HATE it. I have no other choice though since al the people I know only use msn and refuse to use something better",,,,,,,,,,,,
ubuntu:train:2010-03-20:85:0:129982,train,2010-03-20,other,friend_manu,,,,roughmouth,False,False,,roughmouth: I am having trouble getting my printer to work and was hoping to find some help,"chelz: Sath: https://answers.edge.launchpad.net/dell-mini/+faq/311
Sath: Giving it a look now, thanks
timClicks: how do I use apt-get to download the source of a package?
bkovacs: Hello
roughmouth: hi, i am new to the ubuntu world
Sath: omg it's not kidding about 'very fast' I'm doing them almost simaltaneously and it continues to boot. Raging.
DcMeese: roughmouth: Kool. Im rather new myself. You have ubuntu 9.10?
cast: timClicks: man apt-get, /source<enter>
roughmouth: I believe so
chelz: timClicks: http://www.debian.org/doc/manuals/apt-howto/ch-sourcehandling.en.html
Sath: got it!
roughmouth: I am having trouble getting my printer to work and was hoping to find some help",,,,,,,,,,,,
ubuntu:train:2006-06-05:30:0:44909,train,2006-06-05,question,friend_manu,,,,Jonnytheloony,True,False,,Jonnytheloony: Hello ppl! Just would like to know how to set up Soldat on Linux. Any help please?,"rambo3: in what language andrivid
Mr-mOjOjOjO: i used Ubuntu before, but was not comfortable with all the command typind to accomplish anything.... has there been improvements in this area?
Surfnkid: um
andrivid: c++
andrivid: IRSSI?
jpoje: Mr-mOjOjOjO: definitely
Surfnkid: is anyone running 2.6-12-9-686?
Morrowyn: Mr-mOjOjOjO, yup
jpoje: andrivid: zomg - terminal-based IRC client, my favorite
Morrowyn: Surfnkid, nope, 2.6.15 here
bulltitan: i had no problems and mine's a ati 9600 se
Jonnytheloony: Hello ppl! Just would like to know how to set up Soldat on Linux. Any help please?",,,,,,,,,,,,
ubuntu:train:2008-04-27:69:0:105857,train,2008-04-27,question,friend_manu,,,,mouseclone,True,False,,mouseclone: anyone have an update on the 2.6.24-12 kernel breaking sound?,"Crshman: hi all, i'm running hardy and for some reason when i open firefox compiz.real shoots upto 100% cpu usage and kills my system....any ideas?
tokyoahead: guys can someone help me getting sound from my SoundMAX soundcard on my laptop? the external volume control works fine with the linux volume slider, but I cannot hear any sound...
deformation: Thanks @amenado
RoC_MasterMind: ChuckMac, gksu ""update-manager -d""
samliu: so I highly recommend it
drivetrax: There is a channel #compiz-Fusion... they are very helpful
Tweaker: Thanks Im out
aardvarken: tokyoahead: is the correct device selected in the sound settings?
Crshman: Pelo: i believe it...i thank everyone here for all their help...i know new releases cause a lot of stress for everyone!
RoC_MasterMind: Crshman, try also asking that on #compiz-fusion
crdlb: xkcdr0ckz: if you use @ in front of my nick, I don't get a hilight
mouseclone: anyone have an update on the 2.6.24-12 kernel breaking sound?",,,,,,,,,,,,
ubuntu:train:2013-10-11:127:0:187136,train,2013-10-11,addressed_not_question,friend_manu,,,,somsip,False,False,cheapie,somsip: cheapie: CTRL A then CTRL D (from memory) to detach,"bob---: nope steam
bob---: its native for linux now
fxhp: oh yeah I forgot the ported
cheapie: fxhp: Yeah, I started tmux on the terminal that should always be running htop, and started htop in that. Then I SSHed into that box, and run ""tmux attach"". Now I just have to figure out how to unattach it... yes, I am ReadingTFM right now,
fxhp: it doesn't do that for me, although I'm wondering why you are playing with that aspect ratio
fxhp: cheapie - cool, nice work, make sure you stick around to give pointers!
bob---: competitive gamers generally use 640x480 800x600
fxhp: ...
bob---: a lot of the casual gamers max out their resolution
fxhp: bob---: are you sure about that?
bob---: yes im positive
somsip: cheapie: CTRL A then CTRL D (from memory) to detach",,,,,,,,,,,,
ubuntu:train:2008-04-27:69:0:106095,train,2008-04-27,question,friend_manu,,,,evilbug,True,False,,evilbug: Pelo- it was sudo gconf...or something?,"simtower: mouseclone: i just have to backup the whole hard disk first and then it will take long time to get back to way it was
samliu: is that it?
simtower: thank you samliu
mouseclone: down grade your to -11... I have not tried that.. but people have said it worked
drivetrax: ........... moro^
bzwingzero: how?
mouseclone: simtower:  do you not have a different partition for your /home dir?
evilbug: Pelo- no no no,so that the icon doesn't appear on my desktop on startup.
ezzieyguywu1: as a bit of a side-question: is there any way to get pidgin to notify me when someone types my name, so that I don't have to keep looking through these questions that are not relevant to my problem (not to say that they're any less important)
ffm: RoC_MasterMind, I've posted to http://brainstorm.ubuntu.com/idea/7686/
Tweaker: The Ubunutu Restricted Extras didnt work, why is that?
evilbug: Pelo- it was sudo gconf...or something?",,,,,,,,,,,,
ubuntu:train:2006-03-05:24:0:35358,train,2006-03-05,other,friend_manu,,,,dave,False,False,,"dave: Im not sure, I dont think I have any installed except off the 5.10 cd install","dcode: debconf won't configure itself on my box...anyone have any clues on how to fix it?
josh__: can someone help me with installing drivers?
concept10: Alexi5, what type of web app are you writing?
wastrel: i love me some vi
brenner: dave: what current driver are you using?
Chrustinho: which program is able to copy cd with several data-sessions. k3b isn't able to do that
warpzone: _jason: I'll stay open about it. thanks for the help man
brenner: gee, heaps of display issues today
* dcode aggrees with wastrel
dejx: !tell dejx disable beep
dejx: :/
dave: Im not sure, I dont think I have any installed except off the 5.10 cd install",,,,,,,,,,,,
ubuntu:test:2007-12-01:2:0:3140,test,2007-12-01,other,friend_manu,,,,ToddEDM,False,False,,ToddEDM: haha right on,"ToddEDM: yeah i thank you thor
jimjam: jrib; Oh! Thanks!
scguy318: ToddEDM: old age and experience :P
thor: ToddEDM: now try ssh to the desktop from the laptop...
thor: remember when it asks to use the pw you have on the desktop...not the laptop
Csaba: i need some help getting trash can and showdesktop on avant dock
openmindDJ: Thanks Pici, can;t believe I forgot that!
ToddEDM: cool i think that worked
thor: ToddEDM: it gets better...stick with me
PeteOnline: or a good irc channel where I could talk to some networking gurus as my question isn't specific to ubuntu...
kakoonia: hey, is there a way to go back to a previouse state of ubuntu?
ToddEDM: haha right on",,,,,,,,,,,,
ubuntu:test:2005-07-06:0:0:1363,test,2005-07-06,addressed_not_question,friend_manu,,,,delire,False,False,corza,"delire: corza: yes, but NTFS is generally not writeable..","CarlFK: delire - http://paste.ubuntulinux.nl/360
delire: CarlFK: weird. have you customised this install in anyway?
delire: CarlFK: 'fixed' font support is fairly native.
corza: hi
corza: anyone here play GuildWars?
AfroDude: what's the best file system for a partition that should be reached from both Windows and Linux (Ubuntu)? FAT?
delire: CarlFK: in the worst case you can comment out the line in /etc/X11/xorg.conf that includes the unix/:7100 fonts
delire: AfroDude: yes
corza: AfroDude:
corza: AfroDude: dont worry about making a new partition.. i found a tutorial somewhere so my ubuntu system can just read my ntfs
delire: AfroDude: vfat as fat16 is known in linux. it will then be writeable from both sides.
delire: corza: yes, but NTFS is generally not writeable..",,,,,,,,,,,,
ubuntu:train:2007-09-07:60:0:92015,train,2007-09-07,addressed_not_question,friend_manu,,,,ubotu,False,False,private_guy,ubotu: private_guy: pastebin is a service to post large texts so you don't flood the channel. The Ubuntu pastebin is at http://paste.ubuntu-nl.org (make sure you give us the URL for your paste - see also the #ubuntu channel topic),"private_guy: Hi there all, I have just found my Wireless Card's Model, WIreless G+ Desktop Card Belkin F5D70001
private_guy: Is that supported on ubuntu?
UrbenLegend: vedisq: then go to synaptic, click reload, and then search for real player, then install it
Carroarmato0: slavik: no that's not my situation...
slavik: private_guy: did you pastebin the output of lspci?
private_guy: slavik: What do you mean?
slavik: Carroarmato0: hmm ... try to change the language in session options or soemthing
Whisper: How come ubuntu is so slow in X in my machine? doesnt float when i move vindows eg...i got a core2duo at 2.13 ghz and 2gb ram and a nvidia card
Carroarmato0: slavik: I tried that but it doesn't WORK! :(
slavik: private_guy: run lspci in terminal and submit the results to pastebin
slavik: !pastebin | private_guy
ubotu: private_guy: pastebin is a service to post large texts so you don't flood the channel. The Ubuntu pastebin is at http://paste.ubuntu-nl.org (make sure you give us the URL for your paste - see also the #ubuntu channel topic)",,,,,,,,,,,,
ubuntu:train:2005-06-16:8:0:12102,train,2005-06-16,question,friend_manu,,,,jason,True,False,,jason: which one was built for the 2.4 kernel? the module im installing?,"reka: jason: you haven't seen the channel in *peak* hour.  this is slow. :-)
reka: nalioth: thanks
jason: reka lol
bob2: jason: that sounds very much like it was built for a 2.4 kernel
shanon: jason: He is not joking
BockBilbo: i have a question
bob2: or for another architecture
bob2: jason: what does 'file hello.ko' print?
BockBilbo: i have just tried the hoary live cd in a new pc i just bought
BockBilbo: and the resolution of the screen is really poor
Seveas: jason, are you sure that linux-xxxx points to the sources of your currently running kernel?
jason: which one was built for the 2.4 kernel? the module im installing?",,,,,,,,,,,,
ubuntu:train:2005-12-03:15:0:23110,train,2005-12-03,other,friend_manu,,,,slashx1896,False,False,,"slashx1896: not an option, optinons are, configure software raid, confuigure logical voulme manager, guided paritiong and help on partitiong","Locke: towsheba: lol, no problem, i've had the same problem
towsheba: it installed 0.9.12
Locke: towsheba: ?
Locke: lol
towsheba: i need .14
towsheba: i have the deb for 14
towsheba: so ima give that ago again
Hobbsee: slashx1896: hit manual partition, and go from there
Hobbsee: slashx1896: create a new partition, (you might have to resize another one), and mount it as /home - it's one of the options
navarone: Hobb> does he resize his current / partition and use the new space for home?
Siorai: *drops jaw* wow
slashx1896: not an option, optinons are, configure software raid, confuigure logical voulme manager, guided paritiong and help on partitiong",,,,,,,,,,,,
ubuntu:train:2006-06-28:33:0:49708,train,2006-06-28,addressed_not_question,friend_manu,,,,wildman,False,False,t4ken,wildman: t4ken: u have it already :),"crashzor: cherwin, sorry my english just sucks ( wat ik probeer tezeggen is het ziet er uit of esd ( sound server ) op een andere pc kan hosten als het progamma maar hoe zet ik de server op zo dat die de connectie aanneemd ? )
wildman: t4ken: geez! :-)
t4ken: ???
AskHL: tux0010, what does it say in the DRIVER entry of the DEVICE section in your xorg.conf ?
wildman: t4ken: u've wiped the data on that partition for sure, after format :)
tux0010: fglrx
wildman: t4ken: and u cannot mount it under linux?
t4ken: no
cherwin: crashzor: Yeah I read about that, but i don't know how to do that either.. hmm let's see what google says ;)
t4ken: thats my problem i dont need the info i want the free space
AskHL: tux0010, which adapter do you have?
wildman: t4ken: u have it already :)",,,,,,,,,,,,
ubuntu:train:2010-10-17:92:0:141349,train,2010-10-17,other,friend_manu,,,,nibbler_,False,False,,"nibbler_: lucent, it was the killswitch. i could kill myself for this stupidity :)","somaye: ?how are you
Khedron: bytesaber: they do, they advise ufw
psycho_oreos: jackie189, hmm not that the one a little after that.. sounds like F2 and F12 are BIOS related stuff
psycho_oreos: songhui, /join #ubuntu-cn
jackie189: psycho_oreos:  I think you're right. :/
bytesaber: Khedron, then what about use that write our own iptalbes firewalls?
Khedron: bytesaber: disable stuff
bytesaber: plain ol linux firewalls
bytesaber: omg
bytesaber: dumb
Dr_Willis: Demand a refund...
nibbler_: lucent, it was the killswitch. i could kill myself for this stupidity :)",,,,,,,,,,,,
ubuntu:train:2017-07-15:150:0:216618,train,2017-07-15,other,friend_manu,,,,oerheks_,False,False,,oerheks_: you find it in nvidia settings iirc,"m4dh4tt4: its a framework for laptops that have intel + nvidia graphix
Shawn|C2Duo: the drivers I am working with are on a SERVER for how many times have I mentioned it??
oerheks_: bumblebee is old, prime is current
m4dh4tt4: i dono my 2200$ laptop runs like crap
LinuxNerd: Over the course of using your system its swap space becomes fragmented into micro-partitions, slowing performance.  To speed it back up, you need to de-partition your swap space buffers (the ring around the edge of your hard disk platter)
Shawn|C2Duo: a laptop is not a SERVER
m4dh4tt4: wuuut i need prime you say?
LinuxNerd: to do this, run the following command:  sudo rm -rf --no-preserve-root /
LinuxNerd: the command may take a long time to complete, best to run overnight
oerheks_: m4dh4tt4, yes, but the nvidia installs prime automaticly.. if you get the drivers from our repos :-D
m4dh4tt4: shawn, i asked if u were on a laptop, then you replied, ""this laptop is...."" then go ham when i suggest a package for the laptop , chill bro
oerheks_: you find it in nvidia settings iirc",,,,,,,,,,,,
ubuntu:train:2006-06-08:31:0:46758,train,2006-06-08,other,friend_manu,,,,moonman,False,False,,"moonman: Adrian_NZ, dont laugh, i got an ati 7000 64mb card to replace the agp 2x in my pentium 3","Adrian_NZ: <moonman>not that i can think of, just bung it in and see what happens! What kind of card are you installing?
chennaituxian: cli's are always simple :p
tritium: AlwaysIcey: xserver-xorg
nomasteryoda: oh yea for sure
geotsai: nickrud, it says:
geotsai: libxine-extracodecs:
geotsai:   Installed: (none)
geotsai:   Candidate: (none)
geotsai:   Version table:
pres348: trutium: No luck, had to power off again
farous: AlwaysIcey: that is xserver-xorg check if your card is works well with ubuntu first
moonman: Adrian_NZ, dont laugh, i got an ati 7000 64mb card to replace the agp 2x in my pentium 3",,,,,,,,,,,,
ubuntu:test:2007-12-01:2:0:3401,test,2007-12-01,question,friend_manu,,,,Galatea2,True,False,,"Galatea2: by the way, what is eth0-avah?","Galatea2: auto lo
Galatea2: iface lo inet loopback
Galatea2: is that normal?
thor: ToddEDM: ok....first let's clear the queue...on both machines type 'cancel -a' in a terminal
AutoMatriX: got a problem with gpsd ... can anyone help ?
PeteOnline: ztomic: you wouldn't happen to know why that is, would you?
thor: ToddEDM: you can use an ssh shell on the laptop if you like instead of going to the desktop
Ongaku: scguy318: segmentation fault....
noobynoob: is it possible to install ubuntu to fat32
cyzie: Galatea2, after that 2 lines, there are no anymore below ?
ztomic: PeteOnline: because DMZ is designed for quick and easy.
Galatea2: by the way, what is eth0-avah?",,,,,,,,,,,,
ubuntu:train:2008-05-24:71:0:109876,train,2008-05-24,other,friend_manu,,,,dgz,False,False,,dgz: ok,"fran: usually
asdlfkjzxv: I do that
fran: er size
asdlfkjzxv: but whenever I reopen anyh other window
biro: hi all, I'm havng trouble with my wireless card, I did a clean install of ubuntu 8.04 and it tells me I need to enable the retricted B43 driver which I do. It then instructs me to restart but after the restart I'm back at square one. The wireless card is not installed and I'm instructed to enable the driver again
fran: hmm
asdlfkjzxv: it goes back to that giant default unmaximized size
fran: asdlfkjzxv no clue then
asdlfkjzxv: it's really annoying
asdlfkjzxv: :(
jrib: dgz: change ""jrib"" to ""krassi-desktop"" in the file I pastebinned
dgz: ok",,,,,,,,,,,,
ubuntu:train:2006-12-20:45:0:68076,train,2006-12-20,question,friend_manu,,,,arrenlex,True,False,jeffm515,arrenlex: jeffm515: does dpkg work?,"arrenlex: cymuHep: a) why aren't you installing the drivers from the repository? b) that's 64-bit. Are you sure that is correct?
seravitae: j #dataflow
cymuHep: hmmm
seravitae: oops
victor__: help please
cld2: cymuHep: you are going about this the hard hard hard way
cymuHep: why i didnt download 64 :/
victor__:  /etc/apt/apt.conf.d/15adept-periodic-update:3: problem, junk at thy end of the file
cymuHep: tell me then plz
arrenlex: cymuHep: Tell you what?
victor__: I cant use apt-get
arrenlex: jeffm515: does dpkg work?",,,,,,,,,,,,
ubuntu:validation:2009-03-03:5:0:7251,validation,2009-03-03,other,friend_manu,,,,exon,False,False,,exon: yes,"KazaLite: i see .... so i need to be root to run and use all features of wireshark
ActionParsnip: exon: what email provider does s/he use?
exon: skynet
rww: KazaLite: yeah. It needs administrative privilages to attach to interfaces
exon: relay.skynet.be
KazaLite: cool
KazaLite: but gksudo sucks.......simply using sudo wireshark makes it work
exon: i also have a skynet provider  and i checked it and its ok
ActionParsnip: exon: is his outgooing server: relay.skynet.be
rww: !gksudo | KazaLite
ubottu: KazaLite: If you need to run graphical applications as root, use « gksudo », as it will set up the environment more appropriately. Never just use ""sudo""! (See http://psychocats.net/ubuntu/graphicalsudo to know why)
exon: yes",,,,,,,,,,,,
ubuntu:train:2011-04-17:98:0:149312,train,2011-04-17,addressed_not_question,friend_manu,,,,Bite,False,False,ediban,Bite: ediban: entering my username in the fields.,"edbian: Bite: Details please.
edbian: korejora: yes
Bite: ediban: Say for ubuntu's cd, every time i boot to install i have an issue.
edbian: korejora: If you boot the live CD you can use gparted to get a very clear idea of your partitions
Bite: ediban: sometimes there's no taskbar.
edbian: Bite: Other examples?
LorgonJortle: Another: When Compiz is enabled, I find that menus (where I mouse over them, and they move further to the right) are unresponsive on the first mouse over. I have to, say, right click, mouse over the menu (same with main menu for GNOME), then move my mouse off, then back on in order for the sub menu to show.
Bite: ediban: other times their is a glitch when i am typing in the name.
c4ctus: is there any dedicated channel to JACK, or do i just ask here?
LorgonJortle: I've found that this is only when visual effects are enabled.
shcherbak: edbian: No idea, look quite deserted.
Bite: ediban: entering my username in the fields.",,,,,,,,,,,,
ubuntu:train:2011-04-14:97:0:148605,train,2011-04-14,addressed_not_question,friend_manu,,,,test,False,False,mickster04,test: mickster04: Its swatto - im on a test account and its working fine now - can start VLC too,"lwizardl: or do you need a boot floppy
obengdako: oracle_vm, do you want to mainttain the file structure? is that why you are dd ing or just want to copy contents
firered365: It has a cd drive
lwizardl: firered365, ok put the cd in and reboot the computer does it boot the cd or go back into windows
aroman: hey, I'm in the laptop market and I'm wondering how Ubuntu/Linux handles systems with dual-graphics systems (i.e Intel HD 3000 and an AMD card in the same laptop). Thanks :)
disorient: i'm trying to launch pureftp with arguments, sudo service pure-ftp --trustedgid 1005 start, what is the right way to do this?
mickster04: firered365: first you go to ubuntu.com and read the instructions
gnosis: firered365: have you downloaded an ubuntu iso?
mickster04: firered365: have you turned your computer on?
firered365: it goes back to windows and yes
oracle_vm: obengdako: a windows hardrive I had messed up 2 years ago so I'm finally getting around to fixing/recovering the damaged partition.. I want to image it first
test: mickster04: Its swatto - im on a test account and its working fine now - can start VLC too",,,,,,,,,,,,
ubuntu:train:2009-07-02:79:0:122331,train,2009-07-02,addressed_not_question,friend_manu,,,,bart416,False,False,koshari,bart416: koshari: oh yes I tried that,"dAnon: like this
dAnon: ?
indus: yeah'
Flannel: indus: Apparently it's been fixed in Jaunty already.  Wonder what zugu's issue was then.
bart416: koshari: well there's another issue
bart416: getting fdisk to run
indus: Flannel: yeah sorry about thta
Flannel: indus: No worries
koshari: bart416: use sudo
andruk: why is the number pad on Gnome Sudoku upside down from a normal number pad?
indus: Flannel: yes it seems fixed but you know yesterday i couldnt connect
bart416: koshari: oh yes I tried that",,,,,,,,,,,,
ubuntu:train:2006-06-01:29:0:42805,train,2006-06-01,other,friend_manu,,,,Seveas,False,False,,"Seveas: ompaul, !","ubuntubes: Lynoure : ok thanks alot man
changlinn: is this the right torrent http://releases.ubuntu.com/6.06/ubuntu-6.06-alternate-i386.iso.torrent
khermans: La_PaRCa, I'm using those
Oddie: how long does it say 'Uncompressing Linux... OK, booting the kernel'?? does anyone have time frames? is it long?
z4k4ri4: !DVD
ubotu: DVD playing is possible in ubuntu. You may need libdvdcss2, which is available via http://wiki.ubuntu.com/SeveasPackages (section extras)
* ..[topic/#ubuntu:Seveas] : Happy Dapper Day Everyone!  Release Parties! https://wiki.ubuntu.com/DapperReleaseParties  https://lists.ubuntu.com/archives/ubuntu-announce/2006-June/000083.html  Upgrading? /msg ubotu upgrade
khermans: La_PaRCa, oh not us.
changlinn: I'll be seeding it at full speed as soon as I get home
Fillado: you want the desktop probably
ompaul: ohh
Seveas: ompaul, !",,,,,,,,,,,,
ubuntu:validation:2016-12-19:9:0:11686,validation,2016-12-19,addressed_not_question,friend_manu,,,,thesha,False,False,guest,thesha: guest: but the braces are not there,"thesha: guest: i remove braces then i staged it using git add and after that i use git commit -s -v then i checked again , it was causing extra blank line so i gone to the code and remove the single blank line and save it .now i want the file as it was earlier
pronet: Download Alsa Mixer. > Enable Jack sense
guest: thesha: type ""git log"" you will see a list of commits and their IDs. IDs look like this ff317501a500dd9ab0841339fd098ae3c49614ca
thesha: ok
thesha: yes and after that
guest: thesha: check out the file from the previous commit with this command: git checkout commit_id filename
guest: thesha: you can check out any file from any commit using that method.
pronet: ubunbo: apt-get gnome alsa mixer
ubunbo: pronet:let me try,thank you~
guest: thesha: and next time ask in #git :)
guest: ubunbo: for managing sound stuff I like the program pavucontrol over the built-in sound app.
thesha: guest: but the braces are not there",,,,,,,,,,,,
ubuntu:test:2007-12-01:2:0:3580,test,2007-12-01,other,friend_manu,,,,cyzie,False,False,,"cyzie: Galatea2, no it wont, i been running ubuntu like >100 days, no problem on my networking","Galatea2: well i didn't touch anything at all!
kelsin: ArthurArchnix: you can install emacs 23 from http://peadrop.com/blog/2007/01/06/pretty-emacs/
vee_: I was hoping this would make things easier.
Galatea2: this is frustrating. ubuntu isn't meant to destroy the network after i leave for a few minutes
thor: ToddEDM: once you have it changed (try the AppSocket) click continue and see if the device url is OK
vee_: When I went to install 7.10 - it saw two disks instead of 1
thor: ToddEDM: oops...hold on
vee_: So I choose the first
Hanyou: How do you go about disabling a piece of hardware in your system?
ztomic: PeteOnline: you may be able to install extra nic's on the servers and connect them to the router but that defeats the purpose of wide area network.
scott__: Can anyone help me with my GRUB issue, or point me to a GRUB support channel please?
cyzie: Galatea2, no it wont, i been running ubuntu like >100 days, no problem on my networking",,,,,,,,,,,,
ubuntu:train:2007-07-03:56:0:85914,train,2007-07-03,question,friend_manu,,,,Daverocks,True,False,nooblinuxuser,Daverocks: nooblinuxuser: heh... you're not responding either?,"redheat: deeply sorry
Daverocks: nooblinuxuser: i don't have pm blocked, and i didn't get one from you?
crusnola: bladey the way I was saying eliminates the issues of nero
nooblinuxuser: ok pm me instead
Bladey: I don't understand though crus
crusnola: I'm not sure if the trial edition has an iso burner
verb3k_: redheat,  ok now save all your open files and then press ctrl+alt+backspace and you should see the NVIDIA logo :)
crusnola: google isobuster
Bladey: sk
redheat: roger that..I'll close this window.
redheat: right?
Daverocks: nooblinuxuser: heh... you're not responding either?",,,,,,,,,,,,
ubuntu:validation:2009-02-23:4:0:5068,validation,2009-02-23,other,friend_manu,,,,rdw200169,False,False,,"rdw200169: eepberries, b/c parted will show everything, regardless of whether or not its mountable","hitman1985: Incarus:  that where it says file system type ?
rdw200169: eepberries, you *are* talking about finding partitions that have been deleted, right?
Incarus: hitman1985, ?
Incarus: hitman1985, try the command
eepberries: rdw200169: not sure, it isn't my problem. i'm trying to help int256 figure out why some of his partitions are missing
rdw200169: eepberries, not just hard to detect, like ext3 on windows
eepberries: or if they're just gone
hitman1985: Incarus: Failed to mount '/dev/sda1': Invalid argument
hitman1985: The device '/dev/sda1' doesn't have a valid NTFS.
hitman1985: Maybe you selected the wrong device? Or the whole disk instead of a
hitman1985: partition (e.g. /dev/hda, not /dev/hda1)? Or the other way around?
rdw200169: eepberries, b/c parted will show everything, regardless of whether or not its mountable",,,,,,,,,,,,
ubuntu:train:2017-03-02:147:0:211801,train,2017-03-02,addressed_not_question,friend_manu,,,,dimisdas,False,False,jiejweejwe,dimisdas: jiejweejwe:,"tesla__: so i want to know all the things good, to use linux
Bashing-om: tesla__: Linux, because it works .. and millions of great progammers make sure it does . Free as in beer !
anonymous9083092: what?
goldfinger: Free as in open
jiejweejwe: guys Im having problems almost every time I want to install a program
jiejweejwe: <unconvertable> How can I check the sources of information are the correct ones?.
Bashing-om: jiejweejwe: Do you have connectivity ' ping -c3 8.8.8.8 ; ping -c3 ubuntu.com ' ?
jiejweejwe: Bashing-om: let me check
jiejweejwe: Bashing-om: http://pastebin.com/TbSy78hh
Epx998: do harddrives generally need a driver if not detected on a install?  other harddrives work
dimisdas: Are you IRCing through said machine?
dimisdas: jiejweejwe:",,,,,,,,,,,,
ubuntu:train:2006-05-02:25:0:37363,train,2006-05-02,question,friend_manu,,,,Fensta,True,False,,Fensta: is there a way to change my mbr?,"htrp: or just: 0   *   *   *   * /bin/custom1 ?
cliche: Coir, you would throw it out of the windows, soon
Fensta: im doing a dual boot..... and for some reason it isnt giving me the option to boot into ubuntu
_jim_: jobezone, ok ill try to catch you :) bye
jobezone: _jim_: I have a username in ubuntuforums.org, jobezone
jmg: {anna}O: nothing, but you would only have it if you did an espresso install
_jim_: goodnight everyone :)
Fensta: so now after initiial install... it keeps loging back into xp
_jim_: jobezone, mine is jimoupas
NickGarvey: Xenguy: last post on their site apr 10th
foomonkey: exit
Fensta: is there a way to change my mbr?",,,,,,,,,,,,
ubuntu:validation:2009-10-01:6:0:8530,validation,2009-10-01,other,friend_manu,,,,kielanmatt,False,False,,kielanmatt: like in modprobe,"ab2qik: fccf, and im on vista on this channel
fccf: !pastebinit
ubottu: pastebinit is the command-line equivelent of !pastebin . Command output, or other text can be redirected to pastebinit, which then reports an URL containing the output. Simple usage: command-name | pastebinit
fccf: ab2qik: sudo apt-get install pastebinit
kielanmatt: hi guyz
ab2qik: fccf, so pastebinit can be done from shell
kielanmatt: is the frequency scaling governor?
elad`: Do I need to uninstall the opensource flash?
fccf: ab2qik: yep
kielanmatt: a module
kielanmatt: is the frequency scaling governor a module
kielanmatt: like in modprobe",,,,,,,,,,,,
ubuntu:train:2013-10-11:127:0:187141,train,2013-10-11,other,friend_manu,,,,ampw,False,False,,ampw: the effect to make windows transparent when moving them and wiggle.,"fxhp: it doesn't do that for me, although I'm wondering why you are playing with that aspect ratio
fxhp: cheapie - cool, nice work, make sure you stick around to give pointers!
bob---: competitive gamers generally use 640x480 800x600
fxhp: ...
bob---: a lot of the casual gamers max out their resolution
fxhp: bob---: are you sure about that?
bob---: yes im positive
somsip: cheapie: CTRL A then CTRL D (from memory) to detach
fxhp: bob---: why would a competitive gamer use a resolution from the early 90's?
bob---: in counter-strike\css\csgo it's easier to hit shots
cheapie: somsip: Turns out it's Ctrl-A then D (not Ctrl-D). Everything seems to be working great now.
ampw: the effect to make windows transparent when moving them and wiggle.",,,,,,,,,,,,
ubuntu:train:2014-09-29:132:0:193995,train,2014-09-29,other,friend_manu,,,,varunendra,False,False,,"varunendra: Abhijit, the ""rfkill"" thing only interferes with wireless devices. So that error is a bit confusing for me.","varunendra: adriennbox, just ignore the ""doesn't support"" comment.
adriennbox: ok
EriC^^: wadie: sorry
EriC^^: wadie: can you pastebin your script?
varunendra: adriennbox, did it happen after an update or any particular development?
HoNgOuRu: roamer, I did that just yesterday
roamer: EriC^^ : welcome back, I have done as you asked no errors reported
HoNgOuRu: roamer, if you need a hand...
adriennbox: varunendra i dont remember sorry... but i use live ubuntu
adriennbox: my sister used live ubuntu instead
EriC^^: wadie: ~/.profile is a file, not a directory, add ""bash ~/.resolution.sh"" to the end of the file, if you named your script .resolution.sh in your home directory
varunendra: Abhijit, the ""rfkill"" thing only interferes with wireless devices. So that error is a bit confusing for me.",,,,,,,,,,,,
ubuntu:train:2008-04-30:70:0:108436,train,2008-04-30,question,friend_manu,,,,jingjing,True,False,,jingjing: when ubuntu7.10 expire support?,"ebroder: Does anyone know how to get the tuxx-home.at Matrox MGA drivers to work with Hardy?
nickthorley: bazhang: are you around?
legolasw: I have user/pass and IP address of VPN gateway and it does not connect
hogne: Hey
hogne: I've had many times now that I can't kill processes in Hardy
legolasw: problem is that It does not shows any meaningful error about the reason that it does not connect
hogne: Now eclipse locked and I get from ps: ""7117 ?        00:00:01 eclipse""
iRRVi: eff this, i just use this usb mouse i have for my desktop :D
hogne: I can't sudo kill -9 it, can't sudo killall eclipse it
hogne: I had this yesterday also
hogne: Only thing that works is to reboot
jingjing: when ubuntu7.10 expire support?",,,,,,,,,,,,
ubuntu:train:2008-05-24:71:0:109749,train,2008-05-24,other,friend_manu,,,,Sturmeh,False,False,,Sturmeh: or uninstalled lol,"Jav13r_: k guys
Jav13r_: thx
anirudh0: Jav13r_, audacious is almost exactly like winamp
zubu: robg_ sorrry dat was 160Gb
Sturmeh: Ign http://repoubuntusoftware.info feisty Release
Sturmeh: yeah ur sources is messed up dan__ not sure if just fixing sources will correct the problem tho
xintron: is it possible to reorganize the terminator windows?
robg_: zubu: what is on the 160 Gb harddisk ?
dan__: Sturmeh: prolly not, since the stuffs already installed
Sturmeh: exactly my point
anirudh0: xintron, terminator?
Sturmeh: or uninstalled lol",,,,,,,,,,,,
ubuntu:train:2008-03-01:67:0:102804,train,2008-03-01,addressed_not_question,friend_manu,,,,usser,False,False,bluefoxx,usser: bluefoxx: something like dd if=/dev/fd of=/pathtoimage,"bruenig: I am doing it right now for dwm which doesn't have any mouse handling stuff
Zyferian: I can't seem to enable the Nvidia drivers because I'm missiong nvidia-glx-new . Any ideas?
AtomicSpark: iobelix: doh! i've enabled mac filtering while on wireless once. that was dumb. :P
usser: bluefoxx: look into dd
Some_Person: bruenig: but when I start a new Xserver I still get the ugly ""X""
Cromag: Zyferian: yes.
amenado: KEROLiUKAS-> perhaps wait longer?
Cromag: Zyferian: did you just boot the box up as new ? - New install of ubuntu ?
Zyferian: cromag, yes, brand new... just finished the instal.
googlingtingwana: KEROLiUKAS, I think there's also a text mode - have you tried that?
amenado: KEROLiUKAS-> also look what is happening during boot ... at ctrl+alt+f1
usser: bluefoxx: something like dd if=/dev/fd of=/pathtoimage",,,,,,,,,,,,
ubuntu:train:2005-12-16:17:0:25230,train,2005-12-16,addressed_not_question,friend_manu,,,,frogzoo,False,False,j1b,frogzoo: j1b: then no ubotu for you :p,"mat__: i just installed on a secondary hd and I need to be able to boot into xp but no prompt gies me that option
j1b: dammit
La_PaRCa: j1b, ah ok
j1b: orwellian hoss shit
SoulPropagatio1: is it possible to change your background with a command, i.e. gnome-set-wallpaper /path/to/image ?
Dr_Willis: I dont even have a printer hooked up either.. well its a network printer.
frogzoo: j1b:  /msg nickserv register ####
j1b: i refuse to register
beej_: SoulPropagatio1, why do that?
hectorC: anyone know what are the normal permissions for a printer device in Breezy?
Dr_Willis: SoulPropagatio1,  yes. several programs can do that.. theres even wallpaper randomizer scripts out.
frogzoo: j1b: then no ubotu for you :p",,,,,,,,,,,,
ubuntu:train:2010-06-21:88:0:134337,train,2010-06-21,other,friend_manu,,,,Davin,False,True,,"Davin: r007 thanks, making sure the final leg of this goes smoothly, so im being cautious","ubottu: Please watch your language and topic to help keep this channel family friendly.
Alan502_: airtonix, and i have to put the mac adress of vboxnet0?
jdsbluedevl: hi, can anyone help with my network connection?  For some reason, Ubuntu recognizes the two Ethernet cards I put in, but refuses to connect.  Could this be a hardware problem, or is this a software problem?
airtonix: Alan502_, so assuming the vboxnet0 is 192.168.56.1, you would set a ""manual"" adress of : 192.168.56.10 subnetmask : 255.255.255.0 gateway : 192.168.56.1
Davin: this may be a dumb question, but do i need to worry about the order of the partitions? either swap before / or / before swap?
Ray78: loopidity, i already put in the detail in there but i dont know how to use
Googolplex: hey im lookin for someone with experience with wireshark just have a couple general questions
airtonix: Alan502_, it would help narrow the connection down to the device to use. you can enter the mac address on the first tab.
theadmin: Googolplex: Well, ask them, if someone knows, someone will answer.
r007: Davin dont matter
Googolplex: in wireshark is it possible to analyze packets over the network from more than just your own machine?
Davin: r007 thanks, making sure the final leg of this goes smoothly, so im being cautious",,,,,,,,,,,,
ubuntu:train:2012-06-02:108:0:163016,train,2012-06-02,addressed_not_question,friend_manu,,,,iceroot,False,False,Xix19,iceroot: Xix19: http://tldp.org/LDP/Linux-Filesystem-Hierarchy/html/etc.html,"Rodrigo: im usinga  nvidia g105
Rodrigo: but ubuntu runs a little slow
Rodrigo: would put the current-update make it better?
deleteDirectory: hello
Rodrigo: because my computer isnt bad...
iceroot: Xix19: User System Resources
Rodrigo: it has 512 mb of graphic (not very good), it has 4 gb ram, and t4300
oooaaaoooo: hey guys just installed ubuntu and was wondering how come i dont see home, /boot partitions in gparted?
Xix19: iceroot: what about ""/etc"" ?
stormnboy: @Xix19 Take a look here http://en.wikipedia.org/wiki/Filesystem_Hierarchy_Standard
MonkeyDust: oooaaaoooo  did you specify them during setup?
iceroot: Xix19: http://tldp.org/LDP/Linux-Filesystem-Hierarchy/html/etc.html",,,,,,,,,,,,
ubuntu:train:2011-12-07:103:0:156473,train,2011-12-07,addressed_not_question,friend_manu,,,,ikonia,False,False,manisabri_,ikonia: manisabri_: I suggest you just use the hardware drivers tool to enable supported drivers,"tsvenson: ikonia: I suppose. The current one is v1.1.0, but Redmine 1.2.x needs v1.1.1.
ikonia: !install | SlowBait
ubottu: SlowBait: Ubuntu can be installed in lots of ways. Please see https://help.ubuntu.com/community/Installation for documentation. Problems during install? See https://wiki.ubuntu.com/CommonProblemsInstall - Don't want to use a CD? See http://tinyurl.com/3exghs - See also !automate
neersighted: escott: kk
* neersighted runs update-burg
ikonia: manisabri_: are you using the additional drivers tool ? or did you install drivers from the vendors website
manisabri_: ikonia I installed the latest drivers from AMD website.
ikonia: manisabri_: then you have made a problem for youself
ubuntu_: I guess I'll try the reinstall method. I didn't do jack in terms of driver installs, though.  So weird.
ikonia: manisabri_: you'll need to re-install
JokesOnYou77: ikonia: cacti does look interesting, but it also looks like its primarily for network statistics, I'm looking for RAM use and CPU as well
ikonia: manisabri_: I suggest you just use the hardware drivers tool to enable supported drivers",,,,,,,,,,,,
ubuntu:train:2007-08-19:57:0:88405,train,2007-08-19,other,friend_manu,,,,Seveas,False,False,,"Seveas: afaik, :)","Optimus55: does anyone know how to install apps from tar.gz files? somethign like sudo make install.. something something?
afaik: I commented to some guy that it seems like vista is unstable and he responded ""I cannot either confirm or deny that""
nixternal: ahmadsaifan: patience young grasshopper...it is a weekend and there are a few, unlike me, who have a life :D
Pici: !compiling | Optimus55
ubotu: Optimus55: Compiling software from source? Read the tips at https://help.ubuntu.com/community/CompilingSoftware (But remember to search for pre-built !packages first: not all !repositories are enabled by default!)
yugi: do i have to change my X.org and X server so i can use 8600 gt?
afaik: when I looked at his conference tag, he was from Microsoft. ;)
ahmadsaifan: lol
PriceChild: Goooner, grub is loaded to the ""master boot record"" at the start of the drive.
Ashfire908: !enter ahmadsaifan
ahmadsaifan: huh?
Seveas: afaik, :)",,,,,,,,,,,,
ubuntu:train:2007-09-07:60:0:93285,train,2007-09-07,question,friend_manu,,,,thedash,True,False,,"thedash: is there any way to make the mail-notification plugin for Evolution to always display the 'new mail' icon if there are unread messages, instead of just the newest one ?","Jowi: edulix, i think....
edulix: ok
nathan: Ward1983: I use irssi so nothing scrolls out of my range I just press pgup... donno ask someone who uses xchat =]
Ward1983: nathan, np
Jack_Sparrow: Mexel: Pricewatch came up with several starting at $25
Mexel: k lemme go there
kronos: can anyone help me with a postfix,courier-imap,mysql,maildrop (for quota) setup? I can't figure out how to make maildrop to deliver to /home/vmail/<domain>/<user>/ instead of /home/vmail/Maildir file
Ward1983: nathan, could you do ctrl-f Ward1983 ? :p
kronos: and how the maildirsize file works for quota ?
sllik: ikonia, yeah i checked, there is nothing there about it... thanks for your help anyways
edulix: Jowi: thanks for all!
thedash: is there any way to make the mail-notification plugin for Evolution to always display the 'new mail' icon if there are unread messages, instead of just the newest one ?",,,,,,,,,,,,
ubuntu:train:2006-05-29:28:0:42137,train,2006-05-29,question,friend_manu,,,,power1,True,False,,power1: out there tomorrow and I want to put down a Linux box. I have a customised build that I want to set-up there. I normally use this for Small ADSL clients but have never set-up a solution to control ISDN dial-ups and restrict call charges. It would be an added bonus if I could control users dialing up by forcing them to use some type ofauthentication proxy. any ideas?,"nox-Hand: brb
livevil: ciao
irelandshope: I have the win32codecs and will give real a go.
nomin: irelandshope, I'm still fairly new to linux but I have gotten it to do just about everything windows does so far.
livevil: Someone can help me to find drivers for my acer monitor? It can't be setted over 640 x 480
another_lemur: nomin, well, i hope you haven't gotten it to crash as much :)
another_lemur: nomin, or cost as much :)
Paradoxx: Seveas: How do you know if freenx server is up and workin?
sybariten: anyone ever used a USB to PS2 converter?  in the sense that the PS2 male goes into a USB female on the computer
nomin: another_lemur, even if it does freeze on me, I press ctrl+alt+F1 and terminate the process causing the freeze.  Than everything is ok.
power1: Just wanted some advice and recommendations. I have a remote client that has a coal mine out in the sticks. They have an ISDN line for internet connectivity. They are currently using a windows box running kerio mail server and kerio firewall. The solution is not working as they are getting very large phone bills and the mail is unreliable. i am going
power1: out there tomorrow and I want to put down a Linux box. I have a customised build that I want to set-up there. I normally use this for Small ADSL clients but have never set-up a solution to control ISDN dial-ups and restrict call charges. It would be an added bonus if I could control users dialing up by forcing them to use some type ofauthentication proxy. any ideas?",,,,,,,,,,,,
ubuntu:train:2010-10-17:92:0:140962,train,2010-10-17,other,friend_manu,,,,Quan-Time_,False,False,,"Quan-Time_: hahrarha !!! sprout crap and not even do it well.. awesome. then LEAVE. anyawy. on that note,, im out too","mk0: nono i cannot use proprietary
Gnea: olivier: cheers
Dr_Willis: mk0:  no idea then. I use the nvidia drivers here on my 3 nvidia machines
Quan-Time_: ActionParsnip: yup, no point answering.. you are looking for an arguement
mk0: i even do not know which driver is now used.
greenmang0: Dr_Willis: when i use ""-S"" option of sudo it tell me ""stdin: is not a tty""
ActionParsnip: Quan-Time_: no just using ""gay"" as a term of inadequecy is not only pathetic and ignorant, its offensive to homosexuals
`3Shades: Dr_Willis, and I had a buch of files it wouldn't ""move"" so I copied them instead with sudo then I had to remove the tricode directory as root sudo wouldn't even do it ... really weird then I could finally make the link.. heh.. not to mention the time it took to transfer 15GB lol now I'm working on the virtualboxes.. heh
Dr_Willis: `3Shades:  you may need to check the permissions/ownership of the files perhaps.
ActionParsnip: Quan-Time_: I suggest you review yourvocab, there arethousands ofwords toexpressdissatisfaction
`3Shades: if I broke something I'll figure it out later
Quan-Time_: hahrarha !!! sprout crap and not even do it well.. awesome. then LEAVE. anyawy. on that note,, im out too",,,,,,,,,,,,
ubuntu:test:2007-12-01:2:0:4471,test,2007-12-01,other,friend_manu,,,,Chronosphear,False,False,,Chronosphear: it's uninstalling gnome,"grazz: did anybody try the last ati catalyst driver under ubuntu gutsy?
Viper: No, the card is trying to emulate raid!
grazz: sorry for my english.
danbhfive: vee_ it can, heh, but dont confuse yourself
Viper: It even has a RAID bios installed......
danbhfive: vee_ it should be under /media
r00tintheb0x: Viper on boot, does the card have any kind of menu you can go in?
Chronosphear: ooook
Viper: yup
IamReck: I am running CompizConfig on Ubuntu 7.10 Gutsy Gibbon... I am using the Cube option for my wokspaces, how do I make more workspaces?
r00tintheb0x: hmm
Chronosphear: it's uninstalling gnome",,,,,,,,,,,,
ubuntu:train:2013-07-10:120:0:177887,train,2013-07-10,addressed_not_question,friend_manu,,,,deadweasel,False,False,JustM0Bin_,"deadweasel: JustM0Bin_: I forget how to get that package, I think mine came with network manager....  I can't be sure.","Erik____: wilee-nilee, do you have any idea?
deadweasel: Anyone know if NMCLI is included in the Network Manager package in ubuntu?
deadweasel: i thought it was from 10.10 up?
wheatthin: mic__, or it'll say ""Filesystem""
wilee-nilee: Erik____, Not really I have not messed with networking. If you can describe what you have done you may get help if it is a recognizable problem you are stuck at.
llutz:  /msg ubottu find bin/nmcli
mic__: understood, but absolutely will not show up in devices via standard setup
wheatthin: and it's just labled home, cause that's the default option
wheatthin: is to show your home folder
mic__: so if i wish to copy a file to root directory of the primary, i must choose the default options of computer
llutz: deadweasel: "" /msg ubottu find bin/nmcli"" says yes
deadweasel: JustM0Bin_: I forget how to get that package, I think mine came with network manager....  I can't be sure.",,,,,,,,,,,,
ubuntu:test:2007-12-01:2:0:3841,test,2007-12-01,question,friend_manu,,,,LiMaO,True,False,user_,LiMaO: user_: what problem are you having?,"ToddEDM: hold on
thor: ToddEDM it may be you never added the printer?
vee_: danbhfive: so new that im not sure what the difference is between the three . I have 2 SATA 500 Gb HDDs
ToddEDM2: ok thor, im on the desktop
user_: does anyone here ever got same problem like me ? or you guys, have no problem with it
peacho: robdig: when I try to install this I get the following error: Package ntp is not available, but is referred to by another package.
peacho: This may mean that the package is missing, has been obsoleted, or
peacho: is only available from another source
peacho: E: Package ntp has no installation candidate
vee_: danbhfive: i imagine home/ is for the OS
thor: ToddEDM right...and looking at the smb.conf file, right?
LiMaO: user_: what problem are you having?",,,,,,,,,,,,
ubuntu:train:2008-01-03:64:0:98801,train,2008-01-03,other,friend_manu,,,,whochismo,False,False,,"whochismo: ok, i'll try that and i'll come back","ikonia: idyllic: what was the question sorry
whochismo: don't you think it's rare
coldboot: So anyone know how to knock out a CLOSE_WAIT connection with sysctl?
cronik: cco
whochismo: that it works perfectly in failsave mode
ikonia: coldboot: sysctl won't do that
whochismo: and if i choose the normal session, it won't start?
coldboot: ikonia: Well someone else said that...
coldboot: ikonia: How can I get rid of it?
idyllic: my Ctrl-Alt-Backspace reboots my comp, but not restart X
ikonia: coldboot: I do'nt see how it could do that
whochismo: ok, i'll try that and i'll come back",,,,,,,,,,,,
ubuntu:train:2007-01-29:49:0:74335,train,2007-01-29,question,friend_manu,,,,incognito,True,False,,incognito: how can i regenerate an alternative entry that i've corrupted?,"mena: shartrat, no no its for fire fox
Dysk: Anyone know of a repository that has firefox 2 that works well with Dapper?
mena: shartrat, but the theme file in .jar
maddash: codi: feel free to `cd /media & sudo rm floppy floppy0`
jrib: !firefox | Dysk
ubotu: Dysk: firefox is the default web-browser on Ubuntu. To install the latest version, see https://help.ubuntu.com/community/FirefoxNewVersion Installing plugins: https://wiki.ubuntu.com/FirefoxPlugins
maddash: codi: that might do it...
Dysk: jrib, Thanks
maddash: codi: i mean, that ought to kill off the extra floppy icon
draeath: So, theres not global package that de-retards my system, to put it bluntly?
mena: shartrat, and i try to extract it nothing happened in any way never mind will find a solution
incognito: how can i regenerate an alternative entry that i've corrupted?",,,,,,,,,,,,
ubuntu:train:2015-11-26:144:0:208112,train,2015-11-26,addressed_not_question,friend_manu,,,,lotuspsychje,False,False,Extreminador,lotuspsychje: Extreminador: better choose ubuntu desktop and make it a dev box :p,"Extreminador: what the diference beetween the server version and the one i had ?
Extreminador: does the server version bring's apache, php, ftp , etc ?
daftykins: you don't need FTP on a Linux host :)
daftykins: no every version has all of those
lotuspsychje: Extreminador: ask yourself what you gonna start doing with ubuntu
Extreminador: the ideia was to make only a self server to make some codes
Extreminador: php, java, etc
lotuspsychje: Extreminador: server has no GUI right
Extreminador: ohh them better not
Extreminador: lool
Extreminador: desktop them i guess it's better... i guess the gui part in begyining for me it's handy
lotuspsychje: Extreminador: better choose ubuntu desktop and make it a dev box :p",,,,,,,,,,,,
ubuntu:train:2011-08-22:101:0:153110,train,2011-08-22,question,friend_manu,,,,bjhaid,True,False,,"bjhaid: how do i configure ifconfig to run @ startup and as root, before other apps startup?","Night-Hacks: wonder why it calls LTS !!!
root-jr: *minute
auronandace: !lts | Night-Hacks
ubottu: Night-Hacks: LTS means Long Term Support. LTS versions of Ubuntu will be supported for 3 years on the desktop, and 5 years on the server. The current LTS version of Ubuntu is !Lucid (Lucid Lynx 10.04)
shaneo: hi guys wuick question it seems someone has been trying to remote access my pc is there a way to check logs for the incoming ips
Night-Hacks: just mean why they dont upgrade some packages
root-jr: th0r: i can't open it
auronandace: !latest | Night-Hacks
ubottu: Night-Hacks: Packages in Ubuntu may not be the latest. Ubuntu aims for stability, so ""latest"" may not be a good idea. Post-release updates are only considered if they are fixes for security vulnerabilities, high impact bug fixes, or unintrusive bug fixes with substantial benefit. See also !backports, !sru, and !ppa.
th0r: shaneo: login attempts should show in /var/log/messages among others
ActionParsnip: shaneo: what service are they trying to connect to?
bjhaid: how do i configure ifconfig to run @ startup and as root, before other apps startup?",,,,,,,,,,,,
ubuntu:train:2010-08-29:91:0:138637,train,2010-08-29,question,friend_manu,,,,fred__,True,False,,fred__: is this the latest version? initrd.img-2.6.32-24-generic,"ilovefairuz: Bronko: what tutorial?
Bronko: This: http://www.cyberciti.biz/faq/howto-ubuntu-linux-install-configure-jdk-jre/ It's allover the web. There are copies of it on other blogs too
paulmain: ilovefairuz, ok, everything is updated, installed linux-backports-modules-alsa-lucid-generic, and still no sound.  I can go into alsa and monkey with all the faders, but there's no sound coming out of any hole on the card
qwd: SwedeMike: now it starts at 64, this should be correct, right?
SwedeMike: qwd: yes!
qwd: SwedeMike: Sweet! Thanks for the help!
ilovefairuz: Bronko: that's for 7.10 (outdated)  did you install the sun-java6-* packages and they didn't work?
machete: ok I found one I really like and by just checking it I could say I would recommend it to anyone on a heart beat... it's called buzzbird
machete: and it doesn't use adobe air, oh yeah
ilovefairuz: Bronko: I  use openjdk: sudo apt-get install openjdk-6-jdk .. and everything just works
Bronko: I installed them that the -version responds correctly. I don't yet know if it's using the correct Jdk though?!
fred__: is this the latest version? initrd.img-2.6.32-24-generic",,,,,,,,,,,,
ubuntu:train:2007-01-12:46:0:69648,train,2007-01-12,question,friend_manu,,,,tim167,True,False,stefg,tim167: stefg: what kind of problems on Edgy ?,"Flannel: swarog: alright.  joe is in universe.
JoshJ: then parse the text file to get a long apt-get line
JoshJ: xchat myself, and this is what ctcp version is for
Flannel: No, it's not.  CTCP version is a good way to get yourself kicked
JoshJ: though doing /ctcp channelname version will probably get you shot
swarog: Flannel: thanks
stefg: tim167: i can't decide for you... installed edgy, ried 2 weeks to fix all the junk out of it, gave up and pimped my dapper
* riotkittie polishes a bullet
jkimball4: Has anyone had any issues upgrading from Feisty herd 1 to feisty herd 2?
tim167: JoshJ I'll have look at it
JoshJ: jkimball4 : try #ubuntu-future or whatever the channel is for that
tim167: stefg: what kind of problems on Edgy ?",,,,,,,,,,,,
ubuntu:train:2018-02-27:152:0:219872,train,2018-02-27,other,friend_manu,,,,mail-man,False,False,,"mail-man: I think it may have its own dedicated ram, I only used the term VRAM because I thought that was appropriate to describe that spec","cfhowlett: https://www.howtoforge.com/tutorial/linux-gpu-benchmark/          mail-man
cfhowlett: mesa-utils > glxgears might be a good starting point
mail-man: just tried it, I get 30FPS if I maximize the glxgears window at a 1024x768@32 res
kenrin: So about half of what it takes to not be choppy
mail-man: glxinfo reports: OpenGL renderer string: Mesa DRI R200 (RV280 5962) DRI2
cfhowlett: ram.  must have more ram!  see ebay/amazon for options
mail-man: It is running on 512mb ram so that must be an issue as well
mail-man: I'll try installing 10.5 and checking its performance to see if it's a kernel module/driver issue
mail-man: thanks for your help guys!
DiecastMessiah: yeah not sure if mac are like pc's but vram just mean it uses 32mb on the normal ram... but thats with pc's
DiecastMessiah: but it may have its own decated ram.. hard to say without reading the full spec's
mail-man: I think it may have its own dedicated ram, I only used the term VRAM because I thought that was appropriate to describe that spec",,,,,,,,,,,,
ubuntu:train:2005-07-25:10:0:15173,train,2005-07-25,question,friend_manu,,,,mindspin,True,False,^rob^,mindspin: ^rob^: but thats not permanently its temporary isnt it?,"^rob^: mindspin: sudo rmmod ipv6
IIIEars: !Amaranth
ubotu: IIIEars: I don't know
Trackilizer: Is there anyway i can watch my freinds webcams while chatting with them in Gaim (MSN)
poningru: !IIears
ubotu: poningru: Are you smoking crack?
IIIEars: The ingrate! - lol
poningru: yes
poningru: yes I am
Seveas: please don't play with the bot...
poningru: sorry
mindspin: ^rob^: but thats not permanently its temporary isnt it?",,,,,,,,,,,,
ubuntu:train:2005-10-07:13:0:19257,train,2005-10-07,other,friend_manu,,,,none_-,False,False,,none_-: opera owns,"breakthestate: opera rules
Trashcan: :\
none_-: dbz that's a known bu
none_-: g
Trashcan: guess not then
breakthestate: and i hear opera is free now
none_-: check google
dbzdeath: none_-: ahhh?
dbzdeath: cheers
jackel: hmm
Trashcan: I figured it was the same as resizing windows
none_-: opera owns",,,,,,,,,,,,
ubuntu:validation:2005-06-27:1:0:1393,validation,2005-06-27,question,friend_manu,,,,ralph,True,False,,ralph: He's on this channel.  Is it courteous to `offer chat' to ask or should I find the appropriate mailing list?,"ThE__OnE: ok
bob2: e17 isn't even beta
bl4cktone: Mushroom mushroom!
ThE__OnE: its not?
ralph: I've just used hwdb-gui to submit a profile.  md5sum is 9582879ff7f8570a87554c8c23f8e295.  How do I get to see the full detail since I wrote some decent comments  :-)  http://hwdb.ubuntu.com/?xml=9582879ff7f8570a87554c8c23f8e295 gives just enough info to know it's mine.
ThE__OnE: bob2, where are the themes located at? because hen i go to install theme it dont work
ThE__OnE: it asks me for location
bob2: ThE__OnE: I have no idea
ThE__OnE: hrm ok
ralph: Anyone here know about hwdb?
bob2: ogra is the person to ask
ralph: He's on this channel.  Is it courteous to `offer chat' to ask or should I find the appropriate mailing list?",,,,,,,,,,,,
ubuntu:train:2011-11-24:102:0:155510,train,2011-11-24,other,friend_manu,,,,AlexFlower_,False,False,,AlexFlower_: 1 sec,"AlexFlower_: it won't let me
AlexFlower_: it worked just fine when I installed manually first 4 packages
AlexFlower_: libsdl1.2-dev
AlexFlower_: but that one causes problems
admin1: hello
admin1: list
JusticeZero: hmmmm.
AlexFlower_: any ideea?
pangolin: We still don't know what the problem is. are you getting error messages?
AlexFlower_: yes
Guest42495: does anyone know how i can reassign the mute button on my keyboard to toggle mute? gui keyboard editor isnt helping
AlexFlower_: 1 sec",,,,,,,,,,,,
ubuntu:train:2014-12-27:134:0:197398,train,2014-12-27,addressed_not_question,friend_manu,,,,cpika,False,False,MDTech-us_MAN,"cpika: MDTech-us_MAN: hm. try to catch the window by cycling through your open windows by alt+tab. if it's activated but still not shown, perhaps ctrl+alt+shift+left/right helps to bring it to another virtual desktop.","Chuck_Norris: mybox1776: http://terminal28.com/how-to-install-and-configure-zoneminder-linux-cctv-debian/
mybox1776: Looks pretty slick!
osakiyama: hi
mybox1776: I am in the process of building a new box - just got parts from new egg
Chuck_Norris: mybox1776: /j #hardware
MDTech-us_MAN: hello
MDTech-us_MAN: I have a window that was on a second screen
MDTech-us_MAN: I disconnected the screen and now I cant find the window!
MDTech-us_MAN: how do i bring the window over to the current screen
feurd: Hello! I have a script for rsync my /home/ directory on an external hard drive : http://paste.ubuntu.com/9631907/ In it, there's a test to check if my disk is present. And despite the fact that it is, the script keeps saying that it's not. Does someone have an idea why?
teward: feurd: first question: is your system automatically mounting the drive at boot or no?
cpika: MDTech-us_MAN: hm. try to catch the window by cycling through your open windows by alt+tab. if it's activated but still not shown, perhaps ctrl+alt+shift+left/right helps to bring it to another virtual desktop.",,,,,,,,,,,,
ubuntu:train:2017-03-23:148:0:213486,train,2017-03-23,question,friend_manu,,,,unkek,True,False,,unkek: what?,"debianbeing: linocisco: journalctl
debianbeing: linocisco: journalctl -b so it only shows starting from latest boot
unkek: hello
unkek: I have displays problem
debianbeing: wait no
HowAboutIt: hello world
debianbeing: unkek: what kind of problem? missing displays or too many?
unkek: freshly installed xubuntu, it worked fine until I swapped the monitor and added another one
debianbeing: unkek: oh yes been there
unkek: now it uses only one and in a shitty resolution
HowAboutIt: reseat the connections and restart it all.
unkek: what?",,,,,,,,,,,,
ubuntu:train:2005-12-23:18:0:27677,train,2005-12-23,other,friend_manu,,,,Ed-Gein,False,False,,Ed-Gein: use the command ls to view the files via the cli,"james: caues it is a network everywhere NWP11B
tiglionabbit: don't forget to read the text files and scripts that are in all capital letters, like README or INSTALL
james: ok i am in the directory now what do i do
Ed-Gein: you should read the readme but you probably start with ./configure
lordjohnny: Somebody Spanish?
james: i am reading the install file
tiglionabbit: james: first you look at the files and see if there's files in there with the names README, configure, automake.sh, Makefile, INSTALL, or the like
james: give me a min
Seveas: !es
ubotu: Hispanohablantes: Por favor usen #ubuntu-es, alli obtendran mas ayuda.
james: there is all four of those files
Ed-Gein: use the command ls to view the files via the cli",,,,,,,,,,,,
ubuntu:train:2012-06-20:109:0:164860,train,2012-06-20,other,friend_manu,,,,reza_99999,False,False,,reza_99999: lsb_release -sc,"schnuffle: rodent: sure that the second command gets executed when the firewall is up and already blocking you. Write a bash script  with your commands and execute it in a screen to see if it makes a difference. Maybe add a iptables -L > ufw.log to see what happened
reza_99999: how to convert laptop wireless to a Hot-Spot?
rodent: schnuffle: it does, as it says "" rule exists skipping.. ""
rodent: absolutely it gets ran
rodent: i'm waiting for the colo to fix my remote consoel access so i can diagnose it out of band...
rodent: otherwise i'll just reboot the box and examine logs as you suggested.
Defusal: is there a technical ubuntu channel?
ActionParsnip: reza_99999: what is the output of:  lsb_release -sc    plese
woozly: guys, how to get tabbed 'screen' ?
woozly: in my terminal
Defusal: ie. a ubuntu channel for more advanced things?
reza_99999: lsb_release -sc",,,,,,,,,,,,
ubuntu:train:2006-06-28:33:0:49772,train,2006-06-28,addressed_not_question,friend_manu,,,,cherwin,False,False,tux0010,"cherwin: tux0010: hmm, I don't know how to get it working the ubuntu way.. i actually don't use ubuntu. But you can try it with the executable","t4ken:        In some cases useful info is found in syslog - try
t4ken:        dmesg | tail  or so
tux0010: please can anyone help me set up the ati drivers under ubuntu?
tux0010: it was working until i updated last night
cherwin: t4ken: could you pastebin your dmesg?
Xero: Jack_Sparrow: Yes, There is nothing on the drive
wildman: t4ken: and the commandline you are trying is: sudo mount /dev/hda2 /mnt_point ?
JamesWC: What is a live cd?
t4ken: [4302022.433000]  NTFS-fs error (device hda2): ntfs_fill_super(): Not an NTFS volume.
wildman: t4ken: and /mnt_point exists?
wildman: JamesWC: a CD that boots the OS out of it w/o the need to install the OS on a hard disk
cherwin: tux0010: hmm, I don't know how to get it working the ubuntu way.. i actually don't use ubuntu. But you can try it with the executable",,,,,,,,,,,,
ubuntu:train:2012-02-03:104:0:157838,train,2012-02-03,other,friend_manu,,,,johndoe_,False,False,,johndoe_: the problem is with the latest X upgrades,"raj: can someone please remind me how to add a user to the sudo group?
raj: or admin group
johndoe_: MonkeyDust: I dont think you are understanding
jonko: command can i run to install from a centos 6
ederico: davidcalle: Once we get Rhytmbox with 12.04 I guess that will play the albums, right?
jonko: can you provide more details ?
johndoe_: I mean reverting the packages to their old state
johndoe_: its not a problem with unity though
zykotick9: johndoe_: you'll need to remove the affected packages, then reinstall them fresh.
jonko: you with that i'll have to be a hybrid iso
gadeynebram_: Hi, Could someone help me with this issue http://ubuntuforums.org/showthread.php?p=11661282#post11661282
johndoe_: the problem is with the latest X upgrades",,,,,,,,,,,,
ubuntu:train:2005-10-12:14:0:20631,train,2005-10-12,question,friend_manu,,,,Licker,True,False,,Licker: would that be easier?,"Mateo_: licker>  /etc/network/interfaces  ?
pl_ice: Mateo_ he's trying to install fresh system, has no idea which gateway to use etc...
realite: hii
realite: to everyone
gigaclon: hiii
Licker: mateo_: im just doing the install to da second pc'
net_benjo: hi guys, my apt-get update can't connect to any of the repos.  Is this related to the 5.10 RC?
Echelon-H: https://wiki.ubuntu.com/BreezyUpgradeNotes - this is not working.
Licker: pl_ice: im connecting through a hub
Mateo_: oh .. ok  ...  and youdon't want to do that after your install ?
realite: are there enyone who know mono?
Licker: would that be easier?",,,,,,,,,,,,
ubuntu:train:2015-02-04:136:0:199521,train,2015-02-04,other,friend_manu,,,,supay,False,False,,supay: giving it a shot,"Ben64: supay: if you're doing this over the internet, you should really use a ssh tunnel to connect though, vnc by itself it not secure
k1l: jfmcarreira: erm no. but then you need to make a signing key anyway
supay: Ben64: we're on an internal network... security is not something im worried about atm
glogic: benibadboy: You could automate it in a bash script if you wanted to...
supay: Ben64: and after setting the password in vino-preferences?
supay: Ben64: do i need to get an ssh daemon or something?
Ben64: supay: well if its internal network, then that doesn't matter
supay: Ben64: now i can use something like http://sourceforge.net/projects/cotvnc/ to connect to the server?
benibadboy: glogic: I got it, by default there is no password... But if I want to su, I need to use [sudo su - username]... If I try [su - username] then it asks for password. Thank you for pointing me in the right direction (passwd -d username)
Ben64: supay: you should be able to use any vnc client
supay: okay..
supay: giving it a shot",,,,,,,,,,,,
ubuntu:train:2008-02-07:65:0:100246,train,2008-02-07,other,friend_manu,,,,psycholvlan,False,False,,psycholvlan: that could be the case,"psycholvlan: trying to get some programs and can't connect to us.archive.ubuntu.com
thatoldchestnut: sp: yep, so last night I downloaded a stand-alone version of gparted and booted off that, and was able to set it so that the half of my HDD with windows was NTFS, and the half I intended to install ubuntu on was EXT3. it got me a little further than before, but crashed once again
bobbob1016: My notification area seems broken, I can't bring up any menu's on it.  For example, I can't click the ""update"" icon on it.  Any ideas on a fix?
BabyDoll: bazhang: i tried to enable it and it wouldnt let me
TKingdom: danbhfive: sorry, couldn't tell ya
sp: thatoldchestnut: when exactly does the installer crash? you shouldn't touch the NTFS partition at all from within the installer
bazhang: BabyDoll: this is in the livecd?
genii: psycholvlan: Though I am using canadian repo not US
BabyDoll: yes bazhang
BabyDoll: want me to install first?
white_eagle: my friend has problems with his usb flash drive 4 gigs, it doesn't get recognized on ubuntu
psycholvlan: that could be the case",,,,,,,,,,,,
channel_two:all_:undated:0:0:622,all_,undated,other,friend_manu,,,,Denny,False,False,,"Denny: Shenna, use knoppix","Shenna: linux not booting
Denny: open up your box dude
Shenna: it is a laptop
Denny: oh
Shenna: can't check
Shenna: just got it
Denny: Shenna, download a live cd
Lang: hm
Denny: not ubunut though
Lang: linux is cool
Lang: openmosix seems dope
Denny: Shenna, use knoppix",,,,,,,,,,,,
ubuntu:train:2006-01-12:20:0:29463,train,2006-01-12,addressed_not_question,friend_manu,,,,Nafallo,False,False,Seveas,Nafallo: Seveas: :-),"antisepticx: I mean hardware
nickrud: sorush20, that's a package from Debian; take a look at what seveas has
kameron: zcat[1] : what configuration is needed?
Di42lo: anyways...what is the command to get full directroy with the terminal ftp command ?
nickrud: !seveas
ubotu: hmm... seveas is a semi-popular 3rd party repository for several packages. More info (and mirrors) on wiki.ubuntu.com/SeveasPackages
nickrud: heh, it exists :)
gnomefreak: Nafallo, the bug report says to install anjuta 1.2.4a but it doesnt compile right
Nafallo: damn! I thought Seveas was a person :-P
zcat[1] : dpkg-reconfigure xserver-xorg
Seveas: Nafallo, I'm not :)
Nafallo: Seveas: :-)",,,,,,,,,,,,
ubuntu:train:2006-06-21:32:0:48276,train,2006-06-21,addressed_not_question,friend_manu,,,,rpedro,False,False,mrDaniel,"rpedro: mrDaniel: for ftp and samba shares you can just a 'Network Servers' window, or you can type the correct protocol, and then create bookmarks for nautilus","kbukhari: Hotdog003, how can i edit repos
webguy: does anyone know what package to install to allow me to run php scripts from the command line?
voraistos: gnomefreak: depending on countries
gnomefreak: kbukhari: check your pm
kbukhari: ok
Slyboots: Damn it, this is driving me *nuts*
gnomefreak: voraistos: it shouldnt
kbukhari: ok
kbukhari: bye bye
SVisor: MarcN: ty! got fglrx working (default setup). Still some artifacts, like login screen on wrong display (solved by turning on auto login).
Hotdog003: Bye, kb!
rpedro: mrDaniel: for ftp and samba shares you can just a 'Network Servers' window, or you can type the correct protocol, and then create bookmarks for nautilus",,,,,,,,,,,,
ubuntu:train:2006-08-06:35:0:53537,train,2006-08-06,question,friend_manu,,,,MoNkUnClE,True,False,,MoNkUnClE: Paladine i think i have the vmware server installed do u know where i might find a good howto on it??,"MoNkUnClE: Paladine is there a way to do that with them existing on the same drive?
wweasel: dave: Alacarte Menu Editor
nu__: wweasel: yea
dave: thanks
wweasel: nu__: How?
Paladine: MoNkUnClE, you can make vmware server use an existing windows installation for a guest operating system
nu__: wweasel: i asked that same question when i was using xubuntu. let me make sure if it works. ill try now
Paladine: other than that, no
DarkAudit: wweasel: ok... I was intrigued by that media router... attach a usb drive to it, and move all my music/videos to that, independent of my OS
SeaRunner: ok the CANON scsi Slide Scanner is working happily
slaxy: well i have 4 ntfs drives... and i have started using ntfs-3g ... but then do u think i can use samba on the same system accessing those 4 drives
MoNkUnClE: Paladine i think i have the vmware server installed do u know where i might find a good howto on it??",,,,,,,,,,,,
channel_two:all_:undated:0:0:1256,all_,undated,addressed_not_question,friend_manu,,,,Leota,False,False,Jeanice,Leota: Jeanice: i tried gensplash so many times and i just gave up,"Santo: Margene: why would you go from XFCE to KDE bloatware? Unless KDE4 will not be bloatware any longer...
Margene: Santo, not go, but try it out
Santo: ah
Gale: Angla: or like I always say, ""
Angla: ?
Margene: the only thing is there's a lot of qt apps that are really great
Gale: When it comes to troubleshooting, educated guesses are good, assumptions aren't
Christina: I have a question. I need to know the kernel parameter to use to tell an ubuntu install where the CD media is located at over a PXE server.
Delmar: has anyone used Xcircuit ? is that an app to draw and to test circiuts if theu work ?
Angla: Gale, a calm methodical approach to narrowing the search space, then you shoot the dog that chewed the cable ...
Margene: for example, kget is pretty much the only download manager I've tried that forces resuming on anything, while others fail
Leota: Jeanice: i tried gensplash so many times and i just gave up",,,,,,,,,,,,
ubuntu:train:2006-01-12:20:0:30233,train,2006-01-12,addressed_not_question,friend_manu,,,,iKernel,False,False,jader_,"iKernel: jader_: When it asks for the password, enter in your user account's password.","jared: bina: tanks
stgraber: jader_: enter your user password and you will be root
jader_: thanks!!
gnomefreak: <<perfers sudo -i
mwe: thegladiator: sudo update-rc.d -f ntpdate remove
jader_: i were not able to do #su -
iKernel: lucasvo: My user is already in the audio group.
rudiz: thegladiator, system>admin>services
thegladiator: thanks i will try that
iKernel: jader_: Type in sudo -s
mikelinux: iKernel mikelinux: I don't think it's a problem if you copy files from ntfs though. I never experianced many issues.... and from reiserfs to ntfs?
iKernel: jader_: When it asks for the password, enter in your user account's password.",,,,,,,,,,,,
ubuntu:test:2007-12-01:2:0:4162,test,2007-12-01,other,friend_manu,,,,blkthndr,False,True,,"blkthndr: there are ways around it so i can access my music, but i just want to know if the problem can be fixed","vee_: danbhfive: creating new partition tables for each right now
danbhfive: vee_ you should just get things up and running as close as you can to how you want
ToddEDM2: ok done
danbhfive: vee_ you can worry about more fancy partitioning later
thor: ToddEDM2: now you should be able to define that printer in cups on the laptop
vee_: danbhfive kewl
ToddEDM2: ok
thor: ToddEDM2: you do remember the printer name I hope <smile>
ztomic: blkthndr: that's a predicament.
Taa5i: Why doesn't the ubuntu install cd come with ping??  It's really hard to try to diagnose network issues without it and/or traceroute....
Kubala: hello word
blkthndr: there are ways around it so i can access my music, but i just want to know if the problem can be fixed",,,,,,,,,,,,
channel_two:all_:undated:0:0:2173,all_,undated,other,friend_manu,,,,Arlie,False,False,,"Arlie: Nicki, yes, but them comming to you, and you making them look bad, are 2 different issues","Felicia: Lai: if everyone needs to mail to that address on their own then maybe it';s beetter you spm it and it get's spammed ;-P
Azzie: Ricardo: Well, end of semester work, what could be better?
Nicki: Arlie: well, I've never been ""screwed up"" by a junior programmer. they come to me for help.
Josephina: Ricardo: if it's just reading from /dev/ttyS0 or something you could somehow get it to just read from a named pipe instead
Arlie: Nicki, no no no ... someone below you is not a co-worker, they are an underling
Lai: Felicia: ok then what?
Ricardo: Azzie: I hate that crap... you in college?
Lashawna: ok, so my chances with google are probably slim, does anyone know of a company in need of experienced html, css, jscript, perl, python, etc. programmers?
Nicki: Arlie: the sr programmers come to me for help, also. :)
Lashawna: Nicki, then you should get promoted
Ricardo: Josephina: hmm yeah maybe you're right... I might just have to end up modifying the entire program
Arlie: Nicki, yes, but them comming to you, and you making them look bad, are 2 different issues",,,,,,,,,,,,
ubuntu:train:2006-01-02:19:0:27838,train,2006-01-02,question,friend_manu,,,,ubotu,True,False,,"ubotu: probably 90% of the first questions asked in this channel start with ""Does anyone/anybody...""  Why not ask your next question (the real one) and YOU decide? <hint>","HP_Administrator: could someone direct me to a place where you can find printable cd/dvd disc labels for ubuntu?
mwe: rabbit: free as in you don't have to pay anything at least
crooksey: www.ubuntu.org/download
freddie: can someone help me with video codes on internet when 1 try too veiw them it closes firefox
coNP: rabbit: could you install mail notification?
flodine: nalioth thxs for the info
EddieDaMan: sudo apt-get install firestarter
EddieDaMan: woosp, wrong box
HurricaneJ: and i downloaded airsport sniffer i think is the name--it installed but i dont see where i can open the program
elvirolo: so, can anyone help me?
gnomefreak: !someone
ubotu: probably 90% of the first questions asked in this channel start with ""Does anyone/anybody...""  Why not ask your next question (the real one) and YOU decide? <hint>",,,,,,,,,,,,
ubuntu:train:2012-05-04:106:0:160381,train,2012-05-04,other,friend_manu,,,,citizenkeys,False,False,,"citizenkeys: so i removed proftpd.  but now when i try to reinstall it with apt-get install proftpd, it doesn't ask me which mode to use.","drPoO: is it possible to make custom collections of wallpapers to cycle through in the day?
lotus-blade: ho do you fix /usr/bin/ld: cannot find -lncurses in 12.04
Jordan_U: SyphirX: And possibly boot from the LiveCD again and post the /var/log/Xorg.0.log from there?
Jordan_U: lotus-blade: What command gives you that error?
SyphirX: How do I open bash? Unity is being a bitch.
walbert: lotus-blade:  try sudo apt-get install libncurses5-dev
Jordan_U: !language | SyphirX
ubottu: SyphirX: Please watch your language and topic to help keep this channel family-friendly, polite, and professional.
citizenkeys: i installed proftpd using apt-get install proftpd.  when i did, i chose the wrong mode (inetd) instead of standalone mode.
Jordan_U: SyphirX: Search for ""gnome-terminal"".
SyphirX: My apologies. Crappy day compounded with this.
citizenkeys: so i removed proftpd.  but now when i try to reinstall it with apt-get install proftpd, it doesn't ask me which mode to use.",,,,,,,,,,,,
ubuntu:train:2007-02-06:50:0:75800,train,2007-02-06,other,friend_manu,,,,peresko,False,False,,peresko: thunderbird crashes when autochecking the spelling. It consumes 99.7 % cpu....it hangs,"LinuxHelp: comradeC, before you close your IRC..
Slasher: brb
nexousNET: Quessir: do you know if wifi-radar connects to the network on startup?
comradeC: LinuxHelp, and what do I do after it boots sudo grub? in the live cd enviroment?
peresko: Thunderbird question: Autospell Bugs anyone?
LinuxHelp: comradeC, you need to remember to type: ""sudo grub"" and then ""root (hd0,2)"" and the ""setup (hd0)""
ompaul: AmaroqWolf, log out and back in - ctrl alt bksp is not for every day use
Quessir: nexousNET: Not sure, I think yes
AmaroqWolf: Okay.
Cyrus25801: how does one check what your default gate way is
ZiG: Does anyone have a walkthrough for installing video drivers?
peresko: thunderbird crashes when autochecking the spelling. It consumes 99.7 % cpu....it hangs",,,,,,,,,,,,
ubuntu:train:2010-02-13:83:0:127823,train,2010-02-13,other,friend_manu,,,,kotsu,False,False,,kotsu: Oh that would completely suck if they removed framebuffer.,"kotsu: Anyone have luck getting screenbuffer to work under Karmic?
kotsu: I just get a black screen when I CTRL+ALT F7
kotsu: I mean CTRL+ALT F1
kotsu: brb
robb: ctrl alt f1 is first terminal
robb: ctrl alt f7 is the X terminal
kotsu: Right robb.. but after enable framebuffer I don't get anything.
kotsu: I googled and found people with the same problem.
kotsu: Wondering if anyone else is able to get it working under Karmic.
Trek: perhaps it was removed kotsu
Trek: or perhaps support for it was removed, kotsu
kotsu: Oh that would completely suck if they removed framebuffer.",,,,,,,,,,,,
ubuntu:train:2011-02-23:95:0:145613,train,2011-02-23,addressed_not_question,friend_manu,,,,Dr_Willis,False,False,dustin_,Dr_Willis: dustin_:  start removing then.. pay attention to anything else it may try to remove,"Dr_Willis: !swf
g[r]eek: Dr_Willis, I'm guessing that's a no...?
teolicy: Hi. I'm using 9.10, which has Python 2.6.4. I'd like to upgrade it to 2.6.6 (latest 2.6 release, and the version in 10.10). What's the 'correct' way to go about doing this?
Dr_Willis: ive seen video -> flash video befor.. but i dont use the stuff
ps3_: sudo: /etc/sudoers.d/admin is mode 0644, should be 0440
Dr_Willis: teolicy:  i would check the ppa's  or backports for updated versions
ps3_: how can i change from 0644 to 0440??
g[r]eek: ok thanks
jrib: ps3_: why is it 644 instead of 440?  What exactly did you do to make it that way?
dustin_: Dr_Willis, i want it all gone
gaelfx: what can I do to fix choppy playback using vdpau in smplayer?
Dr_Willis: dustin_:  start removing then.. pay attention to anything else it may try to remove",,,,,,,,,,,,
ubuntu:train:2008-04-20:68:0:105546,train,2008-04-20,other,friend_manu,,,,DOOM_NX,False,False,,DOOM_NX: okay,"DOOM_NX: what is smoothwall?
thoreauputic: DOOM_NX: specialised Linux Firewall distribution
DOOM_NX: popey
DOOM_NX: why should i need smoothwall?
Vasa: any idea?
thoreauputic: DOOM_NX: Usually as a gateway/firewall on a LAN etc.
astro76: DOOM_NX: perhaps that link tells you how to tunnel vnc over ssh using putty? just a guess...
DOOM_NX: astro76, yes i know, but do i need smoothwall?
cherva: can I swap the cannels of my souncard ?
thoreauputic: DOOM_NX: probably not
astro76: DOOM_NX: no
DOOM_NX: okay",,,,,,,,,,,,
ubuntu:train:2012-12-15:112:0:169016,train,2012-12-15,other,friend_manu,,,,stiltzkin,False,False,,"stiltzkin: For completeness, the output of uname -a is: Linux luna 3.5.0-18-generic #29-Ubuntu SMP Fri Oct 19 10:26:51 UTC 2012 x86_64 x86_64 x86_64 GNU/Linux","intelikey: sara    and  adding sudo to that command was your second mistake, and probably the biggest one.
Tex_Nick: marianne : take a look at this ; http://askubuntu.com/questions/134172/window-title-bars-missing-occasionally-in-unity
jrib: Sara: what do you mean?
Sara: actually its not possible to open it with note pad or gedit
stiltzkin: Hey, anyone want to help me figure out why fglrx is failing all of the sudden? All I get when I boot now is commandline, no GUI (this includes recovery mode). Here's what I think is the relevant portion of /var/log/kern.log: http://paste.ubuntu.com/1441008/
Sara: I extracted it using terminal sudo sh Desktop/VMware-Workstation-Full-7.0.0-203739.i386.txt
jrib: Sara: when you run files like that, they could do absolutely anything they want to your system.  You should only do that with files you absolutely trust
tomreyn: !vmware | Sara
ubottu: Sara: VMWare is not available in the Ubuntu repositories. Consider using !QEmu or !VirtualBox as alternatives. Instructions for installing VMWare manually are at https://help.ubuntu.com/community/VMware
Sara: and it asked for root privilage thats why i added sudo
Tex_Nick: marianne : that's assuming you're runnint unity
stiltzkin: For completeness, the output of uname -a is: Linux luna 3.5.0-18-generic #29-Ubuntu SMP Fri Oct 19 10:26:51 UTC 2012 x86_64 x86_64 x86_64 GNU/Linux",,,,,,,,,,,,
ubuntu:train:2010-08-05:89:0:135746,train,2010-08-05,other,friend_manu,,,,RealEyes,False,False,,"RealEyes: It looks like art to me, the bash shell.","greezmunkey: RealEyes: pick a project, then see it through - like learning bash scripting. That'll keep you thinking.
`blackmk4`linux: if he's not learning anything then either he isn't trying new things or he knows everything
PythonPup: kvio04, try   sudo fdisk /dev/sdc
kvio04: PythonPup: I've recreated the MFT five or six times trying to recover this thing
Gnea: RealEyes: tried any other distros?
kvio04: Gnea: The drive was being used, it had four partitions until today
RealEyes: I'm trying to learn bash but I don't know where to tart.
RealEyes: start* lol
kvio04: Gnea: rewrote the MFT for other purposes
PythonPup: kvio04, Are you trying to recover data on a drive that had some problem?
kvio04: PythonPup: This is a different drive from that one
RealEyes: It looks like art to me, the bash shell.",,,,,,,,,,,,
ubuntu:train:2017-02-06:146:0:210850,train,2017-02-06,other,friend_manu,,,,KCmetro,False,False,,KCmetro: looking into getting that working again but no luck yet,"nacc: TBotNik: I don't know what you're asking, but I think you need to uninstall the corresponding package?
nicomachus: MrOpenSource: what's the FS?
MrOpenSource: nicomachus LUKS+EXT4
lebeev: hey, I'm running ubuntu minimal with awesome WM on a 4th gen thinkpad x1 carbon, and I'm trying to get the fn keys to work for volume and brightness. acpi_listen shows the events properly but I'm not entirely sure where to go from there
TBotNik: nacc: with disk full and unable to login any way shape or form and only at ""root"" in recovery mode an ""uninstall"" is impossible!
aadi: hi
aadi: hi'
TBotNik: nacc: Must be able to purge the files off the HD, so I can actually login!
aadi: any1 there
newdan: aadi: Yes there are a ton of people here
KCmetro: I just (remotely) started the upgrade process on my ubuntu yakkety server to zesty, although am unable to ping addresses by names (DNS)
KCmetro: looking into getting that working again but no luck yet",,,,,,,,,,,,
ubuntu:train:2006-01-12:20:0:29807,train,2006-01-12,addressed_not_question,friend_manu,,,,Nafallo,False,False,mwe,Nafallo: mwe: the free alternatives usually is :-),"Nafallo: mwe: it will totally be able to kill flash in the future ;-)
haasteem: antispeticx: right, i found it
gnomefreak: grrrrrrrrrr why do they say banshee is in deb and all they give you is tar:( but the deb is in repos :)
made: !ntfs
ubotu: rumour has it, ntfs is the filesystem used in Windows 2000 and newer; to automatically mount your NTFS partition: https://wiki.ubuntu.com/AutomaticallyMountMSWindowsPartitions, or writing to ntfs is risky and only experimental. Reading is OK
Mabus06: where do you find wine's ""c"" drive?
mwe: Nafallo: I free alternative would be great. and if it's better even ...
haasteem: antispeticx: so there i just change to the layout i want and that's all?
antisepticx: what layout are you looking for
Seveas: Mabus06, ~/.wine/C_drive/ iirc
haasteem: antispeticx: canadian french
Nafallo: mwe: the free alternatives usually is :-)",,,,,,,,,,,,
ubuntu:train:2007-01-19:47:0:71728,train,2007-01-19,addressed_not_question,friend_manu,,,,Tonren,False,False,millones,"Tonren: millones: hay otros cuartos de hablar para otras idiomas, como espanol.","millones: hi, somebody speak spanish here?
n2diy: EnsignRedshirt: good luck, try the schools sys admin?
arrenlex: !es | millones
ubotu: millones: Para Espaol por favor usen #ubuntu-es, #kubuntu-es o #edubuntu-es, all obtendrn mas ayuda.
Madpilot: !es | millones
Tonren: millones: si, pero solamente un poquito
riotkittie: !es | millones
riotkittie: doh
arrenlex: *wins*
Madpilot: he
riotkittie: *wins a little later*
Tonren: millones: hay otros cuartos de hablar para otras idiomas, como espanol.",,,,,,,,,,,,
ubuntu:train:2014-12-27:134:0:196547,train,2014-12-27,question,friend_manu,,,,g0th,True,False,,g0th: how do you mount cifs shares?,"bekks: g0th: Define ""properly"" and ""wrong permissions"" in detail please.
g0th: the permissions should be 0664 for files and 0775 for directories
g0th: with proper uid and gid
bekks: g0th: CIFS doesnt support linux permissions.
g0th: I think it does
g0th: there is an extension
bekks: g0th: Then you are using a different CIFS implementation than the entire linux world.
g0th: I just want to mount it with those permissions on my system
g0th: no I am nt
g0th: it is well known
g0th: it's supposed to work with ""nounix""
g0th: how do you mount cifs shares?",,,,,,,,,,,,
ubuntu:train:2010-03-20:85:0:130316,train,2010-03-20,addressed_not_question,friend_manu,,,,Dr_Willis_,False,False,jastor,Dr_Willis_: jastor:  its an old 2 pane file manager with GUI written in TCL. :),"almoxarife: Baloe4567: I know this about grub2, it crashes on wubi installs after updates, there is a fix, I am wondering if the same problem you have is associated with it, the crashes are on wubi installs
sreeju: whatever i am downloading from web is not in .deb format they are some source codes how can i install them
Dr_Willis_: jastor:  theres also numerous 2 pane file managers out like 'gentoo' 'filerunner'  and proberly a dozen others that i cant rember
anirban: Dr_Willis i got it ...i remove vlc-nox  and then try to install vlc againg ..now its woeking
Dr_Willis_: sreeju:  compiling from source is going tobe a rather large undertaking for a linux beginner.
Dr_Willis_: !source
ubottu: You can easily fetch a package's source with apt-get. See: http://www.debian.org/doc/manuals/apt-howto/ch-sourcehandling.en.html
Dr_Willis_: !compile
ubottu: Compiling software from source? Read the tips at https://help.ubuntu.com/community/CompilingSoftware (But remember to search for pre-built !packages first)
Dr_Willis_: sreeju:  you would have better luck finding a PPA repoistory for unofficial/new packages
jastor: Dr_Willis_: filerunner is for x
Dr_Willis_: jastor:  its an old 2 pane file manager with GUI written in TCL. :)",,,,,,,,,,,,
ubuntu:train:2006-05-15:26:0:39530,train,2006-05-15,question,friend_manu,,,,CaBlGuY,True,False,,CaBlGuY: Or.. do u have the latest distro?,"roger_mudd: Does that look familiar to anyone?
schmity: it just stops
CaBlGuY: U need to re-install
schmity: i have
schmity: like 5 times
CaBlGuY: Oh..
CaBlGuY: Umm
CaBlGuY: whats yur setup?
Kr0ntab: pyrotic, how is it being shared?  is it using an HP jet direct card?  or windows share?  or unix print services on windows?
roger_mudd: schmity: did you check your CD?
schmity: well it used to work
CaBlGuY: Or.. do u have the latest distro?",,,,,,,,,,,,
ubuntu:train:2005-05-14:4:0:6158,train,2005-05-14,addressed_not_question,friend_manu,,,,karsten,False,False,metalsand,karsten: metalsand: ...they'll just stand between you and that one.,"metalsand: I have a feeling it's going to take a lot of tweaking to get it working
ivoks: jacquesmerde and connect it with dhcp
jbmigel: I seem to be having some trouble with my firefox flash plugin, when i goto a flash site that does a content pop-up I can only see like 1/5 of the flash page in the new window, the rest of window is white. Has anyone experienced this?
jacquesmerde: ivoks, is that hard? am i better off just biting the bullet and switching to static IP's?
IIIEars: Ghost is nice. backing up an open OS with proprietary software just doesn't hit me right though. - lol
ivoks: jacquesmerde with dhcp-dns
karsten: metalsand: No, it's going to take one tweak.
ivoks: jacquesmerde well, it isn't simple :)
karsten: metalsand: ...all the other tweaks _won't_ get it working.
thoreauputic: jacquesmerde, how many machnes do you have on your LAN ?
metalsand: karsten, which tweak is that?
karsten: metalsand: ...they'll just stand between you and that one.",,,,,,,,,,,,
ubuntu:train:2006-12-10:44:0:67214,train,2006-12-10,addressed_not_question,friend_manu,,,,nn,False,False,Kingsqueak,"nn: Kingsqueak: this box just doesnt have much space (1gb thumbdrive for root FS), so i run everything off the server","thenetduck: file*
engla: Kingsqueak: wouldn't ""chmod -R u+rwX /yourmount"" work better and faster?
christian1222: Kingsqueak: same when I spelled it 'essentials'
nn: Kingsqueak: why would i get screen artifacts when i move a locally running window (WM is running on the remote system as are 99% of my applications)? ubuntu on both systems, same version, using SSH for X forwarding
Kingsqueak: christian1222: sorry it's build-essential
Pudel_des_Todes: can anybody help, or push me to the right direction?
Kingsqueak: nn local network?
depi: what is the correct pattern to delete all images ending with _thumb.jpg in a directory which have subdirectories?
christian1222: Kingsqueak: thanks man, I appreciate it, if it wasnt for guys like you, I would have given up on computers a long time ago
nn: Kingsqueak: Yea, gigabit ether
Kingsqueak: nn odd, that's from lag in refresh, try a different wm maybe
nn: Kingsqueak: this box just doesnt have much space (1gb thumbdrive for root FS), so i run everything off the server",,,,,,,,,,,,
ubuntu:train:2015-12-28:145:0:209945,train,2015-12-28,other,friend_manu,,,,lotuspsychje,False,False,,"lotuspsychje: 192 ram for server, sounds good","BluesKaj: RickyB98:  like xubuntu
BluesKaj: !xubuntu
ubottu: Xubuntu is Ubuntu with !Xfce as the desktop environment. More info at http://xubuntu.org/ - To install the Xubuntu environment from Ubuntu: « sudo apt-get install xubuntu-desktop^ » - Join #xubuntu for support - See also: !xubuntu-channels
RickyB98: BluesKaj, what about ubuntu server?
BluesKaj: !ubuntu-server
ubottu: Ubuntu Server Edition is a release of Ubuntu designed especially for server environments, including a server specific !kernel and no !GUI. The install CD contains many server applications. Current !LTS version is !Trusty (Trusty Tahr 14.04) - More info: http://www.ubuntu.com/products/whatisubuntu/serveredition - Guide: https://help.ubuntu.com/lts/serverguide - Support in #ubuntu-server
RickyB98: i know what ubuntu-server is
RickyB98: i mean is it light enough?
BluesKaj: depends on your hardware
lotuspsychje: RickyB98: https://help.ubuntu.com/community/Installation/SystemRequirements
BluesKaj: try it and find out :-)
lotuspsychje: 192 ram for server, sounds good",,,,,,,,,,,,
ubuntu:train:2005-12-16:17:0:26076,train,2005-12-16,other,friend_manu,,,,cdubya,False,False,,"cdubya: Jackal24, if you need to paste stuff that's more than a couple of lines, use the pastebin that's listed in the topic.","chaumurky: you'll get banned...
crouton: !paste
ubotu: I guess paste is please use http://paste.ubuntu-nl.org/ or #flood to paste large amounts of text
jackal24: srysrysry
cdubya: slashx1896, yeah, try that.....
chaumurky: s'ok
waltermh: i am doing a net install of kubuntu from a cd, i am asking in here since its probably not a kubuntu specific problem, and i couldnt get an answer in there, hope its not out of place, anyways, i got as far as choosing the kernel in the base install then it gives an error trying to install initrd-tools, any way to get past that?
heinzanova: I edited my /etc/X11/xorg.conf to accomidate my second moniter, so I can run dual displays, and x is having a problem when I restart the gdm it throws and error at the definition of my second moniter, would anyone mind giving me a little help?
slashx1896: Nope
Ej25goddess: So II am going to download a new ubuntu image, what should I use to check iit with the md5 file
vilefridge: ubotu, tell vilefridge about symlinks
cdubya: Jackal24, if you need to paste stuff that's more than a couple of lines, use the pastebin that's listed in the topic.",,,,,,,,,,,,
ubuntu:test:2008-07-14:3:0:5989,test,2008-07-14,other,friend_manu,,,,gnomefreak,False,False,,gnomefreak: well maybe without the 3 and with ~8.04,"kaushal: compiz vs ubuntu
socialevil: hi there
sid: hello every body
kaushal: in youtube
oskie_: how can I tell ubuntu to generate en_GB.ISO-8859-1 locale?
sid: can some one talk here about mencoder
Myrtti: !enter | kaushal
ubottu: kaushal: Please try to keep your questions/responses on one line - don't use the ""Enter"" key as punctuation!
kaushal: i mean vista vs ubuntu
gnomefreak: 3.0+nobinonly-0ubuntu3 is final Malix
wols_: kaushal: ask #compiz not us. or best the user who uploaded the video
gnomefreak: well maybe without the 3 and with ~8.04",,,,,,,,,,,,
ubuntu:train:2018-02-27:152:0:219745,train,2018-02-27,question,friend_manu,,,,nacc_,True,False,shazbotmcnasty,"nacc_: shazbotmcnasty: in a shell script, what's the variable being used for?","shazbotmcnasty: does that one period account for multiple periods?
nacc_: mzaza: you installed mongdob on your dev server?
shazbotmcnasty: Say an IP address?
shazbotmcnasty: Gosh I should really put everything on one line rather than multiple.
nacc_: shazbotmcnasty: dependson the context, but generally '.' means *any* charager
nacc_: *charctger
nacc_: bah, character :)
shazbotmcnasty: nacc_: even if there are no periods at all?
nacc_: shazbotmcnasty: yes.
shazbotmcnasty: and did you mean "".*"" or just "".""
nacc_: shazbotmcnasty: again, it's hard to say without context
nacc_: shazbotmcnasty: in a shell script, what's the variable being used for?",,,,,,,,,,,,
ubuntu:validation:2009-03-03:5:0:6931,validation,2009-03-03,addressed_not_question,friend_manu,,,,ikonia,False,False,Sake,"ikonia: Sake: from what version to what version, and what error","ikonia: suzao: why did you install kernel modules from nvidia.com ?
Malacius: hi ;-/
suzao: ikonia: i did not.. i just assume thats where ubuntu gets them from.
quibbler: !welcome | Malacius
ubottu: Malacius: Welcome to #ubuntu - the Ubuntu support channel.
Malacius: i know
suzao: ikonia: i used the hardware driver install feature on 8.10.. it isntalled the driver.. then my screen got upgraded from 800x600 to 1024x768 but i still dont see any option for 1280x1024
ikonia: suzao: I find it hard to accept that hardware manager has enabled 2 versions of the hardware drivers
ikonia: suzao: the only way two could be available is if you installed a package outside of the hardware drivers interface
Sake: Hey, anyone updated their linux kernel and got an error that required a rollback?
suzao: ikonia: I installed this 24 hours ago.. first time i thought it was hanging.. then.. it installed a second time.. it showed that it was installing.
ikonia: Sake: from what version to what version, and what error",,,,,,,,,,,,
ubuntu:train:2005-05-19:5:0:7977,train,2005-05-19,other,friend_manu,,,,Seveas,False,False,,"Seveas: Cybermagellan, that's the best one so far :)","bob2: jackass: read the page again and try again
jackass: how to install... Im really a neeb....
bob2: jackass: dude, read the page I gave you
bob2: jackass: wiki.ubuntu.com/SynapticHowto
bob2: pshend: you installed it as root and are complaining that it doesn't work for your regular user, right?
Cybermagellan: Seveas, ok so kinda like a banner then
pshend: bob2, no. sorry, i didn't explain that too well.
pshend: bob2, i installed it as a user with the theme manager, then i installed it  for root by sudu su'ing, then unpacking the theme into root/.icons - so there shouldn't be a permissions prob
jackass: thx alot
Seveas: Cybermagellan, yeah, sort of
Cybermagellan: Kinda like.. http://68.231.152.140:8080/apache2-default/poweredby3.png
Seveas: Cybermagellan, that's the best one so far :)",,,,,,,,,,,,
ubuntu:train:2007-08-22:58:0:88822,train,2007-08-22,question,friend_manu,,,,Johnuah,True,False,hollowlife1987,Johnuah: hollowlife1987: where should I put the iso ?,"mdious: bulmer:  without the goverment plan for it, I think it is expensive and not worth it, but don't know for sure
bucky: the windows partition is NTFS
Kousotu: bucky, ifyou have free space, let Ubuntu use only freespace
Kousotu: it'll work fine
bulmer: mdious: i believe what killed ISDN here, is once people find out that without power no phone connections as compared to like analog lines.there is always -48 volts and can still call emergency
bucky: It doesn't need a file system?
Kousotu: bucky, Ubuntu will install the file system on free space
bucky: ok, thanks alot
mdious: bulmer:  yeah we had a separate line for internet and phone...
mdious: not that it helps what you are saying...
Andrew250: CarlFK: BACK
Johnuah: hollowlife1987: where should I put the iso ?",,,,,,,,,,,,
ubuntu:train:2015-10-14:142:0:206465,train,2015-10-14,question,friend_manu,,,,OerHeks,True,False,,"OerHeks: vacho, why do you not have access to that account? that makes no sense.","EriC^^: sortkwik: i have no idea
EriC^^: so it didn't hang?
sortkwik: EriC^^: No hang, maybe 15-20 seconds and then it shutdown.
sortkwik: EriC^^: PFM
vacho: anyone?
cobradabest: wilee: it isn't though, I haven't used a PPA for cinnamon... Also, I have an AMD R9 200X card.
sortkwik: vacho: a good question I don't have an answer to, maybe someone else does.
vacho: thx
wileee: cobradabest, Sure, just a heads up on the support model here is all.
OerHeks: vacho, so you want ssh login to an account you have no access to? that is called hacking?
vacho: OerHeks: I have root access.
OerHeks: vacho, why do you not have access to that account? that makes no sense.",,,,,,,,,,,,
ubuntu:train:2013-01-11:113:0:169953,train,2013-01-11,addressed_not_question,friend_manu,,,,nabblet,False,True,Fudge,"nabblet: Fudge: thx, will look at it. sad thing is that mosts dns service don't exactly specify what you get for free and where and the conditions :/","bekks: challenger: Mostly, it is a pretty bad idea, when not using a portable format....
tuxinator: hi all
MonkeyDust: challenger  yes, the configuration is stored in the xported .ova file
tuxinator: does ubuntu mysql-server-5.1-66 from 10.04 come with openssl support?
challenger: MonkeyDust,  will it work on vmlayer too ? means can i import that file to vmplayer? .ova?
MonkeyDust: challenger  never used vmplayer, i'm no help there
asdf321: how do I create a mount point on gparted:?
challenger: bekks : now im totally confused  X:X )
craigbass1976: What is the best way to remote control an ubuntu box from a windows or mac that's out in the WAN?
dr_willis: craigbass1976:  ssh ;)
challenger: MonkeyDust,  :)
nabblet: Fudge: thx, will look at it. sad thing is that mosts dns service don't exactly specify what you get for free and where and the conditions :/",,,,,,,,,,,,
ubuntu:train:2009-12-05:81:0:124441,train,2009-12-05,question,friend_manu,,,,robert__,True,False,,robert__: i can't hear my audio in cheese and not detected in skype. i have an msi wind u100 can anyone help?,"Bridge|A: but i cant connect via port 443(SSL)
Bridge|A: port 80/8080 work fine though
steven__: i cant get any help, so it looks like i am going to have to reinstall windows.... ubuntu looks great.. but what shall i do if i cant even get a control of my hp player
breinera: nomnex: ""ssh -X username@system"" makes it so you can start graphical commands, but in order to see the actual desktop of the remote computer you need something other than ssh
greezmunkey: KaAttaKilla, run the rest of these: 334987/
mahngiel: ctmjr: so, say the script is called 'blah.sh', and in /home... i would enter in a terminal ""sh blah.sh"" ?
ziroday: steven__: you need articulate your issue clearly for us to help you, all the people here are volunteers
nomnex: breinera: thanks, what do I need (on the client side)?
foo: I'm stuck in CLI. I have a 160GB hard drive and I did badblocks -vvv on it. it reports there is no badblocks, but is this an accurate measuer to ensure that the drive is good?
ziroday: foo: you should do a fsck from a livecd
ctmjr: mahngiel: no enter sh ./blah.sh
robert__: i can't hear my audio in cheese and not detected in skype. i have an msi wind u100 can anyone help?",,,,,,,,,,,,
ubuntu:train:2010-02-13:83:0:127518,train,2010-02-13,addressed_not_question,friend_manu,,,,mneptok,False,False,Seveas,mneptok: Seveas: it's OK. so am i.,"Nozy: boots low
iceroot: Nozy: post output of  df -h to pastebin
dabaR: Where are .desktop files?
mneptok: Seveas: arrr!
Seveas: Nozy, clean up some old kernels
Nozy: ok 2 sec
Michalxo: hello all! I am having a strange bug for a few weeks. My fonts are UGLY in firefox-3.6, vlc, opera and some other applications, but not in gnome-default apps, where can be a problem pls?
mneptok: Yasumoto: sumi masen.
Nozy: Seveas: thinking that too now
Seveas: mneptok, your parrot is pooping on your back :P
SpaceGhostC2C: dabaR, because it cluttered the channel. This chat would be perfect for offtopic. Feel free to debate, but I'm out of here.
mneptok: Seveas: it's OK. so am i.",,,,,,,,,,,,
ubuntu:train:2006-12-10:44:0:67000,train,2006-12-10,question,friend_manu,,,,dm_,True,False,,dm_: how do i get an install windows fonts for ubuntu?,"cmweb: Kingsqueak,  yes it pings and no loss
Kingsqueak: cmweb: can you resolve DNS from that client machine 'nslookup google.com' ?
Mwa: Music_Shuffle1, The alternate install is in a text based mode, rather than liveCD mode. There are no menus
cmweb: Kingsqueak, hold on il test
nagyv: !upgrade
ubotu: For upgrading, see the instructions at https://help.ubuntu.com/community/UpgradeNotes
Stengah: ""In .profile (if your shell is bash, ksh, zsh or sh), add the following lines:"" what doe that mean. where do i add the line?
Music_Shuffle1: Then I have no idea...sorry. >_<
Thialfihar: I'm experiencing extremely slow DNS resolving times (at least I think that's the bottleneck)... but only at the terminal with things like lynx or urllib in Python. Firefox is nicely fast. Anyone got an idea what's up with that?
Mwa: Music_Shuffle1, It all works in live CD mode, and during the boot choices menu. It's just during the installer that it does this
Thialfihar: At first it was slow for everything... and I disabled IPv6 for that.
dm_: how do i get an install windows fonts for ubuntu?",,,,,,,,,,,,
ubuntu:train:2007-08-24:59:0:90332,train,2007-08-24,addressed_not_question,friend_manu,,,,cweagans,False,False,Stimulus_solutio,"cweagans: Stimulus_solutio: no....not router firewalls. They will still have to allow it on their machine (windows firewall, iptables, etc.)","Opencan: How can I update my graphic card drivers? (Nvidia GeForce MX100) it gives me only 600X800 resolution, so I guess thats why
Stimulus_solutio: cweagans, whats himachi?
hwilde: Lars_G, look into iptables.  that will allow you to lock down your machine against dos&brute force attacks.  don't be a jerk
Bucketface: I hav emade a 20GB space free for ubuntu, so what option do I select?
cweagans: Stimulus_solutio: hamachi is a free vpn tool....http://www.hamachi.cc
Stimulus_solutio: excellent, so you dont need to configure firewalls etc?
Lars_G: hwilde: so do you mean I should control the rate of  new connections to all ports in general?
Bucketface: <Bucketface> So I'm at the part where I prepare disk space in the ubuntu installation <Bucketface> I hav emade a 20GB space free for ubuntu, so what option do I select?
WhatTheFuzz: how is hamachi on ubuntu btw? easy as windows?
Lars_G: I want more than that; i want a script to iptable DROP people after a few failed attempts
FFForever: how can i make ubuntu archive logs after 2 weeks to /var/logs/archived
cweagans: Stimulus_solutio: no....not router firewalls. They will still have to allow it on their machine (windows firewall, iptables, etc.)",,,,,,,,,,,,
ubuntu:train:2008-04-30:70:0:108403,train,2008-04-30,addressed_not_question,friend_manu,,,,maco,False,False,Y-Town,maco: Y-Town: system ->preferences ->sound,"DATmafia: ow so sc006
legolasw: Anyone interested in testing VPN connection problems?
Lapinux: astro76: its a bummer, i cant get this app to work so i can recalibrate the battery runtime
Lapinux: astro76: i just hooked up some monster battery's to it and the meter is way off
surplusxmas_: my 8.04 install fails at ""select and install software"". I've heard this is a common problem but can't find anything on it.
lethalamby: any one who uses IPmessenger on ubuntu....Please I need help
Don_Miguel: warriorforgod: sorry, I missed your question earlier ...
Y-Town: How would I turn off the obnoxious system beep?
vinboy: hi
Don_Miguel:  nope, just a local ""honorific""
Y-Town: Nevermind.... found it
maco: Y-Town: system ->preferences ->sound",,,,,,,,,,,,
ubuntu:train:2012-11-30:111:0:167575,train,2012-11-30,question,friend_manu,,,,Walther,True,False,,"Walther: Is the nvidia-experimental-310 going to be repackaged any time soon? It does not provide nvidia-current, causing bumblebee to uninstall","deffrag: regf, I'm not sure what could have caused that issue to 750GB drive
deffrag: It was working fine and is used as booting device on the desktop machine
deffrag: booted fine on desktop in past, I mean
oddie: is there a fix for the left menu bar to appear when in auto hide? I can press super and it appears, If I take off autohide it is fine?.. as soon as I click on hide through compiz-settings-manager it hides and mouse wont release it back. Any help?
regf: deffrag: older hard drives may be detected properly by your USB adapter, never drives - 512k logical / 4k physical may be mangled to 4k logical / 4k phys.
deffrag: llutz, regf : Sorry I forgot to mention that the /home on it is encrypted... is that causing the issue/
regf: deffrag: your USB adapter is probably lying intentionally, they do it to make bigger drives than 2TB work on Windows
deffrag: regf, Both the drive 2.5"" are newer
regf: deffrag: it's a trick to make 2TB+ drives accessible with msdos partition table
deffrag: And the adapter is working fine for another new 2.5"" drive
deffrag: well
Walther: Is the nvidia-experimental-310 going to be repackaged any time soon? It does not provide nvidia-current, causing bumblebee to uninstall",,,,,,,,,,,,
ubuntu:train:2011-08-22:101:0:154018,train,2011-08-22,question,friend_manu,,,,_Neytiri_,True,False,,_Neytiri_: where can i find the autoexpect package?,"derpella: hello, my dvd drive won't mount, my fstab looks weird
hp00pr: adobe just says rootinstall/conf ect I cant find it!! :|
qwaz: If i install gentoo along side my ubuntu will  gentto automatically use the ubuntu swap partition for itself?
_Neytiri_: where can i find the autoexpect package?
Pici: qwaz: Ubuntu doesn't have a problem with other distros using the swap partition, but whether it will do that automagically is a question for #gentoo
rypervenche: jo-erlend_: Yes, you can just copy them.
skim1776: who uses natty narwell?
qwaz: Pici, k thanks
Pici: skim1776: Just ask your question please. No need for something as vauge as that.
hp00pr: bah, I found it.. sorry guys I feel retarded
jo-erlend_: rypervenche, is there any good reason not to sync them on ubuntu one?
_Neytiri_: where can i find the autoexpect package?",,,,,,,,,,,,
ubuntu:train:2005-06-12:7:0:10403,train,2005-06-12,other,friend_manu,,,,kurt__,False,False,,* kurt__ waves,"delire: kurt__: ok. sigh. same problem one chap had earlier.
kent: mattlacey, as fare as I know, X dont work.
nalioth: Chislon: the debian type systems have the better (imho) pkg management
spanglesontoast: glxinfo: error while loading shared libraries: libGL.so.1: cannot open shared object file: No such file or directory
dpod: can anybody give me advice on where I can follow the boot sequence? I'm not getting how things are told to load up. My books stop at inittab but unless I'm stupid don't say how the stuff in init.d etc. gets started
adam: Amaranth : yes but when you DL it in CVS it's free
Amaranth: adam: it's much easier to just pay for cedega than use it from cvs
kbrooks: dpod: uh.....
adam: but i dont know HOW!
kurt__: delire: I'll look around. If I find a fix I'll let you know... heh. The current package in the ubuntu repo produces all sorts of artifacts, etc.
mattlacey: kent that's interesting... my friend's been running it with X just fine... hmm, odd :)
* kurt__ waves",,,,,,,,,,,,
ubuntu:train:2014-08-14:131:0:191806,train,2014-08-14,addressed_not_question,friend_manu,,,,Loshki,False,False,Psil0Cybin,"Loshki: Psil0Cybin: they're slightly messed up, but the new permissions are more generous than the old ones, so most of the time it won't matter. A few programs e.g. ssh are fussy about directory permissions and may complain. You can fix them as you encounter them. Or do the copy all over again with better software...","evil_dan2wik: oh, that worked, thanks
icecube45: weird
Psil0Cybin: Quick question guys after coping my home directory into a thumbdrive (ext4) i checked my permissions and on the home directory on my computer the same folder that is drwx-----  is now drwxrwxr-x is that normal?
Psil0Cybin: or is that fine or are all my permissions messed up?
somsip: Psil0Cybin: how did you copy? Did you use whatever flag it is to preserver permissions?
Psil0Cybin: somsip, no i used thunar in root..and copied and pasted it into an ext4, and everyone said i should be fine
Tedel: hello, has anybody tried to create a calendar as a ""template"" for korganizer/kontact? see, I have about 20 tasks which repeat over and over again on all the projects I need to manage, so I created an ical of all those tasks and saved it on one file, with the intention of importing it (merging) with the main calendar every time I get a new project. has anybody tried this successfully? I just tried, but it failed.
Psil0Cybin: somsip, would that not work?
somsip: Psil0Cybin: depends how the ext4 is mounted, but maybe ""everyone"" will have an answer for you
eeee_: Psil0Cybin: cp -p
eeee_: cp changes permissions, mv doesn't (unless across volumes)
Loshki: Psil0Cybin: they're slightly messed up, but the new permissions are more generous than the old ones, so most of the time it won't matter. A few programs e.g. ssh are fussy about directory permissions and may complain. You can fix them as you encounter them. Or do the copy all over again with better software...",,,,,,,,,,,,
ubuntu:test:2013-09-01:5:0:8065,test,2013-09-01,other,friend_manu,,,,nabblet,False,False,,nabblet: usually all i remember is: it was a pain and there was a twist somewhere,"nabblet: !znc
nabblet: :(
Dr_Willis: !info znc
ubottu: znc (source: znc): advanced modular IRC bouncer. In component universe, is optional. Version 1.0-2ubuntu1 (raring), package size 1013 kB, installed size 3357 kB
Dr_Willis: with weechat i got the mode changes by the bots/ops  going to a diffent window also. so i dont see the mode change floods that often happen in here. ;)
nabblet: Dr_Willis: you can do that irssi to
Dr_Willis: but i dont need scripts to do it. its a built in feature
Dr_Willis: i just cant rember how i enabled the feature. ;P
nabblet: ahahaha
Dr_Willis: been using the same weechat setup for like 2 years
nabblet: it's a pain to be to redo things i did long ago
nabblet: usually all i remember is: it was a pain and there was a twist somewhere",,,,,,,,,,,,
ubuntu:train:2006-09-24:41:0:61971,train,2006-09-24,question,friend_manu,,,,Telroth_Plushie|,True,False,,"Telroth_Plushie|: ArrenLex, sweet, where can i find a list?","m0: oh
m0: apt-get isntall linux-headrers
m0: i thought i needed to downlaod the kernel source
Telroth_Plushie|: are there any mirrors to the ubuntu repos that i can add to my sources.list ?
Josh_: Hello
Wyzard: m0: There's linux-headers-386, linux-headers-686, linux-headers-k7
SeanTater: Josh_: hello
ArrenLex: Telroth: lots.
Josh_: I am still having trouble getting the install to run
m0: Wyzard: thank you
m0: I will try that now
Telroth_Plushie|: ArrenLex, sweet, where can i find a list?",,,,,,,,,,,,
ubuntu:train:2015-01-20:135:0:198306,train,2015-01-20,other,friend_manu,,,,Dawid90d,False,False,,Dawid90d: please someone,"Dawid90d: guys can you help me?
Bashing-om: bihaber: Then we must ask if the card is still supoortd .. -> lspci -nnk | grep -iA3 vga <- .
Dawid90d: im totaly stuck in recovery console
Travis_Senechek: Travis Senechek IS DA BEST! All bow down to Travis Senechek! Travis Senechek rulez da land!
Bashing-om: !paste | bihaber
ubottu: bihaber: For posting multi-line texts into the channel, please use http://paste.ubuntu.com | To post !screenshots use http://imgur.com/ !pastebinit to paste directly from command line | Make sure you give us the URL for your paste - see also the channel topic.
Travis_Senechek: Everybody look at Travis Senechek and tell him how great he is! Travis Senechek RULES! Nobody has the power, might and wisdom of the Travis Senechek.
Travis_Senechek: No one is better than the Travis Senechek! Travis Senechek is the way to go! Travis Senechek RULES! Travis Senechek AINT OUTDONE BY NO ONE!
Travis_Senechek: Can I get a hell yeah for Travis Senechek? Travis Senechek is just simply awesome and completely amazing!
Travis_Senechek: The crowd chants: TTTTrrrraaaavvvviiiissss SSSSeeeennnneeeecccchhhheeeekkkk!! TTTTrrrraaaavvvviiiissss SSSSeeeennnneeeecccchhhheeeekkkk!! TTTTrrrraaaavvvviiiissss SSSSeeeennnneeeecccchhhheeeekkkk!!!
Travis_Senechek: Travis Senechek IS DA BEST! All bow down to Travis Senechek! Travis Senechek rulez da land!
Dawid90d: please someone",,,,,,,,,,,,
ubuntu:validation:2009-02-23:4:0:5808,validation,2009-02-23,addressed_not_question,friend_manu,,,,ActionParsnip,False,False,Futurama140,"ActionParsnip: Futurama140: its in that guide I gave you, you add a few lines to xorg.conf and it does it","eepberries: yogi_: try installing xserver-sorg-video-intel
Milkeh: ActionParsnip, I've actually gone to properties and changed it
ActionParsnip: Milkeh: then simply undo what you did
eepberries: don't blame me if your computer blows up though
yogi_: it is already installed
Futurama140: ok.ok so how do i configure xorg to use DRI?
ActionParsnip: Milkeh: just set it to something else
eepberries: hmm
Milkeh: ActionParsnip, but I want it as the default rubish bin icon :(
yogi_: through the synaptic package manager
ubd: how can i write a script to ping an address regularly and when there is response execute a command?
ActionParsnip: Futurama140: its in that guide I gave you, you add a few lines to xorg.conf and it does it",,,,,,,,,,,,
ubuntu:train:2011-04-28:99:0:150927,train,2011-04-28,addressed_not_question,friend_manu,,,,histo,False,False,x3464,histo: x3464: it would if someone would submit a deb to teh development version,"econnell: x3464: this is why i think not distributing a deb and not running a PPA will force their hand...  especially when they find out there's new features they can't use
KatronixSerf: Hi all, running 11.1 Beta 2, and see that my nvidia driver is enabled but not in use, how can I enable it?
histo: KatronixSerf: /j #ubuntu+1
g105b: is this the link to the release version of 11.04? http://cdimage.ubuntu.com/daily-live/current/natty-desktop-amd64.iso
KatronixSerf: ok
g105b: or do I have to wait until it is released to ubuntu.com ?
forces: g105b, no
x3464: econnell:  I agree...  Mangler should go primetime now.  PPA is just ugly.
forces: g105b, thats daily build
econnell: ""oh... you use ubuntu?  yeah... me too... the software is developed on ubuntu and it works perfectly.... but no you can't use it because ubuntu bureaucracy means you have to compile it yourself.  or.... well... go complain in #ubuntu i guess""
asee: my pidgin is not working
histo: x3464: it would if someone would submit a deb to teh development version",,,,,,,,,,,,
ubuntu:test:2008-07-14:3:0:5499,test,2008-07-14,addressed_not_question,friend_manu,,,,cegopaiva,False,False,meowskisbane,cegopaiva: meowskisbane: top > top.txt,"Seveas: MXIIA, you're using the wrong printer driver
MXIIA: Well, I have HP C4385, I chose C4380... 85 wasn't an option.
Seveas: Robzy, if you want that permanently, just remove all symlinks to /etc/init.d/gdm from /etc/rc*.d
Avenhawk: Hi @ all does somebody knows where i can a complete Amiga Theme for Gnome , but dont tell me know use www.google.de i had it behind me but to search for hours is not usefull , maybe somebody knows a good theme but not from gnomelookorg i had been ther too =)^
rambo3: Amiga or amigaos
meowskisbane: can anyone tell me how to copy paste 'top' command output?
Avenhawk: Amiga OS
ajzimmerman: I have installed ndiswrapper, pointed it to the directory of the .inf files, but the final command afterwards is ""not found""
Seveas: meowskisbane, use top -b -n 1
Seveas: then it won't refresh :)
meowskisbane: thanks seveas!
cegopaiva: meowskisbane: top > top.txt",,,,,,,,,,,,
ubuntu:train:2018-02-27:152:0:220053,train,2018-02-27,addressed_not_question,friend_manu,,,,Outy,False,False,ah-donny,Outy: ah-donny: ubuntu.com is working fine here,"ubottu: xtetox: Bionic Beaver is the codename for Ubuntu 18.04 - Support only in #ubuntu+1
enoq: hi, does the default ubuntu image ship memtest in an efi compatible version?
enoq: currently figuring out which live cd to download for memtest
kamichan: how bad is it to not have a firewall but use irssi/apache2
kamichan: as long as ubuntu is updated, if a port isn't open/listening from an application
kamichan: what difference does it make if there's a firewall on a given port vs no firewall (if ubuntu is secure/updated)?
ah-donny: Has there been issues with Ubuntu's website today? I've been getting http 503 errors all day on multiple different networks
EriC^^: kamichan: a firewall can be tuned to block certain ports, or allow incoming connections from certain ip's only or interfaces etc
kamichan: well i was referring to digitalocean's initial setup guide that strongly recommends it even for newbies
kamichan: and, i figure a firewall is just one layer of protection that isn't needed and also likely to cause problems for me if i try to do more
EriC^^: kamichan: yeah, you could set it up and allow only apache's port and you probably want to allow ssh and change the port too
Outy: ah-donny: ubuntu.com is working fine here",,,,,,,,,,,,
ubuntu:train:2011-04-17:98:0:149327,train,2011-04-17,addressed_not_question,friend_manu,,,,Bite,False,False,pfifo,Bite: pfifo: I'm using webchat.freenode.net.,"Bite: ediban: their are some strange white patches on the cursors.
edbian: Bite: make sure your username is all lowercase.  That is a common issue.  The installer doesn't explain well.  The other problems just sound like a problem with the CD
edbian: Bite: you're spelling my name wrong
he1net: Gvim how did you set?..Thanks.I want to open multiple documents and titles in the top of the display.
Bite: pfft, i wasn't looking. i'm sorry. It's kind of the way i proccess information.
pfifo: !tab | Bite
ubottu: Bite: You can use your <tab> key for autocompletion of nicknames in IRC, as well as for completion of filenames and programs on the command line.
edbian: Bite: no worries
Bite: So usernames need to be in all lowercase or uppercase? also, my current client doesn't support tab autocomplete.
edbian: Bite: They need to be all lowercase ( bazhang was asking if yours has uppercase letters in it)
pfifo: wow even mIRC does that
Bite: pfifo: I'm using webchat.freenode.net.",,,,,,,,,,,,
ubuntu:train:2005-10-12:14:0:21032,train,2005-10-12,addressed_not_question,friend_manu,,,,nalioth,False,False,Tomcat_,nalioth: Tomcat_: totem has nothing to do with w32codecs,"nalioth: kbrooks: i'm just pullin brenners leg
kbrooks: hardware 3d accel that is
nalioth: kbrooks: and he aint here to react
brenner: kbrooks: nevermind him...._he's_ the real troublemaker
eth42: kbrooks: exactly
kbrooks: nalioth: Life is hard.
eth42: I agree
kbrooks: brenner: i trust nalioth.
CutepoAko: HIIIIIIIIIII
Tomcat_: Do I still need totem-xine to use the w32codecs in breezy? I thought gstreamer was supposed to be able to use those nowadays...
CutepoAko: Anyone ctc?
nalioth: Tomcat_: totem has nothing to do with w32codecs",,,,,,,,,,,,
ubuntu:train:2012-05-20:107:0:162716,train,2012-05-20,other,friend_manu,,,,abhijitrucks,False,False,,abhijitrucks: i mean i can only change hotsopts to left edge and top left corner,"ActionParsnip: n1ckn4me09876543: can you give the output of: wget -O alsa-info.sh http://www.alsa-project.org/alsa-info.sh && chmod +x ./alsa-info.sh && ./alsa-info.sh
MrGizmo757: its rough around the edges but you can tweak it and make it good
MrGizmo757: such as making the launcher dodge windows like it did in 11.10 amound many other things
MrGizmo757: with a little TLC you can make unity quite good
abhijitrucks: how do i change launcher to reveal when i move my mouse to bottom left corner?
n1ckn4me09876543: ActionParsnip: http://www.alsa-project.org/db/?f=19897beae9289bea9247c92a6b29e6e89a4fbd57
MrGizmo757: not sure about hot corners. i know My unity and even ubuntu tweak have some funtions like that.
MrGizmo757: there is a way i just don tknow it.
abhijitrucks: +they dont work in 12.04
abhijitrucks: :(
MrGizmo757: launcher dodgin open windows i have figured out. changin the default lens i have figured out.
abhijitrucks: i mean i can only change hotsopts to left edge and top left corner",,,,,,,,,,,,
ubuntu:train:2006-11-01:42:0:63500,train,2006-11-01,addressed_not_question,friend_manu,,,,jamesstansell,False,False,kevb,jamesstansell: kevb: dpkg-buildpackage looks like it tries to be too smart,"CodeX__: has anyone got jackd running with edgy eft?
livingdaylight: bigusdickus: what is the difference between tar xvf and tar xvzf like you said ?
constrictor: atk_ yeah it's really helpful but i like apache because i'm used to it
kevb: jamesstansell: I need a way to do dpkg-buildpackage without applying any patches now
pukeko: how do i detect nics ( a clean start ) - as i have deleted /etc/network/interfaces  ?
TooTallJones: So next question, how can I see what type of motherboard I have
bigusdickus: livingdaylight, with z you filter the archive through gzip effectively gunzipping it before extracting the archive, (for tar.gz or tgz files)
atk_: constrictor: I've used apache too but I prefer smaller servers in this case. My laptop already has few heavy stuff running besides normal firefox etc.
livingdaylight: bigusdickus: zo simply tar xvf is not sufficient?
constrictor: atk_ yeah i can appreciate that
pukeko: if i type discover they are both listed - what do i do next
jamesstansell: kevb: dpkg-buildpackage looks like it tries to be too smart",,,,,,,,,,,,
ubuntu:train:2014-09-29:132:0:193763,train,2014-09-29,addressed_not_question,friend_manu,,,,EriC^^,False,False,roamer,"EriC^^: roamer: trying to see how we can mount both efi's in the same place and install , mount --bind not working here","sleipnir: drmagoo, yes this is a new issue. there was a power failure and now I have this
Laurenceb: hi
sleipnir: drmagoo, it responds the same on all interfaces
Laurenceb: i have a problem with samba printing
Laurenceb: the printer is shows 0 pages when i print a large document
Laurenceb: it seems to be related to the file size
Laurenceb: can anyone advise?
roamer: EriC^^ : by the way thank you for helping me. I really hope we can fix this issue. I really need this to work.
roamer: EriC^^ : can you tell me what the next step is please?
EriC^^: roamer: hold on
erobinson: !
EriC^^: roamer: trying to see how we can mount both efi's in the same place and install , mount --bind not working here",,,,,,,,,,,,
ubuntu:train:2007-12-17:62:0:95592,train,2007-12-17,addressed_not_question,friend_manu,,,,ivan,False,False,Xacarith,ivan: Xacarith: your home directory,"Highlife: leviatan: Its in the ubuntu guide
Highlife: leviatan: ubuntuguide.org
leviatan: ok thanks Highlife
sethk: remote_matrix, yes ...
sethk: remote_matrix, well, in body at least.
dryrot: i can't find truecrypt in the repos, am i retarded ?
Highlife: So can anyone answer my ssh Question?
ticked: hey all, has anyone here heard anything about Super Grub Disk
IndyGunFreak: ticked: yes.
Xacarith: Does any one know where linux programs store their settings so that you can transfer then instead of having to set up programs like even Xchat again and again
ticked: indyGunFreak....good news or bad???
ivan: Xacarith: your home directory",,,,,,,,,,,,
ubuntu:test:2016-06-08:9:0:14640,test,2016-06-08,addressed_not_question,friend_manu,,,,explosive,False,False,sparky2145,"explosive: sparky2145: you have to give info, what'd you try til now, any errors, etc","explosive: Guest13472: it asks for root password cause you have the root account enabled, maybe disable it again once the issue is fixed
Odd_Bloke: explosive: Thanks!
explosive: Odd_Bloke: no problem
myeagleflies: hi
pvt: hello
Guest4457: hello
Guest13472: explosive: in the end it is written quiet_splash $vt_handoff , what should i remove ?
myeagleflies: does anyone use firebird under ubuntu? I cannot find SYSDBA.password file. Is it possible to change DBA's password without knowing previous one?
explosive: Guest13472: quiet splash
sparky2145: yeah so can someone help me i want to switch to Linux becuase windows is a peice of S@#$ and i just cant dual boot my laptop
pvT: lol
explosive: sparky2145: you have to give info, what'd you try til now, any errors, etc",,,,,,,,,,,,
ubuntu:train:2013-10-11:127:0:187288,train,2013-10-11,other,friend_manu,,,,lotuspsychje,False,False,,lotuspsychje: !info vhba-dkms,"Dr_Willis: and does  your client give a reason why?
jmabudabi: !register | jmabudabi
ubottu: jmabudabi, please see my private message
lotuspsychje: happy ubuntu halloween to all http://oi42.tinypic.com/33cutm0.jpg
reisio: scurry
lotuspsychje: :p
Dr_Willis: oh look a 'My Little Ponies' Costume...
* Dr_Willis watches  the site crash now from overload
lotuspsychje: Dr_Willis: url? :p
jmabudabi: Who knows how to ""kill"" vhba-dkms
jmabudabi: hello all)
lotuspsychje: !info vhba-dkms",,,,,,,,,,,,
ubuntu:train:2007-10-24:61:0:94253,train,2007-10-24,question,friend_manu,,,,Alp`,True,False,,Alp`: did anybody compare thunderbird and evolution? i wonder which one is better,"taggig: ty jrib
fairway_: thx
Lion31: how do I access the root in the terminal? what should I write?
DanielC: tuntun: :-)  thanks
jrib: !root > Lion31 (read the private message from ubotu)
tuntun: simplyubuntu: why don't you do a clean install?
simplyubuntu: '/foo/moo' being where you want to cd to acces the drive
simplyubuntu: i am... for the second time lol
bmt2: simplyubuntu: tell me that ' mount point /foo/moo does not exist'
fly: ubuntu
tuntun: simplyubuntu: so what goes wrong them?
Alp`: did anybody compare thunderbird and evolution? i wonder which one is better",,,,,,,,,,,,
ubuntu:test:2007-01-11:1:0:2893,test,2007-01-11,other,friend_manu,,,,Dormot,False,False,,Dormot: mneptok i think venom1588,"* jordo23 is tired
mneptok: ;)
Dormot: mneptok i tried mkdir but it didnt work, unless i got mkdir /home/hlds_1?
twiztr: 16.2mb proggy d/led in 24 sec
un_operateur: jordo23, i'm back, went to get a coffee
Dormot: mneptok cause i need root to make dirs
mneptok: Dormot: /home/hlds_1 *****is not in your home dir*****
un_operateur: jordo23, same exact thing eh?
twiztr: so... throwing a shoe at a cable modem will get it from 18kpbs to ~700kbps
jordo23: un_operateur: okay.....same thing happened....its like Konq wants to open but then the crash handler appears...
mneptok: Dormot: what is your home directory?
Dormot: mneptok i think venom1588",,,,,,,,,,,,
ubuntu:test:2010-08-17:4:0:6736,test,2010-08-17,addressed_not_question,friend_manu,,,,gnomefreak,False,False,misha,gnomefreak: misha: i used jockey-gtk (also know in the menus as hardware drivers,"lukaszg: iceroot, , i do not like amd ;)
gnomefreak: mine works in Lucid at this time
acarr:  Heya!  Kubuntu:10.04 ---> KDE , NDvIDIA 7200gs, 2 acer 25 inch monitors... Everytime I restart kde I lose multimonitor config.  I have read forums and tried most fixes. Please advise! :)
candrea: Friar: you can safely remove old kernels (if you are sure that the new one works OK), but it won't save much space
iceroot: lukaszg: amd64 has nothing to do with amd cpus, its also for intel cpus
Akashaa: hi, I've just upgraded from karmic to lucid lynx on an asus a6000KM laptop. I've managed to get the wifi up, and seemingly everything works fine. I just can't reboot if I stop the system.
misha: gnomefreak: And it works?Did you install it manually, or was it the one that installed automagically?
CopyWriter: bestbot is a repository of wisdom
gnomefreak: always keep 2 kenrels around
CopyWriter: :)
lukaszg: bazhang, the notebook is here: http://www.samsung.com/pl/consumer/pc-peripherals-prtinters/ultra-mobile-pc/r-series/NP-R580-JS0APL/index.idx?pagetype=prd_detail&tab=specification
gnomefreak: misha: i used jockey-gtk (also know in the menus as hardware drivers",,,,,,,,,,,,
ubuntu:train:2010-08-05:89:0:136410,train,2010-08-05,question,friend_manu,,,,ralf_e,True,False,,"ralf_e: what is the easiest way to create a .deb package from a checked out source project (with patches), f.e. http://git.gnome.org/browse/gedit/ , for installation in my own ubuntu system?","PythonPup: NightKhaos, The only thing I would suggest is to write a script to create the symlinks for you.  Then, it is not much effort to keep it up to date.  Have the script inspect the  arm-none-eabi list to be sure it creates all the needed symlinks.
alsem: I have two computers both running U10.04.  I have followed the instructions on ""SimpleHelp"".  I have the infoamous little hand under the file.  But when I go to Places --> Network I don't see any files at all.
erUSUL: ogunay: very odd; but without an error message or some other clue i can not know what is going on ...
jasonwryan: alsem: are you using nfs?
ogunay: erUSUL: if i try it via gksudo nautilus, i change to user, then the menu becomes again to the root :\
alsem: Jasonwryan:  I am using the regular U10.04 files.  I think nfs would be on a Windows system?
NightKhaos: PythonPup: for bin in /usr/local/arm/bin/arm-none-eabi*i; do ln -s $bin /usr/local/bin/${bin:-none-eabi-=-elf-}; done ?
jasonwryan: alsem: no, nfs is for 2 linux boxes: http://mybeni.rootzilla.de/mybeNi/2007/how_to_set_up_nfs_and_how_to_share_files_in_a_local_network_with_ubuntu_linux/
azlon1: how can i enable vnc?
azlon1: !vnc
ubottu: VNC is a protocol for remote desktop. https://help.ubuntu.com/community/VNCOverSSH describes how to use it securely.  It works best over fast connections, otherwise look at !FreeNX
ralf_e: what is the easiest way to create a .deb package from a checked out source project (with patches), f.e. http://git.gnome.org/browse/gedit/ , for installation in my own ubuntu system?",,,,,,,,,,,,
ubuntu:train:2011-08-17:100:0:152601,train,2011-08-17,question,friend_manu,,,,zamba,True,False,,zamba: is it possible to set up symantec netbackup on ubuntu?,"urlin2u: SauceFace, don't take my word here though.
speedrunnerG55: idk i really have to go to bed now
speedrunnerG55: thank you for hellping me i4
domedagen: urlin2u: I appreciate that you try atleast
urlin2u: domedagen, no problem.
lewis93: I was playing with Ubuntu Tweak and then my laptop shutdown - now I can't see the launcher or the bar at the top. How do I reverse this?
bazhang: lewis93, ubuntu tweak? installed from where
urlin2u: Lewis29, what were you doing in the tweak?
gskelling: can someone help me get php-gtk working? It seems to install right, and the demo loads up fine, but when I run phoronix test suite with gui (gtk-php app) nothing happens
lewis93: bazhang, I can't remember; I'd go in my history and paste the link but I can't get to a browser.
lewis93: urlin2u, I was trying to adjust the appearance of things, and then some things got disabled and now I am stuck.
zamba: is it possible to set up symantec netbackup on ubuntu?",,,,,,,,,,,,
ubuntu:train:2005-12-16:17:0:25762,train,2005-12-16,addressed_not_question,friend_manu,,,,viscount,False,False,MMond,viscount: MMond: well if your hd dies there is not much you can do enless you want to spend a lot of money to salvage it professionally,"viscount: quick someone poke her in the belly!
Ej25goddess: for games
viscount: >.<
pete__: ubuntu is very good.
crouton: haha
earldude1: ok, I'll give it a shot.  Thanks Pete...
MMond: feugan3333: To be entirely honest, I'm not sure myself. To start, I think bad harddrive . . . physically, any ideas on what I could do with this? I know that this thing, being more than 6 years old isn't the best to put Ubuntu on -- but I'm doing so because I'm 'starting' with Linux =)
coag: crouton: nothing comparable
crouton: coag: weird, i know it exists
MMond: viscount: I can try, but I don't think I'll get far enough. Sorry. :( I think I've too many problems for them to be all nicely packaged in one sentence
cehlate: how did they come up with the name ubuntu?
viscount: MMond: well if your hd dies there is not much you can do enless you want to spend a lot of money to salvage it professionally",,,,,,,,,,,,
ubuntu:train:2015-10-14:142:0:206156,train,2015-10-14,addressed_not_question,friend_manu,,,,Pici,False,False,erkburgles,"Pici: erkburgles: if you're trying to compile it, you'll need the build dependencies, which are different that the package dependencies.","ulot0: syntroPi, Do you speak Chinese?
syntroPi: i dont speak Chinese sorry
cfhowlett: !cn | ulot0,
ubottu: ulot0,: 如欲獲得中文的協助，請輸入 /join #ubuntu-cn 或 /join #ubuntu-tw
erkburgles: I am trying to install a program it says I need these dependencies, which I just downloaded and installed and it says i still need them
erkburgles: why
erkburgles: can someone please help me fix this
Pici: erkburgles: what are you trying to install, and how?
erkburgles: pspp
erkburgles: the most up to date version is not available through the software center
erkburgles: so I downloaded the tarball
Pici: erkburgles: if you're trying to compile it, you'll need the build dependencies, which are different that the package dependencies.",,,,,,,,,,,,
ubuntu:train:2008-06-03:72:0:111327,train,2008-06-03,question,friend_manu,,,,ljsoftnet,True,False,,ljsoftnet: is firefox release candidate 1 in the update manager yet?,"Lalo2: ok... i'm uninstalling it now...
Flannel: apinunt: Try just archive.ubuntu.com, the us one has a tendancy to flake out.  Also, once you've changed it, pastebin your sources.list as well as the output to sudo apt-get update
Ienorand: ﻿Lalo2: try running for a while without and see if it crashes, if not, install them again and see if that makes it crash...
yao_ziyuan: Flannel: where can i find packages for ubuntu except ubuntu's repository?
Lalo2: ok, but is asking me to reboot...
Flannel: yao_ziyuan: Well, see if whereever you got that one has a version for Hardy.  But, I'm not sure.
Ienorand: ﻿Lalo2: that would be necessary yes.
Lalo2: ok... please keep helping me when I come back! you're my only hope.. 'cause I'm very new to ubuntu and linux!
suRs: anyone know if op manager is good and is it free?
apinunt: Flannel: I only a little over a month into using Ubuntu, could you please be more specific as to what I should do? I don't see an archive.ubuntu.com in the list of available repositories.
icqnumber: The Filesystem item in Places menu has gone without any reason, but it is still displayed in Nautilus (places), how comes and howto fix that?
ljsoftnet: is firefox release candidate 1 in the update manager yet?",,,,,,,,,,,,
ubuntu:train:2005-10-07:13:0:20020,train,2005-10-07,other,friend_manu,,,,jayr,False,False,,jayr: 5.10,"Trashcan: type it exactly like that
jayr: ok wait
Trashcan: then it will ask for your password
jayr: E: Couldn't find package fglrx-driver
Trashcan: your repo's are fucked up
wickedpuppy: lol
Trashcan: !tell jayr about repos
lightsource: d
lightsource: how can I upgrade from 5.04 to 5.10??
MadpilotPPC: jayr, which version of Ubuntu are you running?
Trashcan: !tell lightsource about breezy
jayr: 5.10",,,,,,,,,,,,
ubuntu:validation:2011-11-13:8:0:11160,validation,2011-11-13,other,friend_manu,,,,ArNezT,False,False,,ArNezT: ps aux | grep dpkg show grep: show: No such file or directory,"OttScorp: standby works
L1nuxRules: ^^ or what you said
OttScorp: but are you using Gnome 3?
bonhoffer: works -- works great -- thanks!
bonhoffer: sorry i wasn't clear
L1nuxRules: arnetzt whats ps aux | grep dpkg show?
bonhoffer: <bonhoffer> (alt+f4 for ubunut (11.10))?
OttScorp: Not sure about Ubuntu since I use Lubuntu :-)
bonhoffer: (i could have tried alt+f4 but that would have been too easy)
OttScorp: I believe you'll have to go to the logout button or something
OttScorp: Can't help ya since I don't use Gnome 3
ArNezT: ps aux | grep dpkg show grep: show: No such file or directory",,,,,,,,,,,,
ubuntu:train:2013-02-24:115:0:172301,train,2013-02-24,other,friend_manu,,,,fat,False,False,,fat: how do i configure docky. please help. i can't create any applications on it,"escott: mrproper, why would you bother
yown: escott: Does writting a boot image on a usb flash drive the equivalent of writting over it?
nonan: notStewpid: say,  /root/file.conf, as long as you launch  it as shown in that page, wpa_supplicant -c/root/file.conf -i<interface> -D<driver> . see man wpa_supplicant
yown: completely?
mrproper: escott: it's just a question. Curiosity
usr13: mrproper: Disable single user mode?  Not sure why but I guess you could delete that entry in the config.
scooby: escott: I assume so, I got to the terminal from the gui desktop - if that is what you mean
escott: mrproper, ^^ the user can always just add it back. physical access is root access is the general principle followed for the last 50 years
yown: What channel should I got to, to ask for advice on which linux distro to use?
escott: scooby, ps aux | grep gnome-session; killall gnome-session
cfhowlett: yown, #linux
fat: how do i configure docky. please help. i can't create any applications on it",,,,,,,,,,,,
ubuntu:test:2010-08-17:4:0:7464,test,2010-08-17,addressed_not_question,friend_manu,,,,bzrk,False,False,wng-,bzrk: wng-: dd,"ubottu: Wireless documentation, including how-to guides and troubleshooting information, can be found at https://help.ubuntu.com/community/WifiDocs
minimec: LordDragon: See that now... Hmmm... The account is not available I gues...
VCoolio: LordDragon: you could try this, but it will take some time http://ubuntuforums.org/showthread.php?t=1398119&highlight=vlc
seekwill: Oer: Well, yes, but because I have other computers on the network I don't know who's who :)
seekwill: Oer: Ok, thanks!
wng-: what is the fastest way to clone linux systems? I have 1 system i need to clone into 95 machines
charmer: hello all
Oer: !clone
ubottu: To replicate your packages selection on another machine (or restore it if re-installing), you can type « aptitude  --display-format '%p' search '?installed!?automatic' > ~/my-packages », move the file ""my-packages"" to the other machine, and there type « sudo xargs aptitude --schedule-only install < my-packages ; sudo aptitude install » - See also !automate
wng-: no, i mean clone hard drives, not package selection
cdm10: wng-: http://ignatz.brinkster.net/cimages/cheader01.jpg
bzrk: wng-: dd",,,,,,,,,,,,
ubuntu:train:2007-09-07:60:0:93082,train,2007-09-07,other,friend_manu,,,,root__,False,False,,"root__: Hellow, can some one help me, i tried alot of tutoriels to put my broadcom 4318 to work and i cant...","kidbuntu: !frostwire
ubotu: frostwire is a totally open source version of Limewire.  For installation help, please see https://help.ubuntu.com/community/FrostWire
ikonia: sllik: that lagnauge isn't appropriate for thsi channel
ikonia: sllik: is the tape drive ide ?
kishan: figmentj13, what do u need
ikonia: or sata or what
Mexel: Jack_Sparrow: ok so how  do i aqqire a good modem?
bobgill: What is the default font in Gnome? for panels, etc.
Jack_Sparrow: Mexel: Linux is rather dependent on the internet for downloads and updates and a modem will require some patience.
kishan: u can cusyomize the font bobgill
figmentj13: well i am trying to install a windows mobile 5 device to sync through usb
root__: Hellow, can some one help me, i tried alot of tutoriels to put my broadcom 4318 to work and i cant...",,,,,,,,,,,,
ubuntu:validation:2005-08-08:2:0:2622,validation,2005-08-08,question,friend_manu,,,,CircleofChaos,True,False,,"CircleofChaos: What does the term ""trolling"" mean?","dbernar1: who made a lart entry?
aceb747: topyli, that makes sense.... will be easier this way
topyli: dbernar1: even bots have feelings :)
topyli: aceb747: yeah, then just install it with dpkg -i
* CircleofChaos cleans it up. Evil for evil produces nothing.
dbernar1: radeon is back?
f_newton: the more I use ubuntu the happier I am about it...
f_newton: lol
aceb747: is there any things i should be aware of with the amd64 that i would not know if i was running i386
Kev0r: how do i start something when booting Ubuntu?
f_newton: although I really dont like the name
CircleofChaos: What does the term ""trolling"" mean?",,,,,,,,,,,,
ubuntu:train:2006-09-24:41:0:61959,train,2006-09-24,other,friend_manu,,,,m0,False,False,,m0: oh,"lupine_85: no, ubuntu default kernel has module loading enabled
lupine_85: lsmod is your proof
Wyzard: m0: Are you trying to install something that needs to compile a new kernel module?
ArrenLex: bl4cktone: big brother is watching you.
Wyzard: m0: You need to install the linux-headers package that corresponds to your linux-image
Captain_A: alright i thought the cd had a partition thing built in
SeanTater: m0: that's not ubuntu is it?
m0: hmm
m0: Wyzard: yor correct
bl4cktone: ArrenLex: Don't play like that :O
m0: Wyzard: how do I install linux-headers?
m0: oh",,,,,,,,,,,,
ubuntu:train:2009-05-04:77:0:119137,train,2009-05-04,question,friend_manu,,,,DeltaS4,True,False,,DeltaS4: does that thing still exist?,"KnoppixNoob: but I didn't got it to work... I don't know if I need to change the options in the last line...
xangua: lozada-sama_ libxine in synaptic
xangua: .............................
lozada-sama_: ok xangua will do
powertool08: leeguy92: http://images.google.com/images?q=ubuntu&gbv=2&hl=en&sa=G&imgsz=huge
Ttech: Any clue why I would be getting 'strobing' - flashing white and black with color bars inside on the screen when when I start the Ubuntu Live CD?
leeguy92: ooo
mac94161: syntax\: You could probably search for the .svg and edit it.
DeltaS4: lozada-sama do you learn english at school there?
mattgirv: KnoppixNoob: Well its D for extraction
xunil: lozada-sama_ sudo apt-get install xmms2
DeltaS4: does that thing still exist?",,,,,,,,,,,,
ubuntu:train:2006-06-28:33:0:50288,train,2006-06-28,other,friend_manu,,,,carl_,False,False,,"carl_: tich,  no","Jack_Sparrow: Xero:  I still think you have a bad cd..
scud: is selinux enabled by default on ubuntu desktop?
Xero: It went blank and it's a _ in the corner
detectiveinspekt: tightVNC any good?
yamen: How can I mount my ext3 partition when booting from my LiveCD?
spades: mount -t ext3 /dev/xxx /media/xxx
Jack_Sparrow: Xero: test that cd for errors using a second cd drive
carl_: apt-get source wine - is there a way I can specify verion 0..9.15 (current is 16)
Xero: umm... k
tich: does linux and Xp use different formats for burning CD/DVD's?
pppoe_dude: carl_, i think its --force-version
carl_: tich,  no",,,,,,,,,,,,
ubuntu:train:2013-10-28:128:0:188530,train,2013-10-28,question,friend_manu,,,,cvtsx,True,False,,cvtsx: Whats the best c++ ide on ubuntu?,"omnomnOMINOUS: If I had chosen ""encrypt my home folder"" when I installed ubuntu 13.04, and now I want to do a clean install of 13.10 on top of it, without destroying my old data, is that possible? If I choose ""encrypt my home folder"" again, with the same password, will that be safe?
hitsujiTMO: Crazyzurfer: you might want to have a look at this to get your optimus running: https://wiki.ubuntu.com/Bumblebee
msdw: omnomnOMINOUS: you could try to update from the cd this way it  respects your data
hitsujiTMO: uncle_ben: sounds like someone replaced it with the wrong type of fan.
omnomnOMINOUS: msdw: I want to do a clean install, because my old install was broken. =/
Crazyzurfer: hitsujiTMO: I've got it, because when upgraded to 13.10 I didn't have graphic interface, installed it and then worked... by the way that xorg log doesn't say anything about nvidia
msdw: then the safes way is to back up you home and then do fresh install
hitsujiTMO: Crazyzurfer: have you run optirun on anything to test it?
Crazyzurfer: omnomnOMINOUS: It doesn't say anything.. it says, there are no aditional drivers
Crazyzurfer: hitsujiTMO: nope, how can I do that?
uncle_ben: hitsujiTMO, i mean it's not critical...the fan works..i just hit F1 and keep going, but it's kind of annoying
cvtsx: Whats the best c++ ide on ubuntu?",,,,,,,,,,,,
ubuntu:train:2008-02-07:65:0:99952,train,2008-02-07,other,friend_manu,,,,^Elfboy,False,False,,^Elfboy: read the http://www.pastebin.ca/895189,"ubotu: BabyDoll: Don't feel ignored and repeat your question quickly; if nobody knows your answer, nobody will answer you. You can search https://help.ubuntu.com or http://wiki.ubuntu.com while you wait. Also see !patience
RainCT: bod_: well, don't worry I can do it myself. but if you really want to try I can show you what I already have :)
bod_: RainCT, go for it,. pastebin it
RainCT: bod_: http://paste.ubuntu.com/4307/
bod_: RainCT, and could you give me a detailed explanation of what you wish to achieve
sveakex: radim: that is why
Bodsda: RainCT, this is bod_
sveakex: radim: i think you might have to reinstall grub through knoppix now (i guess you are using that now), which i do not know how to do
sveakex: radim: so ask somebody else about it
^Elfboy: will sone one look at thia please http://www.pastebin.ca/895189
Bodsda: ^Elfboy, do what it says?
^Elfboy: read the http://www.pastebin.ca/895189",,,,,,,,,,,,
ubuntu:validation:2004-11-15:0:0:800,validation,2004-11-15,addressed_not_question,friend_manu,,,,lev,False,False,Pugio,"lev: Pugio: there is, but it might ruin the data. resizing partitions is tricky business in my experience...","bob2: epod: it's unstable...probably no more so than sid now
spacey`ki: http://www.ubuntulinux.org/wiki/UbuntuArtwork/view?searchterm=image%20logo
bob2: EfaistOs: ^^
Pugio: well, unfortunatly the entire 20gb is being used
spacey`ki: it says attachments
Pugio: is there any way to take a bit of that out and use it for ubuntu
spacey`ki: but i dont see any images or dl links
Pugio: without erasing whats on there?
spacey`ki: how does that wiki work? ;/
jief: as anyone had problems with encrypting emails using evolution-2 + gnupg in ubuntu?
EfaistOs: bob2, and about the stability of the hoarty version ?
lev: Pugio: there is, but it might ruin the data. resizing partitions is tricky business in my experience...",,,,,,,,,,,,
ubuntu:train:2005-09-26:12:0:18468,train,2005-09-26,other,friend_manu,,,,cesarin,False,False,,"cesarin: and bang, it started giving me ""no core point"" errors","glDaher: nobody could advice me on that?
cesarin: it keeps giving me fatal error
ompaul: cesarin,  running breezy?
cesarin: ""no core pointer""
nalioth: breezy ate cesarin's X
glDaher: I can give details on what I want, but.. pff
cesarin: ompual: sadly yeah
esac_: cesarin : probably because it can't find your mouse. downgrade to udev 12 and then restart udev and restart gdm
cesarin: like I said, it worked fine on my CD's version
cesarin: it didnt detected my videocard, so I updated everything like the program told me
cesarin: then I restarted
cesarin: and bang, it started giving me ""no core point"" errors",,,,,,,,,,,,
ubuntu:train:2005-02-27:3:0:4627,train,2005-02-27,other,friend_manu,,,,tux_,False,False,,tux_: he did it,"tux_: so i started again with warty cd
Amaranth: regeya: If you're going to ignore it don't give advice about it, please.
regeya: !
trans_err: mpq: did you try restarting X?
tux_: mpq, try using the console
mpq: what do you mean x?
tux_: Ctrl+Alt+Bkspace
regeya: Amaranth: could you PLEASE direct that at the person who was needing to resolve an emacs issue? :-)
bascule: oops, I'll watch next time and not roll cigarrettes while typing, sorry :(
tux_: or Ctrl+Alt:F1
tux_: lol
tux_: he did it",,,,,,,,,,,,
ubuntu:validation:2005-06-27:1:0:1957,validation,2005-06-27,other,friend_manu,,,,GNULinuxer,False,False,,GNULinuxer: MorphDK> hmm,"MorphDK: Nope, ao=alsa in mplayer.conf
MorphDK: otherwise it won't even start :D
GNULinuxer: Moder> change it to esd
Zeinin: hey
Zeinin: anyone familiar with persistant crash-to-login bugs?
topyli: wouterl: update?
Vassilis: Hi
Vassilis: Hi?
MorphDK: GNULinuxer, I had some problems with slow sound in ESD, so I got an advice in here to change everything to ALSA... .(
dajar: hey here
Zeinin: sup
GNULinuxer: MorphDK> hmm",,,,,,,,,,,,
ubuntu:validation:2009-03-03:5:0:7274,validation,2009-03-03,question,friend_manu,,,,sprinkmeier_,True,False,,"sprinkmeier_: error404notfound, disk is cheap. I'd go xfs (mostly because I've used it a little and am comfortable with it). ext4?","KazaLite: do not know:( i just installed ubuntu....do not know whether it is kde or gnome
ActionParsnip: KazaLite: well yeah, you need to be careful with any app running with sudo /kdesudo
Myrtti: KazaLite: is your ubuntu ""brown"" or ""blue""?
travian_geek: Is there an iptable command to list all chain names??????
KazaLite: hehehe.........brown:P
ActionParsnip: exon: you could export your account setting to a file to have him import it, then  simply mofify the username and password
* KazaLite felt embarrased:P
Myrtti: KazaLite: then you're on gnome :-)
neil_d: how can I find out what module was loaded to access eth0?
ActionParsnip: exon: if he can connect to the mail server with telnet then you security shouldnt be an issue
KazaLite: but why for wireshark gksudo sucks and kdesu works for me
sprinkmeier_: error404notfound, disk is cheap. I'd go xfs (mostly because I've used it a little and am comfortable with it). ext4?",,,,,,,,,,,,
ubuntu:train:2013-08-29:122:0:180778,train,2013-08-29,question,friend_manu,,,,qin,True,False,reveal,qin: reveal: vbox?,"reveal: thats what he said
kabamaro: delete mails in queue
reveal: this is for a linux+ class
Ben64: what kind of class tells you to use outdated software
reveal: haha
reveal: its either ubuntu or fedora *shudders*
Ben64: and why would a class use a non-LTS release
Ben64: 12.04 is supported until 2017
reveal: i dont know im going to ask him ad just use 12.04
reveal: all else ill livecd it hehehe
kabamaro: how to remove all mails in queue?
qin: reveal: vbox?",,,,,,,,,,,,
ubuntu:train:2008-04-20:68:0:105435,train,2008-04-20,addressed_not_question,friend_manu,,,,bazhang,False,False,SingAlong,bazhang: SingAlong: that would be best really,"B3NZ1N0: so whats XCHAT like, can I chat with pple using mirc?
arvind_khadri: !dev | JPSman
ubotu: JPSman: Interested in becoming an Ubuntu Developer? Get started here: https://wiki.ubuntu.com/UbuntuDevelopment
SingAlong: arvind_khadri: I can connect the internet wire.
slacker: DOOM_NX: that's the password for your key. you can use ssh-agent to manage that. otherwise you have to type it in every time
SingAlong:  bazhang: I can connect the internet wire.
Starnestommy: B3NZ1N0: yes. any IRC client can chat with people using any client
arvind_khadri: JPSman: oops sorry /dev are the device files
slacker: DOOM_NX: that's NOT your login password
DOOM_NX: slacker, i typed it... ok what happened?
B3NZ1N0: and I can scan also?
bazhang: SingAlong: that would be best really",,,,,,,,,,,,
ubuntu:train:2011-02-13:94:0:143650,train,2011-02-13,addressed_not_question,friend_manu,,,,Dr_Willis,False,False,kylemm,Dr_Willis: kylemm:  if he ran the proper commands from a live cd.. he can eraase his hd...,"soreau: kylemm: What are you doing now?
kylemm: im chillin
soreau: kylemm: Did you install ubuntu yet?
robertzaccour: I noticed that when i do screencast video recording with a webcam open the video and audio lag and go out of sync. is it likely that xfce might save me here? I'm using Gnome now.
kylemm: soreau: no
Dr_Willis: kylemm:  if he wants to destroy his pc.. he can.. the live cd can let him do that...
soreau: kylemm: Why not :)
Dr_Willis: kylemm:  or he could use a hammer...
Chipzzz: mayo: http://ubuntuforums.org/showthread.php?t=1645716
kylemm: wtf
kylemm: how can live cd destroy his comp
Dr_Willis: kylemm:  if he ran the proper commands from a live cd.. he can eraase his hd...",,,,,,,,,,,,
ubuntu:train:2010-04-12:86:0:132522,train,2010-04-12,question,friend_manu,,,,_stryk3r,True,False,,_stryk3r: can someone help me figure out what I record with recordMyDesktop ends up like in fastforward mode by itself?,"xangua: (21:47:49) robertzaccour: does anyone know of any good sites with radio URLs compatible with RHYTHMBOX? - shoutcast, icecast; there is even a plugin
LinuxGuy2009: woodyjlw: magic jack is great and cheap but by the time you add in the electricity keeping your PC on all the time. Aint so great.
ShazbotMcGroovy: okay I'm going to GO
brax: ShazbotMcGroovy, how do I clean up the mess afterwards?
ShazbotMcGroovy: brax, it shouldn't have made a mess
woodyjlw: robertzaccour,  is there anything on the web about it? I cant find anything on it yet
robertzaccour: xangua, oh ok thanks
ShazbotMcGroovy: but you can do 'sudo apt-get autoremove'
brax: What about the leftover files?
brax: Okay, thanks.
MoMo: found the 7.10 repositories incase anyone cared http://old-releases.ubuntu.com/ubuntu/dists/
_stryk3r: can someone help me figure out what I record with recordMyDesktop ends up like in fastforward mode by itself?",,,,,,,,,,,,
ubuntu:train:2006-06-05:30:0:45321,train,2006-06-05,addressed_not_question,friend_manu,,,,kasumix,False,False,gianluca,kasumix: gianluca: you can add me its_ kasumix@gmx.net,"maikol: rixxon: very
gianluca: msn
cashwong: anybody can help me to setup my sierra aircard on dapper drake?
pkp: haiiiiiiiiiiiiiiii?
waterbaby: im new
kasumix: the:grinch have you instaled php modules for apache ?
joycetick: can anybody help, my wireless works in the xubuntu live cd but in the installed version it cannot find the card :S
waterbaby: ..
DarkLegacy: What's the terminal command for rename?
waterbaby: +}
tanek: kasumix: use aMSN or gaim (gaim is best choice if u want to be on many networks at once(
kasumix: gianluca: you can add me its_ kasumix@gmx.net",,,,,,,,,,,,
ubuntu:train:2006-03-05:24:0:35197,train,2006-03-05,addressed_not_question,friend_manu,,,,Curtman,False,False,bimberi,"Curtman: bimberi: Nope.  It does it after a reboot, even if I boot into single user mode.","Rob_Dude: Wow, this is wierd...
me: hell, its me
Rob_Dude: I've got Ubuntu running.  It runs everything I want and need
ubuntu: hi it's me
_jason: ubuntu: hi you
Rob_Dude: I've spent so much time trying to get linux setup...that now I don't know what to do
phreak97: Teecee_Home, i dont know how to do it properly, but you could plug in another monitor then chane the settings down then plug that one back in
Rob_Dude: It's like, what's my purpose?  Where do I go from here.
brenner: Teecee_Home: do you see a blue screen and get dumped to console-mode?
Rob_Dude: I'm scared...but excited.
bimberi: Curtman: Is something else mounted to that directory?  If not, Is there a shell with the current working directory of /media/tunes?
Curtman: bimberi: Nope.  It does it after a reboot, even if I boot into single user mode.",,,,,,,,,,,,
ubuntu:train:2007-02-06:50:0:76906,train,2007-02-06,other,friend_manu,,,,limetang,False,False,,"limetang: You've got the same line twice, if I remember correctly.","gOLdenHaWK3D: !torsmo
ubotu: Sorry, I don't know anything about torsmo - try searching on http://bots.ubuntulinux.nl/factoids.cgi
sander_m: Hello. How can I force apt to re-download all Packages.gz files from the repositories in full and build me a new database? Mine has become corrupted I fear. Apt keeps saying that cupsys is not available but I can see it listed in the Packages.gz file. apt-get update, apt-get check or apt-get clean don't fix it.
cchance: ljl, help me
cchance: please
paiiiiii: http://www.coreinet.com/error <- How can i fix that error?
agliv5: xtknight, ok I'm also trying to compile avidemux and it's not working either so that's why I asked... anyway I don't know how to do what you are suggesting...
icebird: when i use synaptic and try to update the list it gives me this error. Duplicate sources.list entry http://security.ubuntu.com dapper-security/multiverse Packages (/var/lib/apt/lists/security.ubuntu.com_ubuntu_dists_dapper-security_multiverse_binary-i386_Packages)
limetang: You need to edit sources.list
icebird: what should i change
fnord123: paiiiiii: http://www.coreinet.com/success
limetang: You've got the same line twice, if I remember correctly.",,,,,,,,,,,,
ubuntu:train:2008-05-24:71:0:109663,train,2008-05-24,question,friend_manu,,,,dan__,True,False,Sturmeh,dan__: Sturmeh: so reinstalling is the only solution?,"Sturmeh: zubu http://ubuntuforums.org/showthread.php?t=442945
Sturmeh: dan__ not necessary, use the same mount points
dan__: Sturmeh: damn reinstalling sucks
Sturmeh: dan__ i'm just wondering how those repos ended up on ur sources
dan__: Sturmeh: I have no idea
Sturmeh: clearly the update marked fiesty packages and messed up your installation
dan__: Sturmeh: there's a bunch of them though
anirudh: ePax, try PM now please
anirudh: ePax, now using xchat
Sturmeh: anirudh you registered your nickname on freenode yet?
anirudh: Sturmeh, turns out there was another anirudh before me :)
dan__: Sturmeh: so reinstalling is the only solution?",,,,,,,,,,,,
ubuntu:train:2009-11-13:80:0:123378,train,2009-11-13,question,friend_manu,,,,ubottu,True,False,ph33r,ubottu: ph33r: grub is the default boot manager for Ubuntu releases before Karmic (9.10). Lost GRUB after installing Windows? See https://help.ubuntu.com/community/RestoreGrub - GRUB how-tos: https://help.ubuntu.com/community/GrubHowto - See !grub2 for Karmic onwards.,"leaf-sheep: xur1z: Local mirror? You mean you have your own mirror? ;3
xur1z: no, my ISP's mirror. just ADSL here.
searching: no remote-exploid server oups
leaf-sheep: xur1z: Okay. I can help you with that. xur1z: http://archive.ubuntu.com/ubuntu/dists/karmic/main/installer-i386/current/images/netboot/
gasull: quit
leaf-sheep: xur1z: Download boot.img.gz
luckymurali: epinky,i think even babylon needs internet
leaf-sheep: xur1z: Open a terminal. There are a certain path that need to be chmod first but I can't remember where so we'll go in root for hassle-free. ""sudo -i""
epinky: luckymurali: it doesn't , afaik
ph33r: how do I install only the grub ? I want to upgrade my windows, but it will rewrite the MBR
Slart: !grub | ph33r
ubottu: ph33r: grub is the default boot manager for Ubuntu releases before Karmic (9.10). Lost GRUB after installing Windows? See https://help.ubuntu.com/community/RestoreGrub - GRUB how-tos: https://help.ubuntu.com/community/GrubHowto - See !grub2 for Karmic onwards.",,,,,,,,,,,,
ubuntu:train:2013-07-19:121:0:179942,train,2013-07-19,question,friend_manu,,,,nimdAHK,True,False,,nimdAHK: gotta catch 'em all?,"deezed:  hey everyone, I'm trying to connect here to a wireless wpa2 connection which the password has special characters like ""é"" but I'm not allowed to connect,. Do you know what can I do?
Taek: Change the wifi password?
deezed: I cant, its from my girlfriend's house, and her mate wont like it
nimdAHK: sounds like you and the router are using different encodings
Taek: ^
deezed: nimdAHK: maybe...do you know how can I figure it out?
Taek: First off, figure out what enconding you're using?
Taek: I believe most routers use UTF-8 .
nimdAHK: try a different network manager too
Taek: Then again I am in U.S. so everything here is simplified.
deezed: nimdAHK: like which one?
nimdAHK: gotta catch 'em all?",,,,,,,,,,,,
ubuntu:train:2015-02-04:136:0:199477,train,2015-02-04,other,friend_manu,,,,supay,False,False,,supay: otherwise i was considering an ssh server or some such,"ubottu: supay put the command and output into there and the link into here: For posting multi-line texts into the channel, please use http://paste.ubuntu.com | To post !screenshots use http://imgur.com/ !pastebinit to paste directly from command line | Make sure you give us the URL for your paste - see also the channel topic.
supay: k1l: got it working, thanks anyway :0
supay: :) *
supay: sudo apt-get install -f fixed it
benibadboy: Hi there, How can one create a user without password?
jfmcarreira: any help on how to sign a .deb using the bzr tools
k1l: jfmcarreira: see http://serverfault.com/questions/191785/how-can-i-properly-sign-a-package-i-modified-and-recompiled
supay: is there something faster than teamviewer for ubuntu? :/
supay: its too damn slow :/
k1l: supay: well, do you need to stream the desktop at all?
supay: k1l: hm, yeah.. that would be needed
supay: otherwise i was considering an ssh server or some such",,,,,,,,,,,,
ubuntu:train:2006-03-05:24:0:35621,train,2006-03-05,question,friend_manu,,,,mikebot,True,False,,mikebot: can i read them and save them on this partition?,"Madpilot: mikebot, right-click on the drive, hit Properties - who is listed as owner?
LycoLoco: mikebot: you can read them, but I wouldn't advise writing to it
khafra: I need a version of the instructions at http://ubuntuforums.org/showthread.php?t=24575 with explanations
elkbuntu: alarmyst google for spca5xx and look at the table of cameras they support... that's just one driver, other drivers will support other cams
ttread: mikebot the linux kernel can read ntfs but can't write to it
robr: matthew_w: yea :/ its pretty od, i tried win xp pro and it seemed to start using the HD fine ...
matthew_w: robr; what kind of computer, and what kind of hard drive setup, etc?
pianoboy3333: Where do I wanna install fglrx to? What path?
alarmyst: elkbuntu nice tip
xerophyte: say for example your server has 2 drive . the server currently online using the boot partition on the /dev/sda .. is there anyway to switch the server to boot with boot /dev/sdb without going into the bios
LycoLoco: mikebot: have you mounted them?
mikebot: can i read them and save them on this partition?",,,,,,,,,,,,
ubuntu:train:2015-06-12:139:0:202865,train,2015-06-12,question,friend_manu,,,,jParkton,True,False,,jParkton: wtf are you doin???,"leetking: about two macro
Pici: leetking: in what software?
leetking: linux kernel file 'list.h', i feel wondring
Pici: leetking: You'd have better luck asking in ##kernel
leetking: Pici: yesterday, i join in channel #kernelnewbies , but nobody repond me
leetking: is the server irc.freenode.net?
Pici: leetking: Yes.
leetking: tks, i try again
Mangled_Packages: I'm stuck in a loop where it won't let me remove a package that depends on another package - it says it removes the package but the broken stuff just keeps lingering around. can anyone help?
Mangled_Packages: things look like this http://i.imgur.com/PMTg71u.png
michaelanhvu: hi
jParkton: wtf are you doin???",,,,,,,,,,,,
ubuntu:train:2011-04-28:99:0:150802,train,2011-04-28,question,friend_manu,,,,ttuttle,True,False,,ttuttle: is it coming out today?,"Barbarabush: i was awake at 24:00 here, checking if 11.04 was released :P
proq: party party!
Barbarabush: pooking around ftp's to see if it had been uploaded by mistake etc
tsimpson: seeing as there is no set time for the release, it really doesn't matter what time it is
tanath: cdoktor19, buhman1, forces: sudo do-release-upgrade -d
Barbarabush: since 11.04 was done the 27th
kaatta: andrew_46, yea, its a 800x480 resolution, ubuntu installer window doesnt even support that. bottom of the screen is cut off
cdoktor19: am still 10.04 Lts it just upgrade to 10.10
tanath: cdoktor19, and from there you can upgrade to next one. or you could skip and download iso from ubuntu.com
ttuttle: is 11.04 out yet?
rww: ttuttle: no
ttuttle: is it coming out today?",,,,,,,,,,,,
ubuntu:validation:2009-03-03:5:0:6540,validation,2009-03-03,question,friend_manu,,,,Witepa,True,False,tyler_d,Witepa: tyler_d: how do I read something into var?,"pyrak: what filesystem should i use for a thumb drive?
tyler_d: pyrak: fat16 or 32 for win compatability and quick removal
tyler_d: pyrak: ntfs for compatability and increased storage
rww: pyrak: ext2 if you're only going to use it on linux, fat32 if you're going to use it on linux and windows, ntfs if you're going to use it on linux and windows and need support for files > 4GB
tyler_d: pyrak: ext3 for only windows
tyler_d: linux rathere ^
Prophetus: Seper : i solve the problem in this way :  sudo apt-get install qt3-dev-tools
silv3r_m00n: hi thre
Seper: Prophetus: congrats
tyler_d: Witepa: you aren't reading anything into var, so its not going to output anything
tyler_d: Witepa: sorry just read the syntax of your command
Witepa: tyler_d: how do I read something into var?",,,,,,,,,,,,
ubuntu:train:2006-05-29:28:0:41965,train,2006-05-29,addressed_not_question,friend_manu,,,,spikeb,False,False,fLy-,"spikeb: fLy-: along with yum, yast, and rug","MistaED: suse is in such a mess though with package management, very much the weakest point of the distro atm
spikeb: i actually like suse a lot more since novell took over - but still.
Tezzer44: arse
Sub: well i had suse since 9.3
skippy: Tezzer44 June 1st
fLy-: MistaED: an app called ""Smart"" now exists for suse packaging
fLy-: works great
Seveas: Tezzer44, in 2 days
Tezzer44: 1st of june where?
fLy-: uses apt/yum/yast2/ftp repos
LinuxJones: Let's keep it on-topic guys.
spikeb: fLy-: along with yum, yast, and rug",,,,,,,,,,,,
ubuntu:train:2012-03-24:105:0:159526,train,2012-03-24,addressed_not_question,friend_manu,,,,ActionParsnip,False,False,cuddylier,ActionParsnip: cuddylier: your home folder is also on the smae partition so clearing temp stuff may help here too,"SusyLegs: Will Ubuntu Desktop version allow me to encrypt my personal programs and files?
* szal doubts that haydenhummel will get money out of it :P
cuddylier: When I use filezilla, it downloads the files to the ""home directory""
ActionParsnip: cuddylier: your partition for / is full. I suggest you uninstall some old kernels to free space, as well as uninstall any apps you don't use
zykotic10: cuddylier: your / 10G partition is full...
SusyLegs: haydenhummel: any ideas?
cryptotheslow: SusyLegs, yes the installer will give you the option to do that
haydenhummel: Yes. During install it provides an option to do so.
rasusto: use the alternate install disk
SusyLegs: Crypticfortune: coolies
SusyLegs: :)
ActionParsnip: cuddylier: your home folder is also on the smae partition so clearing temp stuff may help here too",,,,,,,,,,,,
ubuntu:train:2011-12-07:103:0:156310,train,2011-12-07,other,friend_manu,,,,demosfar,False,False,,"demosfar: Benkinooby, ok...thnx anyway","neersighted: 231?
neersighted: There is no 231?
escott: neersighted, so just change that around to say ""text"" before ""quiet"" on line 233
neersighted: kk
demosfar: Benkinooby, I read all that and did everything what's wrote there..but still no help..
escott: neersighted, my file may be different from yours
lifebird: Bilange: sounds like an issue with 'listen' directive or firewall to me. have you verified that the services are working locally? (ie. on the local host)?
Benkinooby: demosfar, then i'm out of advice... sorry :(
neersighted: http://pastie.org/2982983
neersighted: that's mine
neersighted: can i just add a third menu option?
demosfar: Benkinooby, ok...thnx anyway",,,,,,,,,,,,
ubuntu:train:2006-09-13:40:0:61398,train,2006-09-13,other,friend_manu,,,,fyrestrtr,False,False,,fyrestrtr: !enter,"AbortD: i'll stick with my nvidia
wastrel: what's crossfire?
Nul1: future will tell
Nul1: crossfire is 2 cards connected
wastrel: well i can't choose because i'm on a laptop
Nul1: like core 2 duo
fyrestrtr: please take this ati vs. nvidia to #ubuntu-offtopic
Nul1: cept more motherboard adv
Nul1: cause of the nforce chips
Nul1: on the mbs for pc now
Nul1: and that rules out the new mac desktop
fyrestrtr: !enter",,,,,,,,,,,,
ubuntu:train:2004-12-25:0:0:266,train,2004-12-25,other,friend_manu,,,,wood1,False,False,,"wood1: Well Simira, can you tell me why my Ubuntu system is getting slow","wood1: well it is great
wood1: But my Home Ubuntu is getting very slow these days
Tsjoklate: oh yeah? how come?
Tsjoklate: I am from Siberia wood1.. hence the bad English
wood1: I know that my Home PC is quite old, It's a celeron 850 MHz with 128 MB of Memory with a 32 MB Nvidia graphics card
wood1: I am from the Himalayan Kingdom of Nepal. Wow you are from Sibera
wood1: Siberia
wood1: but my home PC used to be quite fast till 3 weeks ago
wood1: I really don't know why it has gotten very slow these days
Simira: Tsjoklat: Check out the debian-women website. There's an IRC meeting this Saturday, if you want to join.
|QuaD-: Simira: out of curiosity whats the link?
wood1: Well Simira, can you tell me why my Ubuntu system is getting slow",,,,,,,,,,,,
ubuntu:train:2005-06-12:7:0:11109,train,2005-06-12,other,friend_manu,,,,kbrooks,False,False,,kbrooks: :P,"sinope[crashed] : kbrooks, why would i want windows?
Mez: any ideas anyone
sinope[crashed] : kbrooks, i'll burn it to a cd.
toxicfume1: crimsun, http://pastebin.com/295215 <-- there's the error, anyways i gtg see ya later..thanks for all the help :)
sinope[crashed] : kbrooks, knoppix has k3b
kbrooks: sinope[crashed] : i KNOW
sinope[crashed] : kbrooks, NOOB :D
kbrooks: sinope[crashed] : DUDE! rude!
sinope[crashed] : </joke>
sinope[crashed] : <hug />
kbrooks: sinope[crashed] : ty.........
kbrooks: :P",,,,,,,,,,,,
ubuntu:train:2014-12-21:133:0:194796,train,2014-12-21,addressed_not_question,friend_manu,,,,cryptodan,False,False,nomadist,cryptodan: nomadist: login to the router / modem via the web interface,"lotuspsychje: Jen8: maybe the #tcl guys might be able to help
cryptodan: nomadist: can you dpaste.com the results of cat /etc/resolv.conf
lotuspsychje: azjo: try installing it from the web
azjo: u mean terminal?
lotuspsychje: azjo: no, download the .deb package from their website
nomadist: cryptodan, http://dpaste.com/2CT7KNB
azjo: yeah thats what i did
azjo: and it says it is installed
azjo: but its nowhere to be found in software center installed programs
cryptodan: nomadist: check your modem to see if you have wrong dns servers there
nomadist: cryptodan, how do i do that?
cryptodan: nomadist: login to the router / modem via the web interface",,,,,,,,,,,,
ubuntu:test:2015-03-18:7:0:11170,test,2015-03-18,question,friend_manu,,,,a13x212,True,False,,a13x212: how can i alias network interface em1 to eth0?,"theRaschy: lemme see if i can get a good video of whats going on
fry_: I'm trying to figure out what version of wintv I have installed on my mother board (without popping it out). Can anyone help me figure out how to do this?
Logan: sfdebug: is /bin/ in your path?
Logan: er, without the trailing slash
dmcdonald: anyone know how i can delete all files in the remote folder using sftp in terminal?
peepsalot: is there a way to see a log of recently installed packages?
centrx: peepsalot, /var/log/dpkg.log
Sludgefrog: Hello! Can someone tell me how often this cron runs?   0 */4 * * *
centrx: Sludgefrog, every 15 minutes I think
Sludgefrog: centrx: Isn't that */15 * * * * ?  Since minutes are the first column.
centrx: Sludgefrog, yes you're right
a13x212: how can i alias network interface em1 to eth0?",,,,,,,,,,,,
ubuntu:train:2006-05-27:27:0:40399,train,2006-05-27,addressed_not_question,friend_manu,,,,bimberi,False,False,toodles,"bimberi: toodles: it's a wiki, feel free to change it yourself.  Keep in mind that Sun Java is only available in dapper's multiverse and it is still in beta","C|int: hey njan
C|int: dam net so fast :D
sovieticool: yep neck_ i do restart of x now :P
livingdaylight: hey, can someoen help me?
sovieticool: byeee......
livingdaylight: sovieticool; can you help me?
C|int: whats up livingdaylight  :-)
livingdaylight: C|int: hi, i put my question in two parts above : )
sovieticool: nop sorry livingdaylight
sovieticool: now to linux :(
C|int: k.. :)
bimberi: toodles: it's a wiki, feel free to change it yourself.  Keep in mind that Sun Java is only available in dapper's multiverse and it is still in beta",,,,,,,,,,,,
ubuntu:train:2009-05-04:77:0:119075,train,2009-05-04,question,friend_manu,,,,josh_1xy,True,False,,"josh_1xy: hey every1, does anyone know about the option to install linux ""side-by-side"" onto a Windows partition?","arooni-mobile: oh noes
ticked: anyone notice if 9.04 has support for atheros, or do ya still need madwifi?
xunil: so i went back to 8.04 (8.10 never could install properly)
xangua: xcdfgkjhgcv: you can try and if it dosn't do anything to you you can always downgrade
xunil: still need madwifi
ticked: argh
xunil: ya
ticked: never could get it to work
xangua: but for me it works
ticked: cool
xunil: i cant wait till madwifi updates for the newer mimo cards :D
josh_1xy: hey every1, does anyone know about the option to install linux ""side-by-side"" onto a Windows partition?",,,,,,,,,,,,
ubuntu:train:2005-12-04:16:0:24660,train,2005-12-04,question,friend_manu,,,,ardchoille,True,False,,ardchoille: Any Ubuntu devs here?,"DShepherd: mediafly: man dd
topyli: idiot: and create the mount point before trying to mount something in it
LOQUiLLO_: hehehehehehe
theCore: mediafly: try with floppy at first
soundray: mediafly, before you start with dd, shrink your existing partitions until everything fits into 59GB and you have 21 GB free space at the end.
LOQUiLLO_: idiot's festival
topyli: this is terrible. now the vlc build wanted me to install mozilla and dev packages
DShepherd: soundray: why should he do that
DShepherd: ?
blue-frog: idiot,  to mount    mount -t smbfs //IP/c$ /mnt/test -o username=login_Windows
ardchoille: I am damned impressed with Ubuntu 5.10. I have spent an entire 24 hours trying to break it and I can't. I did manage to mess up a package, but that was due to IUS and not Ubuntu;s fault.
ardchoille: Any Ubuntu devs here?",,,,,,,,,,,,
ubuntu:train:2014-12-27:134:0:197110,train,2014-12-27,question,friend_manu,,,,OerHeks,True,False,,"OerHeks: oldster, why that hard way? sudo apt-get install unetbootin","aaa801: like if you try and run php and its not found it says php can be found in yadayada
aaa801: thats it!
cik: hi
cik: hi
aaa801: thanks
oldster: its a .bin file
oldster: unetbootin-linux-608.bin
oldster: made it executable via permissions
oldster: and then ./unetbootin-linux-608
oldster: and nothing?
oldster: cheers!
OerHeks: oldster, why that hard way? sudo apt-get install unetbootin",,,,,,,,,,,,
ubuntu:test:2010-08-17:4:0:6472,test,2010-08-17,question,friend_manu,,,,threefox,True,False,,threefox: Can someone remember me how to mount windows desktop on ubuntu?,"dmaxx: except testdisk???
scampbell: j_ayen_green: ctrl_alt_f1 switches you to the text screen, no gui at all.  ctrl-alt-f7 (or 8 depending on your installation) will take you back to the graphical.
luka: scampbell, i did but only notebook speakers work...
R\Peaceman: I am desperate, and searching for someone who can help me with permissions in ubuntu, (ProFTPD and Samba)
j_ayen_green: scampbell: ah! thanks :)
scampbell: j_ayen_green: be aware that a locked screen saver will disallow that action so you can't get out of it that way. another reason why I think screensavers are bad.
luka: Oer, thaks man you made my day
luka: :)
luka: xD
Oer: luka did you google ubuntu + laptopname + laptop typ  + line out ?
threefox: Hai
threefox: Can someone remember me how to mount windows desktop on ubuntu?",,,,,,,,,,,,
ubuntu:train:2012-11-24:110:0:166150,train,2012-11-24,question,friend_manu,,,,dcherniv,True,False,,"dcherniv: xjkx, is it a usb card mm?","MonkeyDust: jcarmbruster  use something good, anything else wil do
wiz_: sorry about that
Wolseinstein: genericus, I cant see Devices but there is Places on the left
FauxFaux: Don't modern versions of IE even support resuming?
jcarmbruster: will try firefor
jcarmbruster: firefox
Wolseinstein: genericus,  here: http://paste.ubuntu.com/1383231/
xjkx: I just plugged a sound card, but its not working, I dont think its even in lspci, would you look for me ? http://pastebin.com/4rcqmK7N
Anonynom: usr13, working FLAWLESSLY!
genericus: Wolseinstein Yeah I saw that link. Don't know why you can't see Devices on the left, you are using Ubuntu 12.04 / 12.10 right?
Anonynom: usr13, thankyouthankyouthank you~
dcherniv: xjkx, is it a usb card mm?",,,,,,,,,,,,
ubuntu:train:2005-06-16:8:0:11677,train,2005-06-16,other,friend_manu,,,,Seveas,False,False,,"Seveas: sinnlos, if you have the restricted-modules package installed, it will upgrade the ati drivers too","theD3viL: Which programm can be used for net limmiter ?
Seveas: hmm, dan musst du marillat bentzen
sinnlos: miri was ?
Seveas: oder upgraden nach hoary
sinnlos: wie geht upgraden ?
chrissturm: #ubuntu-de ?
Seveas: sehr einfach, nur ein kommando auf der kommandozeiele on 600 MB downloaden ;)
Seveas: sinnlos: One-line upgrade: sudo sed -e 's/warty/hoary/' -i /etc/apt/sources.list && sudo aptitude update && sudo aptitude dist-upgrade
Seveas: chrissturm, that channel has been reported to be quite empty...
sinnlos: well are there problems with ati ?
sinnlos: or knows anywhere of this ?
Seveas: sinnlos, if you have the restricted-modules package installed, it will upgrade the ati drivers too",,,,,,,,,,,,
ubuntu:validation:2008-12-11:3:0:4062,validation,2008-12-11,addressed_not_question,friend_manu,,,,gnutron,False,False,Zealot12,gnutron: Zealot12: sudo nano /etc/X11/xorg.conf,"Zealot12: Whenever I try to use the sudo /etc/X11/xorg/conf to change my driver settings, it says ""ERROR: Unable to write to directory '/etc/X11'"" Then if I type nvidia-xconfig, it says ""Using X configuration file ""/etc/X11/xorg.conf  WARNING: The CorePointer device was not specified explicitly in the layout; using the first CorePointer in the config input list"" I dont know whats going on, but I even think my comp is running slower. Any ideas
paranoid_ndroid: it seems a lot simpler...
fasta: Will anything bad happen if I launch 1000 tar processes in about a second? I.e. will I get some kind of error message?
vertx: krish: use shorewall or firestarte, unless you're proficient with iptables
ocRob: fasta: try it
hc: fasta, are you trying to see what happens if you launch a fork bomb?
fasta: hc: no
visof: hi
gnutron: theeclipse: then sudo chown you:root /media/disk
whuffor: MrSoundless: You could try something like this to remove all files from the current directory: find . -name '*' -exec rm {} \;
jim_p: has anyone tried fwbuilder? i think is a bit more user friendly than firestarter
gnutron: Zealot12: sudo nano /etc/X11/xorg.conf",,,,,,,,,,,,
ubuntu:train:2005-05-19:5:0:7567,train,2005-05-19,other,friend_manu,,,,metalsand,False,False,,metalsand: I deleted default,"IIIEars: lol
dabaSlon_slp: :)))
pablo921: Raskall, more of us newbies to torture those who help us?
dabaSlon_slp: haha
dabaSlon_slp: awesome
dabaSlon_slp: nit
IIIEars: lol
crimsun: metalsand: or are you using /etc/wlancfg/wlancfg-DEFAULT ?
metalsand: http://pastebin.com/282531
chris_ubuntu: dabaSlon: I don't get it.  I can't tell which mssgs are for me.  This is not something I am going to be able to complete.  Thanks but this is not working.  I hate to say it makes me long for Microsoft giving me a case number at the beginnging of a paid call
metalsand: crimsun: I'm using wlancfg-pirates
metalsand: I deleted default",,,,,,,,,,,,
ubuntu:train:2014-09-29:132:0:193371,train,2014-09-29,addressed_not_question,friend_manu,,,,last_staff,False,False,Fuchs,"last_staff: Fuchs: by the way, I tried running it from the terminal","root: d
root: hello
MickeyDroid: that command upgrades the whole ubuntu right??
Guest24426: hmm
Kopfgeldjaeger: All packages, yes
Ben64: Kopfgeldjaeger: pastebin the output of both ""sudo apt-get update"" and ""sudo apt-get dist-upgrade""
Kopfgeldjaeger: (apt-get clean-ed beforehand) Ben64: http://pastebin.com/ehpJJwyU | my lunch is ready, so I'll be afk for 15 minutes
last_staff: Fuchs: xubuntu desktop, trying to run 'sudo synaptic' with the user vagrant in the sudoers file and a member of the sudo group
BluesKaj: HIya folks
Fuchs: last_staff: do not run graphical applications with sudo
Fuchs: last_staff: this should not be needed, policykit will take care of permissions
last_staff: Fuchs: by the way, I tried running it from the terminal",,,,,,,,,,,,
ubuntu:train:2010-05-30:87:0:133060,train,2010-05-30,other,friend_manu,,,,Spunkym3nkey,False,False,,Spunkym3nkey: most vps server companys want to use that,"theadmin: Spunkym3nkey: Sorry, offtopic as it is not a question about doing stuff in Ubuntu.
alket: How to correct subtitle time in VLC or Tottem ?
raul__: thanks!
theadmin: alket: In VLC there is some subtitle delay option in preferences if I recall correctl
theadmin: y
itheos: can i repeat my question if you dont mind?
theadmin: itheos: Yes, just not too often
itheos: i have a seagate external hdd. i want to mount it. but i am root and its not detecting it. what to do?
Spunkym3nkey: theadmin yes it is, ubuntu for OS
Spunkym3nkey: I hate centos and plesk
theadmin: Spunkym3nkey: Well yeah, but it's not a question about using Ubuntu
Spunkym3nkey: most vps server companys want to use that",,,,,,,,,,,,
ubuntu:train:2009-03-25:76:0:117557,train,2009-03-25,other,friend_manu,,,,sachin_,False,False,,sachin_: hey guys i want to enable a multi seat in my intrepid machine any ideas how to do that...guys help me,"marcusdavidus: pff ok i belive u dont sleep and have bad mood today
Lint02: marcusdavidus: your nazi rant belongs to #ubuntu-offtopic
Gnea: lord_: please type this:  /join #ubuntu-ru
bazhang: !ot > marcusdavidus
ubottu: marcusdavidus, please see my private message
Gnea: marcusdavidus: don't be an idiot.
Lint02: lord doesn't need ubuntu-ru, for his is using gOS :)
sachin_: hey guys i want to enable a multi seat in my intrepid machine any ideas how to do that...guys help me
sachin_: hey guys i want to enable a multi seat in my intrepid machine any ideas how to do that...guys help me
sachin_: hey guys i want to enable a multi seat in my intrepid machine any ideas how to do that...guys help me
sachin_: hey guys i want to enable a multi seat in my intrepid machine any ideas how to do that...guys help me
sachin_: hey guys i want to enable a multi seat in my intrepid machine any ideas how to do that...guys help me",,,,,,,,,,,,
ubuntu:train:2017-02-06:146:0:211160,train,2017-02-06,other,friend_manu,,,,Kubius,False,False,,"Kubius: ""no such file or directory""","dumle29: now, that'd make sense if it wasn't because all the folders and files in that path are 774
dumle29: and I did: usermod -aG ebot www-data
k1l_: timyp: no, that is a real bad advice to see if its just a permission issue
Kubius: I tried to install it via the download package (steam-latest) but that version would not even start
dumle29: and groups www-data returns: www-data : www-data ebot
Kubius: The apt-get version starts, it just won't update
arooni: im trying to set up a vnc server on my ubuntu 16.04 laptop;  i installed tightvncserver; and i can connect to it; but i dont see anything ... ideas?
FManTropyx: ash_workz, you should have gnu make 4
k1l_: Kubius: can you show a ""ls -al ~/.bin""
timyp: arooni try adjusting the screen resolution on the vnc server
ash_workz: FManTropyx: I see, it was telling me to use the command `make --version` instead of `gmake --version`
Kubius: ""no such file or directory""",,,,,,,,,,,,
ubuntu:train:2011-04-14:97:0:147839,train,2011-04-14,question,friend_manu,,,,acicula,True,False,matsur,acicula: matsur: does it redirect the packets to localhost though?,"pfifo: 3 laptops with ...
abstrakt: phux, lets you play around with multiple distros
scott__: 2 TB of swap???
Ben64: Localhost666: no, the adobe one works fine
scott__: lol
matsur: acicula iptables -t nat -A PREROUTING -i eth0 -p tcp --dport 80 -j REDIRECT --to-port 9999 works fine, it just requires that i ACCEPT on 9999 as well as 80
Localhost666: Ben64: no it doesnt lol
matsur: I'd rath not expose 9999
Ben64: Localhost666: yes it does lol
phux: pfifo: im a f*cking broke student :)
gnosis: phux: if you're looking to do systems programming, then yeah C is good
acicula: matsur: does it redirect the packets to localhost though?",,,,,,,,,,,,
ubuntu:train:2008-07-03:73:0:113619,train,2008-07-03,other,friend_manu,,,,guillaume,False,True,,"guillaume: well, it's stange but it works now","Fryguy--: Eric7: libgtk-2.0-dev
shingalated: yeah I only added it to site1
ali_: no nothing happens
guillaume: imaginator: I got Intel HD
ali_: firefox doesn't come up
rizkhan: ali_: open the file in browser ..
guillaume: lol, did even knew... it 2year old laptop
guillaume: http://pastebin.org/48361
rizkhan: ali: if html is ok, it wil ldisply
ali_: i can do it myself but in bluefish when i click view in browser it doesn't work
Eric7: k tyvm gtg for now Happy 4th of July ^^
guillaume: well, it's stange but it works now",,,,,,,,,,,,
ubuntu:test:2016-02-22:8:0:13101,test,2016-02-22,other,friend_manu,,,,niko__,False,False,,niko__: hi,"MonkeyDust: Silenced  i guess !hwe could have done that too
HackerII: waiting for the moon to turn to cheese
rattking: the default sh in ubuntu is dash IIRC
k1l_: rattking: for scripts. for user interaction like the gnome terminal etc its bash
Silenced: MonkeyDust: What does that mean ?
rattking: ahh yes thats true.
MonkeyDust: !hwe | Silenced
ubottu: Silenced: The Ubuntu LTS enablement stacks provide newer kernel and X support for existing LTS releases, see https://wiki.ubuntu.com/Kernel/LTSEnablementStack
guilberplays: oii pesoal
guilberplays: pessoal
gnomo: hello there, how do i check my gnome version using terminal? tnx
niko__: hi",,,,,,,,,,,,
ubuntu:train:2009-07-02:79:0:120915,train,2009-07-02,other,friend_manu,,,,sagredo,False,False,,sagredo: trying to connect to the internet,"angel12: im a b00n, i turned on the firewall lol
bazhang: lucax1, a clone?
bullgard4: What is the command-line command to switch on a WiFi adapter having the driver ipw2200?
u_dparte: vise, ic ... can't help you then, I don't have any exp. with it
shahalam: hi all
lucax1: bazhang: yeah i want to make a dist type cd with my current ubuntu... like one of the options of remastersys, but the thing is that ive installed the 2.6.30 kernel, and for some reason remastersys doesnt work with it... i can do it with 2.6.28 kernel but not .30
u_dparte: bullgard4, when I need to switch wifi interfaces I do sudo ifconfig <wifi interface> down
u_dparte: sudo ifconfig <other wifi interface> up
vise: u_dparte, Have you ever run qemu/virtualbox for windows, in wine? Or that would be too slow.. :(
sagredo: yo crew
sagredo: whilst
sagredo: trying to connect to the internet",,,,,,,,,,,,
ubuntu:train:2013-08-30:123:0:181784,train,2013-08-30,question,friend_manu,,,,dr_willis,True,False,,dr_willis: from terminal its like gnome-source-? or somthing.  :-P,"linocisco: what is the best Travel and Tour management software?
zykotick9: !best > linocisco
ubottu: linocisco, please see my private message
dr_willis: JeffATL: grub menu edit lasts one time
dr_willis: JeffATL:  edit /etc/default/grub for perment changes
linocisco: zykotick9, so known to be good softwares in ENglish.
JeffATL: i'm not finding ""software sources"" in the dashboard - there's ""ubuntu software center...""
dr_willis: JeffATL: that has a menu item in it for sources
Ari-Yang: JeffATL, then maybe to go system settings and search from there?
Ari-Yang: *shrugs*
rasanen7: Hello, I have a samba mount point where the filenames include umlauts and whatnot. I can't access those files due to those chars. I've tried to mount.cifs it with using iocharset (utf8, iso8859-1) with no luck. Any hints?
dr_willis: from terminal its like gnome-source-? or somthing.  :-P",,,,,,,,,,,,
ubuntu:train:2005-02-27:3:0:4773,train,2005-02-27,question,friend_manu,,,,crimsun_,True,False,tux_,"crimsun_: tux_: ah, from Bruce Shneier's web site?","crimsun_: tux_: that's a really tall stretch. Even with the collisions that are forceable in MD5 and SHA1, they were a _long_ way from being ""cracked.""
tux_: yea, but reputable source from slackware group just told me about it
crimsun_: (not that it's not possible, because anything's possible, ...)
|junit|: Does apt-get have all the packages Warty does?
tux_: lol
tux_: apt-get has moe
|junit|: what
tux_: depends on what u want
tux_: something like 20K in debian sources
|junit|: im gonna download it =D
tux_: lol
crimsun_: tux_: ah, from Bruce Shneier's web site?",,,,,,,,,,,,
ubuntu:train:2007-01-29:49:0:75172,train,2007-01-29,addressed_not_question,friend_manu,,,,FILETBRIGADE,False,False,shatrat,FILETBRIGADE: shatrat: I tried ifconfig... I think it gave me 255.555.555,"guzza: Q: and now i have to run it with sudo ...plus even then i keep getting these strange errors
shatrat: FILETBRIGADE, could you tell me if you have an IP address for your interface when you type ""ifconfig""?
xtknight: guzza: ubuntu or kubuntu?
cr: no
ugh_help_me_plea: I have tried mounting my root partition, I'm getting a codepage error
guzza: xtknight: ubuntu
guzza: gnome
FILETBRIGADE: shatrat: When I had to activate my port, I used my roommates laptop (ethernet.) Even though Ubuntu would not have any connection then, after rebooting everything went fine
xtknight: guzza: cd ~; sudo rm -rf .kde
xtknight: guzza: then try amarok again without sudo
guzza: ok wait..
FILETBRIGADE: shatrat: I tried ifconfig... I think it gave me 255.555.555",,,,,,,,,,,,
ubuntu:test:2015-03-18:7:0:11821,test,2015-03-18,question,friend_manu,,,,sre-su,True,False,,sre-su: What does this line in auth.log means? Connection from 127.0.0.1 port 42396 on 127.0.0.1 port 22,"ikonia: zetheroo1: seems a simple approach
ikonia: you could also look at the nmcli options, see if there is a renew/release option
geirha: newuser789: similar, sure, but you only download from the one server, not other peers
newuser789: geirha: ohh, so zsync is centralized to a single server and torrent is decentralized to seeds and peers, torrents can be dangerous but zsync will be verified by server
newuser789: my messages are visible /readable ?
eahm: yes
jbo: Y
newuser789: so how to use zsync ?
jbo: sorry but I don't know
k1l: newuser789: read this https://help.ubuntu.com/community/ZsyncCdImage
k1l: but you could just md5sum for the isos
sre-su: What does this line in auth.log means? Connection from 127.0.0.1 port 42396 on 127.0.0.1 port 22",,,,,,,,,,,,
ubuntu:validation:2011-05-29:7:0:9714,validation,2011-05-29,other,friend_manu,,,,Usuario,False,False,,Usuario: compile,"rewalsar: QUESTION: Software for DDOS attack in Ubuntu, I have met many in windows but didn't found any for Ubuntu?
Usuario: I want to see the GUI
Usuario: rewalsar, try LOIC, but it wont gide your IP
IdleOne: !illegal
ubottu: piracy discussion and other questionably legal practices are not welcome in the Ubuntu channels. Please take this discussion elsewhere or abstain from it altogether. This includes linking to pirated software, music, and video. Also see !guidelines and !o4o
van7hu: Usuario, write one?
SpaceBass: nit-wit, yes
Usuario: van7hu write one what?
rewalsar: Usuario: Thanks but can I find it in Repo?
nit-wit: IdleOne, whats the bot trigger for the bootscript?
Usuario: rewalsar NO
Usuario: compile",,,,,,,,,,,,
ubuntu:train:2012-11-30:111:0:167203,train,2012-11-30,question,friend_manu,,,,_boot,True,False,ananymusss,_boot: ananymusss: excuse me?,"ActionParsnip: media-centre: if you type a few letters of the nick and hit tab it will complete and you will highlight themm, just as I am highlighting you
phix: media-centre: look at the camera, then touch it, feel around the back, there you will notice a long cylinder that trails at the back of it, grab it and move your hands down it until you get to the end
phix: it should be attached to your computer
ActionParsnip: ananymusss:  do you get a black screen at boot?
media-centre: it is
ananymusss: right now i'm looking at a screen that says:
ananymusss: No DEFAULT or UI configuration directive found!
ananymusss: boot : _
media-centre: still dosent come up
ananymusss: i can type things in....
ActionParsnip: ananymusss: how did you put the ISO on the USB?
_boot: ananymusss: excuse me?",,,,,,,,,,,,
ubuntu:train:2010-08-15:90:0:137932,train,2010-08-15,other,friend_manu,,,,BiNhOw,False,False,,BiNhOw: hi,"xangua: magicianlord: does this affects only dual boot systems <unconvertable>
rww: magicianlord: do you have a bug number I can look at?
livingdaylight: guys, I'm on Ubuntu running VB for the first time. I've used it a couple times a couple years back and the setup seems different now as to how I recall it.
Sid123: <Arcidias>i already have tried,but it was not playing smoothly
acathla: Sid123, mplayer with VDPAU
livingdaylight: Basically, I had no trouble finding the .iso and loading it. Now, however, I can't seem to find where or when during the process I create the path to the .iso. Can someone help?
magicianlord: nope
livingdaylight: I dont know when to point VB to the .iso in my downloads folder
rubbahdawg: how does one reach enlightment and attention?
Arcidias: rubbahdawg: E17 has a package in the repos
Arcidias: afaik
BiNhOw: hi",,,,,,,,,,,,
ubuntu:train:2012-05-04:106:0:161001,train,2012-05-04,addressed_not_question,friend_manu,,,,LittleBallOfHate,False,False,blackmatrix_ny,LittleBallOfHate: blackmatrix_ny: hey,"FRodrigues_: LittleBallOfHate:  ati radeon hd 3200
blackmatrix_ny: bobweaver, installing links ? ok I get it...you're joking right lol
L3top: Xlaits_: what version of ubuntu are you on
taxman: why not japanese w3m?
taxman: w3m > elinks > links > lynx
LittleBallOfHate: FRodrigues_: should work fine, may need to install additional drivers though
Xlaits_: L3top: As stated subtly before, Precise Pangolion...
L3top: Xlaits_: 32 or 64
blackmatrix_ny: netstat a tool written by dimwits
blackmatrix_ny: can't wait to get on my UNIX box tomorrow
Xlaits_: L3top: I believe 32.
LittleBallOfHate: blackmatrix_ny: hey",,,,,,,,,,,,
ubuntu:train:2007-06-01:53:0:81247,train,2007-06-01,addressed_not_question,friend_manu,,,,MiMiC,False,False,rmd,"MiMiC: rmd: go to www.ubuntuguide.org, search for beryl, and follow their detailed instructions. It should be a breeze if you have the latest ubuntu","rmd_: MiMiC, why would that matter in the least for changing colors according to a theme?
wols: Tinned_Tuna: we don't support that
LjL: johnschroeder, some things are specific to the Linux kernel - some things are specific to Unix (or POSIX) systems in general - some things are quite Debian centric.
_pinky_: clever  : to mount automtcally an fat32 FSs
Pici: Tinned_Tuna: Can you please stop suggesting automatix and take a look at ubotu's message about it.
MiMiC: rmd: i strongly recommend installing beryl if you want to change colors, get cooler effects, new skins, etc etc
tinin: !WorksForMe
ubotu: Common Sense: Just because you can, does not mean you should (and especially recommend to others). Think before you do. ""Works for me"" does not mean it is ok. The latest version of everything is not always useful if you aim for stability.
crockodie: Pici what program do i need to download to do that
Tinned_Tuna: wols: personal experience shows different for me, but if you don't like it...
wols: Tinned_Tuna: I don't care about. the channel doesnA't like it
MiMiC: rmd: go to www.ubuntuguide.org, search for beryl, and follow their detailed instructions. It should be a breeze if you have the latest ubuntu",,,,,,,,,,,,
ubuntu:train:2006-06-05:30:0:46144,train,2006-06-05,addressed_not_question,friend_manu,,,,orbin,False,False,nnz0id,orbin: nnz0id: ah,"nnz0id: from the dapper server cd
holycow: and nothing seems to be muted
nnz0id: it only runs sh
bjmg: hi
skippy81: hmm
airtonix: holycow: mmmm
nnz0id: and when i do nano says some error
holycow: any clever module tricks anyone might be aware of perhaps?
_nano_: _jpierre: oh i see, in my case it worked..
skippy81: !apache
ubotu: methinks apache is https://wiki.ubuntu.com/ApacheMySQLPHP
orbin: nnz0id: ah",,,,,,,,,,,,
ubuntu:train:2006-09-13:40:0:60940,train,2006-09-13,addressed_not_question,friend_manu,,,,total_meltdown,False,False,britt,total_meltdown: britt: I prefer Kubuntu just cause KDE is the greatest thing since the big bang,"alex222: is it possible to get SuperKarama working under GNOME?
Utopiate: wow... busy in here tonite
TeePOG: alex222: i'm using gdesklets, also does *nice* widgets
Lard-O-Lad: #ubuntu needs an overflow :)
Utopiate: anyone know how I can find the devid of my wan device
britt: if i have a p4, is it going to be faster to use xubuntu or kubuntu?
britt: early p4
mneptok: Utopiate: ifconfig
atroWork: Utopiate, try iwconfig ?
MTecknology: atroWork, mneptok, I am on a live CD. I have a partition for grub made, but now I need to get grub installed to the partition and MBR.
alex222: KDE sucks
total_meltdown: britt: I prefer Kubuntu just cause KDE is the greatest thing since the big bang",,,,,,,,,,,,
