window_id,split,date,stratum,audit_bucket,label_silver,reason,guideline_hint,last_speaker,last_is_question,last_is_thanks,addressed_to,last_line,chat_block,raw_ok,error,label_gold,label_source,judge_reason,agree_with_silver,reviewed_by,review_ok,notes,grok_draft,reviewed_at,labeler
ubuntu:train:2006-06-21:32:0:48622,train,2006-06-21,other,friend_punith,,,,robert_,False,False,,robert_: how do I configure courier-webadmin,"Cntryboy: okay
Cntryboy: freak leave me alone please, im fustrated
gnomefreak: !language > Cntryboy
jenda: Evolution gives me ""MAIL FROM command failed: Must issue a STARTTLS command first j2sm77710ugf"" when send/recieve is licked. what does that mean?
Cntryboy: i know about language also
NoUse: Cntryboy first of all, keep the language PG, second of all, don't get all upset, we are trying to help you
jenda: *CLICKED
gnomefreak: Cntryboy: than stop using those words
Cntryboy: !language > gnomefreak
ToHellWithGA: sony's software relies on windows media which relies on IE and doesn't use normal GUI bits, so it's like trying to stacky doodoo too high for WINE
NoUse: is it a full moon or something?
robert_: how do I configure courier-webadmin",,,,,,,,,,,,
ubuntu:train:2006-05-27:27:0:39867,train,2006-05-27,other,friend_punith,,,,Bilford,False,False,,Bilford: ok,"Flannel: pepsi: right, the page you're on (and cache, etc) doesn't affect it.
aftertaf: neck_, yeah e17. latest changes are nice!
pepsi: wtf..
Bilford: just firefox, with no arguments after it
selinium_: pepsi: Have you tried fasterfox extension from mozilla?
pepsi: when FF is not open at all.. and you want to run it... thats what takes long
Bilford: when you click a link in IRC, right
Bilford: configure your IRC client to use Firefox
pepsi: no.. starting FF
pepsi: :P
pepsi: the irc thing is fine, id ont care about that
Bilford: ok",,,,,,,,,,,,
ubuntu:train:2008-01-02:63:0:97550,train,2008-01-02,question,friend_punith,,,,IKE,True,False,,IKE: do i get that error cuz im using a custom psp firmware?,"vee_: zenobius nfs stores info better
SpaminaCan: 9mins left ^_^
krazytekn0: And second question, do you need to be able to see the files with windows?
zenobius: vee_: microsoft have a nfs tool, but its not reliable
SpaminaCan: copying 90gb via usb :-\
zenobius: vee_: and its twice as fast than samba
IKE: zenobius,  do you know what that error means
krazytekn0: gross man, just gross
zenobius: IKE: not sure, but my ipod id fine
krazytekn0: SpaminaCan do you need to access this drive with a windows box in the future?
SpaminaCan: krazytekn0, not true lol, i have a 80gb ipod that uses fat32 ^_^
IKE: do i get that error cuz im using a custom psp firmware?",,,,,,,,,,,,
ubuntu:train:2013-10-28:128:0:188515,train,2013-10-28,other,friend_punith,,,,Crazyzurfer,False,False,,"Crazyzurfer: but I've got 2 video cards, and I know one of them is obviously working, but I want to know if the nvidia driver is installed","jmgk: haruuhi:  are you still around ?
NCS_One: hitsujiTMO: VGA compatible controller: NVIDIA Corporation G98M [GeForce G 103M] (rev a1)
Ben64: jmgk: obviously not, stop asking?
jmgk: sorry
hitsujiTMO: ns_one: install unity-tweak-tool and disable background blur in ""search""
hitsujiTMO: ncs_one: ^
Crazyzurfer: hey guys.. how do I know if my nvidia 650m driver is installed? --> using ubuntu 13.10
hitsujiTMO: Crazyzurfer: can you see something on the screen?
Crazyzurfer: yes
uncle_ben: i have an issue with an older dell dimension 2400, during boot, bios always complains: alert: previous fan failure.  the fan works fine...i cleared the system event log and it made no difference.  one thing i noticed is the the fan cable has four female connectors, but the mobo fan connector has only three pins...could that have something to do with the error message
omnomnOMINOUS: Crazyzurfer, try going to Software & Updates > Additional Drivers?
Crazyzurfer: but I've got 2 video cards, and I know one of them is obviously working, but I want to know if the nvidia driver is installed",,,,,,,,,,,,
ubuntu:train:2006-01-02:19:0:28861,train,2006-01-02,addressed_not_question,friend_punith,,,,nalioth,False,False,Epix,nalioth: Epix: enable universe and get it with your fave pkg manager,"nalioth: Tedd|: i dont appreciate your attitude. you asked, and i gave you an answer.
lleberg: Installing the base-system or whatever it is in english :=
sorush20: bungle: if your using kubuntu right click and use a menu command..
karl_: rabbit: yes that is another posibility
Epix: sorush20: ... Um, Im on ubuntu live atm.
fraggsta: here's another problem; how the hell do I switch VTs on a Mac running Linux?
lleberg: Copying remaining packages to disc.. i think this went smoothly :P
sorush20: Epix: I'm not sure if you can install anything on there.
Necrosan: Okay
HymnToLife: could anyone tell me how to disable a process starting on bootup ?
Necrosan: It's official
nalioth: Epix: enable universe and get it with your fave pkg manager",,,,,,,,,,,,
ubuntu:train:2006-12-20:45:0:69113,train,2006-12-20,other,friend_punith,,,,daya,False,False,,"daya: n2diy, have they are in the network i mean two boxes","emilia: bimberi: no, nothing in there :(
simeon: you can run aptitude, insomia
hlds: NIC= network interface card.
lupine_85: more than one george bush == lots of trouble :p
n2diy: daya, roger secure copy, haven't used that either, no experience with networking here.
bimberi: emilia: sorry, out of ideas for now :/
lupine_85: but you can definitely have more than one ubuntu
Rookie_: ahh, yes, your right hlds
hlds: lol.
Akuma_: is there important stuff to be backed up outside of ~ ?
Rookie_: tierd ... 6 am ...
daya: n2diy, have they are in the network i mean two boxes",,,,,,,,,,,,
ubuntu:train:2009-11-13:80:0:122952,train,2009-11-13,addressed_not_question,friend_punith,,,,legend2440,False,False,fdsf,legend2440: fdsf:in terminal type      touch newfile.txt,"jrib: Veovis_Muaddib: visit library.gnome.org, read the admin guide about locking down gnome
furtano: why can i execute a bash script if chmod  rw- rights is set (excecute not set)
Veovis_Muaddib: jrib: thanks
jrib: furtano: you can't.
furtano: jiffe, if i make sh test.sh  it runs
llutz: furtano: starting it in a new shell (. script) will always work
Concker: im just looking for a easy to to use program,  not virtualbox etc
jrib: furtano: you're not executing test.sh.
Veovis_Muaddib: Concker: What you need is iFuse: http://www.ubuntugeek.com/how-to-connect-iphoneipod-touch-using-usbin-karmicjauntyintrepidhardy.html
llutz: furtano: just ./script won't without x
furtano: jiffe, oh ? whats executing
legend2440: fdsf:in terminal type      touch newfile.txt",,,,,,,,,,,,
ubuntu:train:2013-10-28:128:0:188262,train,2013-10-28,other,friend_punith,,,,mIKEjONES,False,False,,mIKEjONES: I'm sure there is no difference between apt-get running as root or being sudo'd to run as root,"Ben64: ia32-libs has been ditched in favor of multiarch
mIKEjONES: I apt-getted ia32-libs-multiarch
mIKEjONES: and it has totally fucked up my system
Ben64: watch the language, and pastebin the stuff i asked you to
wilee-nilee: wilee-nilee, That does not answer the question ""then it tries to install some other package that broke a while ago"" What does this mean, and run the command Ben64 gave you and pastebin it
mIKEjONES: http://pastebin.com/kr7YB0Wv
Ben64: thats not what i said : /
mIKEjONES: oh
hitsujiTMO: mIKEjONES: do what it tells you to do: sudo apt-get -f install
Ben64: mIKEjONES: and using root like that is not recommended
mIKEjONES: Ben64: sudo times out kind of weird, I won't like prepending sudo in front of commands when I have to do sysadmining
mIKEjONES: I'm sure there is no difference between apt-get running as root or being sudo'd to run as root",,,,,,,,,,,,
ubuntu:train:2008-04-30:70:0:108387,train,2008-04-30,question,friend_punith,,,,AliRezaTaleghani,True,False,,"AliRezaTaleghani: hi, i have a problem with pidgin and my google or hotmail, they need TLS/SSL support!  which package should use for them?!!","legolasw:  Is there any way to see VPN connection debug messages or log file?
zedster1: please I need my laptop for class tomorrow, why would sudo modprobe psmouse make my touchpad work for a second and then stop? and why would an xorg reset not help?
Lapinux: astro76: i dont think thats what im looking for
Judeglass: ok, thanks astro76
astro76: Lapinux: it's not going to be /dev/tty*, that's for serial
lethalamby: Please help . I am typing this out for the 3rd time
lethalamby: anyone here worked with g2ipmg on ubuntu. Mine giving segmentation faults. Else please suggest another version of IPmsg with source
ackbahr: I'm using an ATI card with Hardy, and I've got the choice between my widescreen being aknowledged (1280x768) but without graphical acceleration (when the proprietary driver is ENABLED), or graphical accel in 1024x768 (when the driver is DISABLED). Can somebody help get both?
Lapinux: astro76: yeah, i just spotted that in the config, thing is its serial on one end and usb on the other
sc006: anyone have problems with 8.04 and ut2004 graphics?
astro76: Lapinux: if it plugs into the usb port on the computer, it's usb, I think they use RJ45 on the ups end so they can sell you the cable
AliRezaTaleghani: hi, i have a problem with pidgin and my google or hotmail, they need TLS/SSL support!  which package should use for them?!!",,,,,,,,,,,,
ubuntu:train:2012-11-30:111:0:167345,train,2012-11-30,other,friend_punith,,,,media-centre,False,False,,media-centre: for some reason its not letting me,"Bustacap: Installing as we speak
Ny0: regf: so is not a standard windows mbr -.-'
Bustacap: Just extracted and marked the partition as boot
Bustacap: Can't wait till its installed so I can get back to ubuntu lol
regf: Ny0: hmm, Win8 may be tricky due to secureboot, GUID partition table and all that stuff
regf: Bustacap: nice, good to know it's smart enough to work that way :)
Bustacap: So far lol
xyzone: secureboot machines are boned
psychopathic: i work over time at 1 unit.
Ny0: regf: its a big deal but i'd really like to modify part table preserving the possibility to restore the notebook one day
media-centre: does anyone know why i cant change the permissions on an a .sh file
media-centre: for some reason its not letting me",,,,,,,,,,,,
ubuntu:train:2005-09-26:12:0:17553,train,2005-09-26,question,friend_punith,,,,The_Ultimate_Fro,True,False,,The_Ultimate_Fro: was the win32codecs removed from the apt-get list? is it recomended that i just manually install it from the mplayer website ?,"brenner: nalioth: she's all yours. ;)
blekos: haha
blekos: yes u do
blekos: i can see the sound icon,
nalioth: rigel: and you've passed whatever command line inputs to it in the script?
brenner: linner: i didn't really fix it. :)   but you're in safe hands
blekos: the cd players seems to play the cd...
linner: brenner, no, but you did try your best and I so appreciate it :)
blekos: tried to change the output device pc-speakers ,headphone etc...
blekos: no luck
brenner: no sweat...
The_Ultimate_Fro: was the win32codecs removed from the apt-get list? is it recomended that i just manually install it from the mplayer website ?",,,,,,,,,,,,
ubuntu:train:2014-08-14:131:0:192789,train,2014-08-14,addressed_not_question,friend_punith,,,,cynicallemon,False,False,Raz1,"cynicallemon: Raz1: i dont worry about that on laptops anyway as i shut mine down anyway, always have","Psil0Cybin: so i clicked erase all previous partitions and do a fresh install
Psil0Cybin: so i thought it would create a swap just incase...
Psil0Cybin: like in 12.04..
Raz1: cynicallemon: Especiall so, but I use it for desktops aswell in order to keep session state
cfhowlett: Psil0Cybin, don't feel bad.  I just installed my 14.04 upgrade and manage to forget to set the swap partition.  It's present from 12.04 but I didn't assign it so = no swap.  Easily fixed thought
Raz1: cynicallemon: No real need to shut down your system if you don't have to
winem: cuddylier: use -y
cuddylier: winem: Thanks
winem: this will automatically answer the question with yes and skips the prompt
devlin: what if it's installed on tablet
Psil0Cybin: cfhowlett, is it easy to create an encrypted swap in 14.04 and link it in? or is that not as easily fixed lol?
cynicallemon: Raz1: i dont worry about that on laptops anyway as i shut mine down anyway, always have",,,,,,,,,,,,
ubuntu:train:2013-02-24:115:0:172354,train,2013-02-24,question,friend_punith,,,,Gavilan3,True,False,,Gavilan3: Is there any way  to automatically set it up so it matches windows as close as possible?,"Gavilan3: What's the best way to make ubuntu look and behave at close as possible to windows?
cfhowlett: Gavilan3, no worries.  enjoy your new look
Gavilan3: thanks
cfhowlett: Gavilan3, err, ok ... xfce/lxde mimic ubuntu to an extent
Gavilan3: I meant having a taskbar, a start menu on the bottom
Gavilan3: the windows hotkeys...
Gavilan3: windows key + r to run a command...
Gavilan3: etc... etc...
cfhowlett: !keys|Gavilan3,
ubottu: Gavilan3,: Keyboard shortcuts can be set in System -> Preferences -> Keyboard Shortcuts. If your multimedia keys don't work with that, try the 'keytouch' package, explained at http://keytouch.sourceforge.net/ - See !Keyboard for changing layouts. A list of keyboard shortcuts for Unity is available at http://ubottu.com/y/shortcuts
luckybunny: so I've freed up 76GB, but I still think I'm not using anything remotely close to 203GB
Gavilan3: Is there any way  to automatically set it up so it matches windows as close as possible?",,,,,,,,,,,,
ubuntu:train:2015-10-19:143:0:206942,train,2015-10-19,question,friend_punith,,,,dimitrios__,True,False,,dimitrios__: Hello guys. Anyone coming across with a good knowledge on maldet ? I am running it on ubuntu but seems that I am having some problems with the cron.,"huwjr: php
huwjr: just want something to scan the odd site here and there without much effort on my part
Naughx: Dunno really... You should plain avoid going to a site you don't trust
huwjr: can just write my own - but I know people spend hours writing them..
huwjr: I think you’re miss understanding
huwjr: I want to scan the codebase - not a live url
cfhowlett: huwjr, suggestion: ask #python
huwjr: and if there’s a better pl/bash script?
huwjr: nevermind, forgive me for asking
agent_white: huwjr: For malware scanner, best to not write your own as it won't be a simple script by any means.
agent_white: Find one that folks have dedicated many days/years to perfect, and use theirs instead :)
dimitrios__: Hello guys. Anyone coming across with a good knowledge on maldet ? I am running it on ubuntu but seems that I am having some problems with the cron.",,,,,,,,,,,,
ubuntu:train:2007-06-01:53:0:80184,train,2007-06-01,other,friend_punith,,,,MiMiC,False,False,,MiMiC: in terminal,"Felarin: thirdy : WoW on Cedega
MiMiC: Felarin: what do u mean restricted / fdisk -l showed nothing
MiMiC: Daverocks: gparted showed an unallocated HDD
Felarin: thirdy : Quake4\Enemy Territory if native
aabrahao: how can I configure vhosts in apache?
Felarin: MiMiC : Did you try sudo in front
MiMiC: of courese
Felarin: sudo fdisk -l
Felarin: it shows nothing?
Felarin: that's weird
MiMiC: i see an error
MiMiC: in terminal",,,,,,,,,,,,
ubuntu:train:2007-01-12:46:0:70320,train,2007-01-12,addressed_not_question,friend_punith,,,,pike_,False,False,reverendnathan,pike_: reverendnathan: what i use as well.,"jordo23: un_operateur: Yeah.....a couple of freezes....something to do with X or the flash code coming in from certain websites, but for the most part works great
Lenaud01: toulouse what happens when you run ifconfig in shell?
camerong: stefg il try that advice now.. i sure hope it works!
camerong: thanks a bunch man
riotkittie: i give up on cloning my screen. ;\
camerong: il be back soon
deafboy: anyone help with sound card por favor?
deafboy: i have drivers installed
un_operateur: jordo23, that's good to hear -- now that the chroot is working well, you can put other 32 apps you want in it too :)
pike_: reverendnathan: if its a fresh install might be easier to install 6.06 than fool with booting livecd and chrooting etc. 6.06 is the long term support version and is kept up to date
NET||abuse: hey guys, i loaded up edgy on my laptop here, i used the oem install,, was that a bad move?
pike_: reverendnathan: what i use as well.",,,,,,,,,,,,
ubuntu:train:2008-02-14:66:0:101476,train,2008-02-14,question,friend_punith,,,,Hammer89,True,False,,Hammer89: can someone take a look at this error for me? http://paste.ubuntu-nl.org/55979/,"bazhang: NeXtDaY: you might want to try the livecd for gutsy and see if it gets your wireless etc; that would be the best way to judge if that system is the one for you
prince_jammys: whabo *were
pckopat: tolkin 2 me
whabo: price_jammys thats why windows 98 comes with a floppy disk when you boot it up
bazhang: pckopat: type /join #ubuntu-tr
NeXtDaY: bazhang: ok, good idea.
HetaUma: how do I search for some file?
whabo: prince_jammys there is an option to boot from floppy
bazhang: NeXtDaY: and then you can come here to troubleshoot when/if you have problems--really no need for automatix and stuff like that with gutsy nowadays
pckopat: rfmb
prince_jammys: whabo: and in the win98 floppy did it then allow to boot from cd?
Hammer89: can someone take a look at this error for me? http://paste.ubuntu-nl.org/55979/",,,,,,,,,,,,
ubuntu:test:2007-01-11:1:0:1865,test,2007-01-11,question,friend_punith,,,,selah,True,False,,selah: What is the advantage of aptitude over apt get?,"ubotu: Common Sense: Just because you can, does not mean you should. Think before you do. ""Works for me"" does not mean it is ok. The latest version of everything is not always useful if you aim for stability.
n3storm: magez: see
n3storm: wget http://www.doeweling.com/files/ubuntu/amsn/tcl8.5_8.5.0-1~neto3_i386.deb
n3storm: wget http://www.doeweling.com/files/ubuntu/amsn/tk8.5_8.5.0-1~neto3_i386.deb
n3storm: there you are
un_operateur: jordo23, yea, go ahead and try it -- I'd use this instead tho -- sudo aptitude install konqueror
magez_: :)
n3storm: are you following the howto?
n3storm: :)
n3storm: step by step at the terminal
patrick_: anyone?
selah: What is the advantage of aptitude over apt get?",,,,,,,,,,,,
ubuntu:train:2005-07-25:10:0:15007,train,2005-07-25,question,friend_punith,,,,Smeggy,True,False,,Smeggy: how much space does a standard Ubuntu install use?,"nekohayo: then check the burnt CD?
myz: yes.
Burgundavia: konki, what do you mean?
nekohayo: yeah?
myz: I'm installing on an older system, woudl this have anything to do with it? celeron 667mhz 256mb of ram
nekohayo: myz, do you have a 2nd machine to test on?
nekohayo: that way you would know
konki: Burgundavia, how it looks.. doesn't look anything like bitcomet with all the fancy stuff right...??
nekohayo: brb, apt-get && reboot
Burgundavia: konki, bittorrent is just a protocol. Some apps add all kinds of fancy stuff on
konki: oic... thx1
Smeggy: how much space does a standard Ubuntu install use?",,,,,,,,,,,,
ubuntu:train:2006-07-01:34:0:52227,train,2006-07-01,other,friend_punith,,,,dli,False,False,,"dli: robod, select your session in gdm before login","pppoe_dude: ubotu tell morrolan about ubotu
morrolan: Well, it's a wront bot
dli: robod, run gnome-session-properties and remove your changes
robod: dli: does gnome-session-properties *work* without X?
robod: dli: did you get my question?
dli: robod, you should run gnome-fail-safe
pulver: Kristan_uk2, test with a livecd
robod: dli: i need to *manually* edit the file
robod: aha
robod: dli: how to run gnome-fail-safe?
bimberi: Kristan_uk2: sorry, no yes/no answer to that, you will have to find out if your modem hardware has linux support.  The links to the wiki from earlier will help with that
dli: robod, select your session in gdm before login",,,,,,,,,,,,
ubuntu:train:2007-09-07:60:0:92356,train,2007-09-07,question,friend_punith,,,,CraZy675,True,False,,CraZy675: can you create a mysql database with just one line of shell? if so how?,"nathan: nickrud: ahh there it is thanks (fresh from m$)
zhanx: is there a way to run a command a su or sudo at boot?
ph8: oh man
nathan: Vlet: you too
ph8: it says translucent windows is buggy
ph8: *understatement cough*
usser: stew many package dev sites have rss feeds i suggest u subscribe to that )
Jack_Sparrow: icecruncher: Your own lib's.. as in collection of debs?  sorrry if that is a dumb question
nickrud: nathan: it would be nice to have a central location
Vlet: nathan: but as far as what application is used for streaming, that's set in firefox's preferences
stew: stefg: i'm looking to keep track of a package i'm backporting manually, so update-manager wont work in this case afaik
CraZy675: can you create a mysql database with just one line of shell? if so how?",,,,,,,,,,,,
ubuntu:test:2014-06-18:6:0:10251,test,2014-06-18,other,friend_punith,,,,welly,False,False,,"welly: ActionParsnip, got the following: http://pastie.org/9302249 but mainly ""Roaming not allowed by server"" I suspect is the cause","Jeroen_Mathon: Should not be accesable since it got its own home directory
Jeroen_Mathon: That users home directory got its own configuration of firefox
welly: Hello all, I'm trying to ssh to account@localhost but keep getting roaming now allowed on server error. I've checked and set the permissions for my account user .ssh directory and the files under there (700 for .ssh and 600 for the contained files) but am having no luck. Anyone with any suggestions?
Jeroen_Mathon: So no they do not share bookmarks
ActionParsnip: welly: try:  ssh -vvv account@localhost
boolean: morning .. is iptables a 1st match style firewall?
histo: boolean: 1st match?
ActionParsnip: histo: when a rule is matched, no others are processed
histo: ahh
boolean: ActionParsnip: beat me to it :) thanks
ActionParsnip: boolean: usually traffic will only satisfy one rule, otherwise you should have a deny all rule at the bottom that the rest will hit and be denied
welly: ActionParsnip, got the following: http://pastie.org/9302249 but mainly ""Roaming not allowed by server"" I suspect is the cause",,,,,,,,,,,,
ubuntu:test:2016-06-08:9:0:13902,test,2016-06-08,question,friend_punith,,,,lordcirth,True,False,,"lordcirth: Ctrl-Alt-F2, maybe?","madcatter: !new Kathi Daley - [Zoe Donovan Mystery 11] - Christmas Cozy (epub).rar
ubottu: madcatter: I am only a bot, please don't think I'm intelligent :)
LtL: madcatter: this is not a warez or file-sharing channel
Kimish: Lordcirth: ok the latest (EE) i can see says ""AIGLX: reverting to software rendering""
lordcirth: Kimish, see, that's useful.  Now look at the one before that.  By the way, use '/' to search forwards and '?' to search backwards
KILLME1: I f***ed up pretty bad...I was using dd to write an iso to a usb (the iso was 3.6G) and acciddentaly overwrote my main partition which was dm-luks encrypted. It's still on, I'm currently looking at my xfce desktop but I can't do sh**. How do I either save my OS or export all my important stuff to another storage device??
sruli: i need a some help with a little bash script i have for iptables, the script inserts rules for iptables  V 4 & 6 so i execute 'for V in 4 6; do ip${V}tables' i have a function to remove the  '4' when it populates the rules for iptables v4 ip4tables() {iptables $@} however it doesnt seem to remove the '4' can anyone help me out here please?
sruli: KILLME1: is the machine frozen?
KILLME1: not entirely conky is still running and whisker-menu still works but can't access a file manager
KILLME1: or a terminal
sruli: KILLME1: can u view the files with ls in terminal?
lordcirth: Ctrl-Alt-F2, maybe?",,,,,,,,,,,,
ubuntu:train:2017-03-23:148:0:213544,train,2017-03-23,question,friend_punith,,,,alkisg,True,False,unkek,"alkisg: unkek: if you unplug that one, then does the other one work?","alkisg: linocisco: so basically verify that ccpd is to blame
thyriaen: ChaiTRex, it has to be png format right ? ( *.ico wont work ? )
alkisg: linocisco: yes, but I don't know what to do with the output he asked for
linocisco: alkisg, ok. i will do stopping two as you said
unkek: did not work :c
unkek: I also installed arandr, nothing helps
unkek: it lists only single monitor with a single available resolution
smellsLikeGoatSp: Hi, I recently installed xboxdrv on both my laptop but I cant get the repository grumbel to update. as a result I think I miss xpad or some joystick calibration mapping gtk. this is my error: http://pastebin.com/JwDuzNt9
alkisg: unkek: you have two monitors and only one of them is working? When you are at the login screen, do both of them work?
unkek: no, only single one works
unkek: even at login screen
alkisg: unkek: if you unplug that one, then does the other one work?",,,,,,,,,,,,
ubuntu:train:2007-02-15:52:0:78737,train,2007-02-15,question,friend_punith,,,,blazemonger,True,False,,blazemonger: so you're saying i should go out and buy XP?,"ComradeC: I'm having problems with saving a location in the network settings tab, does anyone know why it wouldn't save a location for me?  Is there a manually way to save them in the console?
soundray: meisam: sec
blazemonger: Advanced at least mandriva and suse work
Kelbizzle: blazemonger, maybe ubuntu isn'ts for you right now....
meisam: soundray sure
newbuntie: how do i install an hp scanner in 6.06?
blazemonger: Kelbizzle: why wouldn't it be for me?
Gon: anyone?
blazemonger: i have the hardware requirements
IanLiu: Anyone could help me? I must upgrade my GLIBC in Dapper, but I don't know how... Any tips?
sigger_: padge: then you are indeed padge.  jeez.  It hasn't hit me yet, but it will
blazemonger: so you're saying i should go out and buy XP?",,,,,,,,,,,,
ubuntu:train:2006-08-15:38:0:57796,train,2006-08-15,addressed_not_question,friend_punith,,,,genpatton7,False,True,tonren,genpatton7: tonren: thanks,"erisco: dougsko, I can't view the log after I shut down either now can I? heh
dougsko: erisco: theres a kernel log too in /var/log
c0rrupt`: o.0
c0rrupt`: why would this shit require old kernel..
dougsko: erisco: i wish i could help you more, but that's really all i got
morphix: c0rrupt`: it doesnt, install linux-restricted-modules-686
pricklysponge: hey
morphix: that should upgrade that package to the latest kernel
Tonren: genpatton7: Hang on, I'm sure there's a way.  Let me google for a sec
anzio_: does anyone know of a good bit torrent program for Ubuntu? or perhaps a website where I can get information on the default Ubuntu bit torrent client?
c0rrupt`: 686?
genpatton7: tonren: thanks",,,,,,,,,,,,
ubuntu:train:2015-12-28:145:0:209564,train,2015-12-28,addressed_not_question,friend_punith,,,,auronandace,False,False,poops,auronandace: poops: 10.10 has long been dead,"AppAraat: bekks: I found this page and it said that I had to configure a DHCP server - https://help.ubuntu.com/community/PXEInstallServer - would this be possible to configure using some kind of a ""master machine"", which has a PXE server and DHCP installed and would then copy the contents of the image to other laptops?
anabain: Does anybody use nfs3 on ubuntu 15.10?
poops: test
poops: hi. I cant seem to be able to upgrade my ubuntu 10.10 server. I get this: http://pastebin.com/ndSbe7CZ
hoglahoo: cfhowlett: thanks for your answer earlier. that solved my issues
BigBaby: hello guys
cfhowlett: hoglahoo, happy@help!
BigBaby: anyone can help me with Kernel Panic, / boot is 100% in use, and i cannot remove files using the Ubuntu Live CD
cfhowlett: happy2help!
BigBaby: thanks cfhowlett
cfhowlett: boot an ubuntu usb, chroot to your system and remove old kernels
auronandace: poops: 10.10 has long been dead",,,,,,,,,,,,
ubuntu:train:2008-05-24:71:0:110434,train,2008-05-24,question,friend_punith,,,,tadzhikaz,True,False,,tadzhikaz: has linux something like debug in windows command prompt?,"odinsbane: obst you don't have to do the /*
obst: odinsbane, thank you very much :D
danbhfive: Jessica954: but if I were to guess, if you have questions like how to configure your mailserver, you will probably have trouble getting help here.  But if you have questions about installing packages, whatever, people will be able to help
toresn: i would like to find every directory that has a word that starts with a lower case ... how can i do this with the find command?
AcornAcorn: micoh, I deleted it by accident :(
jrib: Flynsarmy: I can't help you, if you don't bother to read the information I send you
Jessica954: ok
Jessica954: thanks
micoh: acorn: ohhh.. hmm.. you could try right clicking and then editing the panel
AcornAcorn: micoh, is it in administration?
danbhfive: Jessica954: lol, go by a non-girly name maybe?  There is actually some sort of Ubuntu Women's club somewhere
tadzhikaz: has linux something like debug in windows command prompt?",,,,,,,,,,,,
ubuntu:train:2008-02-14:66:0:101923,train,2008-02-14,question,friend_punith,,,,dr-raku,True,False,,dr-raku: can anybody help me to fix hal-device-manager to get it running again? it gives some messages and dies ( http://pastebin.com/md66f4af ); i'm running gutsy and noticed this behaviour after today's autoupdate,"ikonia: soulc: is the other pc running an ftp daemon ?
tinman: soulc: if you have a shell, scp
ClarkDB9: Hello every body
HEP85: smacky_: what about avidemux?
VOYAGER: drop it in a shared folder
ClarkDB9: I m new and happy to have UBUNTU
prince_jammys: soulc what step is the problem? the screen shot or the ftp?
Indiadev_Techie: ClarkDB9: Hi
soulc: I want to have this automated where a process takes the screen shot then ftp it to the server and yes the server will run ftpd
soulc: screen shot
amenado: kitty_-> do you have w3m  the non graphical  web browser?
dr-raku: can anybody help me to fix hal-device-manager to get it running again? it gives some messages and dies ( http://pastebin.com/md66f4af ); i'm running gutsy and noticed this behaviour after today's autoupdate",,,,,,,,,,,,
ubuntu:train:2013-05-28:119:0:176448,train,2013-05-28,other,friend_punith,,,,ObrienDave,False,False,,ObrienDave: we call it command mode not dos ;D,"blazemore: OK
blazemore: ObrienDave: A better way to phrase my question would be - ""What good alternatives to NetNanny are there for Linux?""
ObrienDave: you're looking at it ;))
blazemore: What do you mean?
dirk: ok sorry guys i just got the system monitor up... what am i doing with it? or should i just reboot?
blazemore: dirk: Just reboot
ObrienDave: dirk, yes. go ahead
ObrienDave: we'll be here
blazemore: dirk: It's what I'd do in that situation and I've been using Linux since 2003
ObrienDave: a logout may not kill the update program
dirk: i'm kinda afraid to reboot it gave me thousands of lines of errors and killing this and that in the dos mode before itfinially started
ObrienDave: we call it command mode not dos ;D",,,,,,,,,,,,
ubuntu:train:2010-10-27:93:0:142045,train,2010-10-27,addressed_not_question,friend_punith,,,,shingen,False,True,arrrghhh,"shingen: arrrghhh: ahh, thanks... forgot","arrrghhh: Draqul, i was just joking... settle down.
Draqul: arrrghhh, arch_is_awesome: as long as arch_is_awesome is not trolling or bashing Ubuntu, etc. he is fine here. =)
sympt0m: does anyone know about ettercap?
shingen: are all .04 versions LTS?
shingen: e.g., 10.04, 9.04, 8.04.... and 11.04?
aguitel: shingen, no
arch_is_awesome: Hmmm... maybe I should use a Nick that won't give away my linux usage
canthus13: sympt0m: A little. I used to know one of the devs.
arrrghhh: shingen, nope.  every 2 years.
aguitel: shingen, 8.04 ,10.04 12.04
arrrghhh: shingen, so 6.06, 8.04, 10.04
shingen: arrrghhh: ahh, thanks... forgot",,,,,,,,,,,,
ubuntu:train:2011-02-13:94:0:144317,train,2011-02-13,other,friend_punith,,,,Da|Mummy,False,False,,Da|Mummy: MEXICO,"kenapa: CANADA!
kenapa: CANADA! CANADA!
kenapa: CANADA! CANADA! CANADA!
kenapa: CANADA! CANADA! CANADA! CANADA!
FloodBot1: kenapa: Please don't flood; use http://paste.ubuntu.com to paste; don't use Enter as punctuation.
mopeyennui: Apologies.
mopeyennui: *ducks*
KatronixSerf: Dr_Willis, is there a walk through for that?
KB1JWQ: kenapa: That's about enough.
Dr_Willis: KatronixSerf:  sudo apt-get remove whateverpackagename
kenapa: CANADA!
Da|Mummy: MEXICO",,,,,,,,,,,,
ubuntu:train:2006-08-06:35:0:52540,train,2006-08-06,addressed_not_question,friend_punith,,,,sparkleytone,False,False,eternaljoy,"sparkleytone: eternaljoy: you've received more than enough help.  go help yourself, as we have given you all the tools you need.","nu: qwerty2k: cool. when i play, i play as a little dash: -
jon_: is mldonkey good?
sparkleytone: eleazar123: you can probably press f12 or something on boot to choose the boot device
qwerty2k: nu,  :)
sparkleytone: eleazar123: in your bios
starscream[2] : Jack_Sparrow, yes XP is on hda2
nu: brb. installing nvidia driver
eleazar123: sparkleytone, ohh i see what you mean, yeah it's defaulted to boot to sdc
Mora: Does anyone know if /var must reside on a root partition? I have it moved on to another one, and it seems that bootup scripts try mounting /var/run before /var is mounted
eleazar123: sparkleytone, it's still giving the same error :( thanks for your help, unfortunately i have to go now, i'll be back later to try and fix it more :)
Jack_Sparrow: starscream[2] : I would try super grub, but XP is rather fussy...
sparkleytone: eternaljoy: you've received more than enough help.  go help yourself, as we have given you all the tools you need.",,,,,,,,,,,,
ubuntu:validation:2009-02-23:4:0:5499,validation,2009-02-23,other,friend_punith,,,,kizza,False,False,,kizza: yeah,"kizza:  The radeon driver supports Compiz out-of-the-box but because of a nasty bug
Incarus: eepberries, k
MrGoodkat_: ahh eepberries i know what you mean
Daft_Punk: STOP FLOODING
kizza:  in the driver that causes X to freeze on some cards, this particular
kizza:  combination had to be blacklisted in Ubuntu ""Hardy Heron"".
Incarus: kizza
kizza:  In case you already used Compiz successfully on Ubuntu 7.10 (Gutsy), it is
kizza:  safe to skip the blacklist.
Incarus: kizza, stop it
kizza: Do you want to skip blacklist checks by Compiz? (y/N)
kizza: yeah",,,,,,,,,,,,
ubuntu:test:2007-12-01:2:0:4350,test,2007-12-01,other,friend_punith,,,,danbhfive,False,False,,danbhfive: Chronosphear look under Installed (local or obsolete),"Chronosphear: how do i get a list of packages that don't have a valid source?
ztomic: 11) I work in Windows.
vee_: danbhfive i said yes to both
Baumer: If i get the error ""Could not initialize graphics system.  Make sure that your video card and driver are compatible with direct draw""  Whwat should I be looking at?
vee_: danbhfive dioes that mena they are formatted?
kitche: ztomic: do you like spamming?
Viper: r00t: One sec, I'll get the model#
danbhfive: vee_ i dont know
danbhfive: vee_ its graphical isnt it?  if it says ""free space"" then its not formated
r00tintheb0x: ok Viper
ztomic: kitche: proving a point... 12) I like to prove my point.
danbhfive: Chronosphear look under Installed (local or obsolete)",,,,,,,,,,,,
ubuntu:train:2012-02-03:104:0:158431,train,2012-02-03,addressed_not_question,friend_punith,,,,ActionParsnip,False,False,sklo,ActionParsnip: sklo: can you give the output of: sudo apt-get update    use a pastebin,"tigrang: ^ touchpad
Oer: FreeSunRide, wrong channel, this is Ubuntu support.
GiB_: How do I restore my computer to its out of the box state?
zykotick9: GiB_: reinstall
webnet: GiB_, reinstall
LjL: FreeSunRide: that's offtopic for this channel, and probably for this whole network.
webnet: zykotick9, haha beat me to it :P
ActionParsnip: GiB_: could rename the hidden folders in $HOME
sklo: question: am using SSH via putty to get to my ""server"" but only think i cant do ise use apt-get. When it asks me to install, am soposed to choose ""Y"" or ""n"", what ever i do it says ""interrupted""
FreeSunRide: Anyone that can help me for a bonus $
oCean: FreeSunRide: please drop that discussion
ActionParsnip: sklo: can you give the output of: sudo apt-get update    use a pastebin",,,,,,,,,,,,
ubuntu:train:2006-05-27:27:0:40503,train,2006-05-27,other,friend_punith,,,,Remy_,False,False,,Remy_: look at that !,"sybariten: blue-frog: i think i already have done that ...?  does synaptic need a go signal after ive done that ?
sybariten: ive added backports, i believe
Ng: redloff_: send USER yourusername
Ng: redloff_: then hit enter and send PASS yourpassword and hit enter
Ng: redloff_: it will either say +OK or -ERR
Remy_: bimberi - I installed cowsay, how do I access it >
Remy_: ?
ubuntu: amphi hi
dagoberto: Hi
hexidigital_: Remy_: did you try typing cowsay in terminal?
Remy_: nope
Remy_: look at that !",,,,,,,,,,,,
ubuntu:train:2006-02-24:22:0:33426,train,2006-02-24,other,friend_punith,,,,graveson,False,False,,graveson: fangorius : control-alt-f1 works,"ChunkAhoy: thank you for your help
fangorious: OmegaAlpha: advanced linux sound architecture
graveson: fangorius : i can boot into recocery mode and get a prompt ,let me try control-alt-f1
fangorious: graveson: i'm just wondering if there's something about the particular user account, since reconfiguring X didn't help you.
OmegaAlpha: fangorious, is that to add higher quality sounds or just a package of new ones?
graveson: fangorius : what is the default root password.when i installed ,i was not asked what the root passord would be .The reason being maybe i should create another user or login as root and see if that works
ablomen: graveson: same as your first user account
Madpilot: !tell graveson about sudo
fangorious: OmegaAlpha: it's the code in the kernel that interfaces with the sound hardware
dr-slizer: graveson: There is no root password, use sudo. If you want to set a root password, run sudo passwd
Corsair: how do i make it so I can write to the samba share
graveson: fangorius : control-alt-f1 works",,,,,,,,,,,,
ubuntu:train:2011-08-22:101:0:153252,train,2011-08-22,addressed_not_question,friend_punith,,,,ActionParsnip,False,False,LABcrab,ActionParsnip: LABcrab: so that you know the file you have is complete and consistent,"overclucker: the aspect ratio 16:9 = 1280x720
LABcrab: Hello everyone!  i can't boot from a real CD.  Can i boot from an ISO using GRUB2 instead?  Please let me know.
alks: Hello
ActionParsnip: LABcrab: yes you can. Did you MD5 test the ISO you downloaded?
branant: Pici (japan), You need to learn the basics of Linux/Unix before abusing dead birds.
LABcrab: ActionParsnip: Pretty sure.
LABcrab: ActionParsnip: To double check, how is it done?
ActionParsnip: LABcrab: you either did or didn't, it's a concious process
ActionParsnip: !md5 | LABcrab
ubottu: LABcrab: To verify your Ubuntu ISO image (or other files for which an MD5 checksum is provided), see http://help.ubuntu.com/community/HowToMD5SUM or http://www.linuxquestions.org/linux/answers/LQ_ISO/Checking_the_md5sum_in_Windows
LABcrab: ActionParsnip: Why do people do this?
ActionParsnip: LABcrab: so that you know the file you have is complete and consistent",,,,,,,,,,,,
ubuntu:train:2007-08-19:57:0:87829,train,2007-08-19,other,friend_punith,,,,x-code,False,False,,x-code: i have screen name,"x-code: please
IndyGunFreak: firebird619: only one i know of, is cd-circleprint  it should be in the repos, and of course, you need to configure your printer to get it to work.
x-code: lol
PriceChild: x-code, for all you know, I will crack your machine and take control of it.
PriceChild: x-code, now what are you confused about?
acke: bruenig: how do i make media/sda7/temp read and writable?
firebird619: IndyGunFreak: Great, thanks. I'll check it out.
onexused: Lately when I plug any usb thumb drive into any usb port on my computer, it mounts, but almost immediately unmounts again.  There's nothing in /dev for the drive anymore, either.  What can I so to get it to work again?
bruenig: acke, what is the fiileystem of that drive?
x-code: i dont have domian name on the window or username
acke: bruenig: ext2
x-code: i have screen name",,,,,,,,,,,,
ubuntu:validation:2011-05-29:7:0:9454,validation,2011-05-29,addressed_not_question,friend_punith,,,,rww,False,False,Phoebus,rww: Phoebus: try #ubuntu-offtopic; #ubuntu is just for Ubuntu technical support,"jongbergs: Skunkwaffle: Congratulations! you did it!
Skunkwaffle: yeah I guess so. Thanks for helping me
Skaperen: Mjuksel: if you did make;make install then you would also have source ... still have that?  back it up, too
jongbergs: Skunkwaffle: It's my pleasure :)
Skaperen: Mjuksel: best to redo the make+make install ... for practice
Skaperen: Mjuksel: keep good notes on what you do, and install decisions you make ... handy for redo
pozic: How can I see what F9 is bound to?
tosh: ls
tosh: ciao
Phoebus: Greek demonstration: http://www.star.gr/ellada_kosmos/93174#sx - anyone have streams from other demos around Europe?
tosh: need help: n900 not connect, driver ok, ubuntu 11 natty. (no problem with previous realese)
rww: Phoebus: try #ubuntu-offtopic; #ubuntu is just for Ubuntu technical support",,,,,,,,,,,,
ubuntu:train:2011-04-28:99:0:151456,train,2011-04-28,question,friend_punith,,,,DamienCassou,True,False,ManDay,DamienCassou: ManDay: what is VCS ?,"DamienCassou: ManDay: http://cdimage.ubuntu.com/daily/current/?C=N;O=A
guest345345: just the daily build on CD
vadviktor: it'll be that one and upgraded as needed if the images won't come out untill then :)
mick_laptop: anyone know how to tell casper to start an app on start?
ManDay: from vcs ?
JR0cket1: There havent been many updates in the last 24 hours - only the timezone package - so I guess I am now running 11.04
DamienCassou: ManDay: latest daily are iso files that are created every day
ManDay: DamienCassou: from vcs?
mick_laptop: i tried a few things like an entry in .xsessionrc in /etc/skel
guest345345: Yeah from VCS
mick_laptop: so far nothing :(
DamienCassou: ManDay: what is VCS ?",,,,,,,,,,,,
ubuntu:train:2010-08-29:91:0:139179,train,2010-08-29,addressed_not_question,friend_punith,,,,jrib,False,False,jamie_,jrib: jamie_: best to just ask the channel your actual question (on a single line),"Note-book: sebsebseb, apply a skin to the inside, like around the kayboard
ilovefairuz: raven: as in increasing the partition size? use the ""parted magic"" livecd to resize your partitions
edbian: cortom63, Are you running raid or something?
sebsebseb: Note-book: not quite sure what you mean, but since your on about hardware go to ##hardware and ask
edbian: cortom63, Are these hdds all sata?
cortom63: sata ll no raid
cortom63: yes
k08r4: #join ubuntu-rs
edbian: cortom63, Try booting with only the windows hdd in.
jamie_: Anyone to help with conky?
hellboy316: ubuntu rocks
jrib: jamie_: best to just ask the channel your actual question (on a single line)",,,,,,,,,,,,
ubuntu:train:2008-02-14:66:0:101660,train,2008-02-14,addressed_not_question,friend_punith,,,,rvalles,False,False,amenado,rvalles: amenado: manpage for interfaces doesn't have anything wireless-related on it,"amenado: acrimo  System->administration->screen and display
ikonia: neverblue: we don't need to know that, please disable that plugin
amenado: acrimo  System->administration->screen and graphics*
ikonia: oops
fatereconciled: whites: your card is probably blacklisted like most Intel
rvalles: amenado: I'm trying to figure out its syntax to no avail, tho
ikonia: nerdsquad3210 we don't need to know that, please disable that plugin
frijolie: whites: i've heard that x-fi isnt supported
bazhang: frijolie: that is really up to you beyond the bare minimum
macogw: nerdsquad3210: amenado was talking to you
amenado: rvalles have you googled for it yet?
rvalles: amenado: manpage for interfaces doesn't have anything wireless-related on it",,,,,,,,,,,,
ubuntu:train:2007-08-19:57:0:88636,train,2007-08-19,addressed_not_question,friend_punith,,,,kmak,False,False,richard,"kmak: richard: haha, you're funny","GigaClon: assuming you just open a window
Optimus55: ah Thanks!
richard: is there a irc channel i can go to find out how to run dashboard on ubuntu
RancidLM: revilodraw: err yes
PriceChild: richard, and dashboard is?
SmashCat: Looks like 7.04 breaks the nvidia modules for the 6 series and above. They could at least warn people that if they upgrade to 7.04 they'll have to use the command line on their 500 dollar cards ;-)
richard: apple dashboard, you know, the widget engine on mac os x
xbooze: hi all
revilodraw: rancid: so gnome system monitor only shows one cpu in use?
PriceChild: richard, never heard of it.... maybe because its for osx and not ubuntu?
Dr_Link: does TASM come with the development essential package in Ubuntu?
kmak: richard: haha, you're funny",,,,,,,,,,,,
ubuntu:train:2015-09-25:141:0:205217,train,2015-09-25,addressed_not_question,friend_punith,,,,nicomachus,False,False,xela2244,nicomachus: xela2244: there is nothing we can do for you.,"cfhowlett: xela2244, only one. Ask APPLE not ubuntu
crayolarx: albert: so you only have issues with restarting?
xela2244: i tried using idevicerestore
albert: i dont understand nothing........ now is working well in anyway....
cfhowlett: xela2244, you are in the wrong channel.  we can't help you. ask apple
xela2244: well, does someone know how to install idevicerestore?
albert: crayolarx: restarting runs correctly since the first moment, the problem was when i choose 'shutdown' option (Apagar in spanish)
cfhowlett: xela2244, you are trolling us, right?  ha ha not funny.  go to apple.
xela2244: apple tells me that i need icloud password
albert: lol
cfhowlett: and now you are ignored.  later
nicomachus: xela2244: there is nothing we can do for you.",,,,,,,,,,,,
ubuntu:test:2014-06-18:6:0:9573,test,2014-06-18,question,friend_punith,,,,fralle__,True,False,,"fralle__: somebody knows what to do when autotools configure hangs on ""checking for tputs in -lncurses""? (ubuntu 13.10)","arog: what do you mean
mxvxrts: arog, It is not crazy it is the way it is look it up.
arog: got a link?
arog: im not sure what to search for
mxvxrts: arog, The difference is 1000MB for a gig and 1024 for a gig if I have the numbers correct.
Ben64: arog: by default 5% of a filesystem is reserved for root, 5% of 909G is 45.45G, 45.45+15+848=908.45
Ben64: mxvxrts: thats not the issue here
mxvxrts: Ben64, May not be, however this is true.
Ben64: right, but irrelevant to the current topic
mxvxrts: Ben64, You have not confirmed that well enough to talk that way to me to be honest or at any time. ;)
arog: oh i see Ben64
fralle__: somebody knows what to do when autotools configure hangs on ""checking for tputs in -lncurses""? (ubuntu 13.10)",,,,,,,,,,,,
ubuntu:validation:2016-12-19:9:0:11276,validation,2016-12-19,addressed_not_question,friend_punith,,,,Bashing-om,False,False,joshua__,Bashing-om: joshua__: Boot speed analsys : http://www.dedoimedo.com/computers/systemd-blame.html tutorial .,"ziggi: how to instal adobe flash player to firefox   linux mint?
joshua__: go to addons
joshua__: search for flash
joshua__: hy
joshua__: any 1
Bashing-om: !mint | ziggi
ubottu: ziggi: Linux Mint is not a supported derivative of Ubuntu. Please seek support in #linuxmint-help on irc.spotchat.org
ziggi: ah ok  ))  its new version update
joshua__: how to increase boot speed
darkblue: joshua__, the best way is do not shut your system down...
joshua__: dark blue but i m using laptop
Bashing-om: joshua__: Boot speed analsys : http://www.dedoimedo.com/computers/systemd-blame.html tutorial .",,,,,,,,,,,,
ubuntu:test:2016-02-22:8:0:12241,test,2016-02-22,other,friend_punith,,,,purity^,False,False,,purity^: if you installed it by the package manager you should have an icon tough,"Guest55322: use this link :http://askubuntu.com/questions/48405/hows-to-set-skype-shortcut-for-opening-existing-instance
Guest55322: or this video https://www.google.com/url?sa=t&rct=j&q=&esrc=s&source=web&cd=1&cad=rja&uact=8&ved=0ahUKEwjQ87Xtj4vLAhWBvxoKHQObDnQQtwIIHDAA&url=https%3A%2F%2Fwww.youtube.com%2Fwatch%3Fv%3DiCTFJcv3Tww&usg=AFQjCNEptN7_2LOUiHp8_-c8ss2aOFkiLg&sig2=k0iQFbIcAx45stHVmY11kg&bvm=bv.114733917,d.d2s
phablet: hi everyone!!
Guest55322: hi
jonsaint: why is it when i close terminal skype closes??
Guest55322: use the video which i send
jonsaint: anyone???
EriC^^: jonsaint: what's the problem?
purity^: jonsaint, did you start skype from the terminal?
jonsaint: im new to ubuntu, only installed yeterday and ive installed skype but when i go in terminal it opens but when i close terminal it closes it and im unable to find any programme icon for me to add to my desktop. sorry been lazy many years on windows lol
purity^: jonsaint, hmm, how did you install skype? If you start skype from the terminal and then close the terminal, it will also close skype
purity^: if you installed it by the package manager you should have an icon tough",,,,,,,,,,,,
ubuntu:train:2006-08-06:35:0:53309,train,2006-08-06,addressed_not_question,friend_punith,,,,minimec,False,False,Silenti-Ambulo,minimec: Silenti-Ambulo: ... watching TV on the second screen ;),"Silenti-Ambulo: LOL I'm not a quiter and I'm eager to learn..... but if you screwed up to much, it's best to start over..... Minimec
minimec: Silenti-Ambulo: So start with a new clean dapper install ;)
Nutubuntu: Trying to play a DVD - can anyone help me out here? I borrowed a DVD from the library and am trying to play it. Get an error: ""The source seems encrypted, and can't be read. Are you trying to play an encrypted DVD without libdvdcss?"" I have installed libdvdcss per instructions at https://help.ubuntu.com/community/RestrictedFormats ... how do I figure out the problem, pls?
Silenti-Ambulo: I am, first thing in the morning....
Silenti-Ambulo: I got the Ethernet Nic working tough :P so I learned at least something
nu__: Silenti-Ambulo: are you having trouble with wireless?
minimec: Silenti-Ambulo: Good luck. If you're dooing this during the Formula1 Race, I might be online ;)
FuriousRage: how can i enable my mouse wheel click as double click? in xchat its paste and nothing in firefox ect.
zeeeee: anybody?
Silenti-Ambulo: LOL I cheeck the tv-schedule :P
nu__: zeeeee: what did you ask? i missed it
minimec: Silenti-Ambulo: ... watching TV on the second screen ;)",,,,,,,,,,,,
ubuntu:train:2018-02-27:152:0:219831,train,2018-02-27,other,friend_punith,,,,mail-man,False,False,,"mail-man: DiecastMessiah, I am currently using LXDE, the system seems relatively snappy","joufflu: oops 17.04
joufflu: ^correction
cfhowlett: dead.  end of life.  no longer supported
cfhowlett: !eol | joufflu
ubottu: joufflu: End-Of-Life is the time when security updates and support for an Ubuntu release stop, see https://wiki.ubuntu.com/Releases for more information. Looking to upgrade from an EOL release? See https://help.ubuntu.com/community/EOLUpgrades
joufflu: thank you
cfhowlett: happy2help!
mail-man: I'm trying to repurpose an old MacMini G4 (1.4GHz CPU, Radeon 9200 32MB VRAM) computer with Ubuntu 14.04 PPC, but I'm having a lot of issues with choppy video reproduction on browsers like midori, firefox, etc. Video reproduction using VLC/Mplayer2 works fine though. What could be causing this?
mail-man: err, I meant video playback.
DiecastMessiah: I think you may want to use xfce desktop env .. unity would be a bit much for that system
DiecastMessiah: too much**
mail-man: DiecastMessiah, I am currently using LXDE, the system seems relatively snappy",,,,,,,,,,,,
ubuntu:train:2008-04-20:68:0:104957,train,2008-04-20,question,friend_punith,,,,dude_,True,False,,"dude_: arvind_khadri, how do I mount it?  just restarting the machine?","VoidedCheck: unace?
dude_: arvind_khadri, wait!  is there a command I'm supposed to use to make it save changes?
AnRkey: rewati, have you tried login in as a normal user?
VoidedCheck: sudo apt-get unace-nonfree
arvind_khadri: dude_: nope jus mount the root partition once
unique: ok so i type cd /root it says im in root but when i run m-a prepare it says im not in root cannot continue
Lectrick: what is the name of the ubuntu version that was kinda tailored for music recording purposes?
VoidedCheck: if you have the repositories enabled
Starnestommy: unique: type 'cd /'
AnRkey: rewati, I have just checked and the log file is /var/log/vsftp.log on ubuntu 7.10 server
mosno: Lectrick, Ubuntu Studio
dude_: arvind_khadri, how do I mount it?  just restarting the machine?",,,,,,,,,,,,
ubuntu:test:2007-01-11:1:0:2495,test,2007-01-11,other,friend_punith,,,,un_operateur,False,False,,"un_operateur: jordo23, stop what you are doing , use this wiki and continue on from #8","un_operateur: Enverex, you need linux-headers for your current kernel
Enverex: un_operateur, They are installed according to apt-get
un_operateur: jordo23, ok, why are you doing that?
fabio__|: Jowi: i did ""sudo fdisk /dev/sd[a,b,c,d] "" but no success..
un_operateur: fabio__|, what are you trying to do?
fabio__|: Jowi: i think that that raid1/scsi disks are no mapped to any /dev/..
jordo23: un_operateur: Third line in the second box on the wiki.....tells you to run dpkg-reconfigure passwd
christopher_l: Hello all, my new keyboard won't work, here's some information: http://pastie.caboo.se/32556. Someone?
jordo23: un_operateur: puts you back in chroot before that
fabio__|: un_operateur: i am trying to mount a couple of scsi/raid1, my lspci is this: http://paste.ubuntu-nl.org/1143/
un_operateur: jordo23, err, sorry, didnt you get my latter post asking to use this wiki instead - http://process-of-elimination.net/wiki/Ubuntu_32bit_CHROOT_for_AMD64
un_operateur: jordo23, stop what you are doing , use this wiki and continue on from #8",,,,,,,,,,,,
ubuntu:train:2015-11-26:144:0:208179,train,2015-11-26,addressed_not_question,friend_punith,,,,lotuspsychje,False,False,d21anthony,"lotuspsychje: d21anthony: going back to an earlier date, means also back to older updates","mib_mib: SeriouslyLaugh: what is the responsibilities of the network-manager service?
SeriouslyLaugh: sudo service network-manager start will start the network-manager service
cfhowlett: someone somewhere yes, probably.  ask a more focused question, Spethus
d21anthony: is there an easy way to do a snap shot of my system so I can install it on my laptop?
SeriouslyLaugh: mib_mib https://help.ubuntu.com/community/NetworkManager
lotuspsychje: !backup | d21anthony
ubottu: d21anthony: There are many ways to back your system up. Here's a few: https://help.ubuntu.com/community/BackupYourSystem , https://help.ubuntu.com/community/DuplicityBackupHowto , https://wiki.ubuntu.com/HomeUserBackup , https://help.ubuntu.com/community/MondoMindi - See also !sbackup and !cloning
d21anthony: When I say system I mean all my goodies - installed packages, settings, etc
Spethus: im new to linux and would like to swap from windows , is it easy to get rift to run in linux'
mib_mib: SeriouslyLaugh: hmm okay - well, i am using ubuntu server version, no UI
lotuspsychje: d21anthony: its more interesting to backup your favorite packages with aptoncd, and keep your system up to date
lotuspsychje: d21anthony: going back to an earlier date, means also back to older updates",,,,,,,,,,,,
ubuntu:train:2017-03-02:147:0:211786,train,2017-03-02,question,friend_punith,,,,tesla__,True,False,,tesla__: Why linux?,"jiejweejwe: Bashim-om when trying to install, it says what the pastebin link says
Bashing-om: jiejweejwe: Sorry - not - I have no VPN current experience - I do not know how networking is set up .
Herdo: Does #ubuntu-beginners still exist?
Bashing-om: Herdo: Here works for all levels of experience :)
Herdo: Bashing-om ok thanks
tesla__: Someone can help me? hahah
Bashing-om: Herdo: Just ask .. or lurk and see what you pick up .
tesla__: i feel a little weird using this
tesla__: just how i can use this irc
Bashing-om: tesla__: Just ask a question that is topical for the channel .. some one will answer .
Epx998: if I add a driver to my initrd.gz for a kickstart, is there a way to verify the module was loaded?
tesla__: Why linux?",,,,,,,,,,,,
ubuntu:train:2006-05-15:26:0:38317,train,2006-05-15,other,friend_punith,,,,whiter,False,False,,whiter: the actual executable name...,"Austin_powers: PEER!!!!!
eliyahu: nope, because I added LDAP to PAM, I was supposed to also add deny to he end of the chain....  what is curious/interesting is why ssh/su/gdm etc. are not also hit by the lack of that setting
Austin_powers: i ned instructions
Austin_powers: need*
cge: Austin_powers: for what?
_jason: the man page for wget (specifically options -A and -R) refers to ``@pxref{Types of Files}''  What does that mean?  Where can I find that?
kbrooks: !ubotu
ubotu: Yep, that's me! I'm a bot alright. Read http://wiki.ubuntu.com/UbotuUsage to find out how to use me. Do NOT play with me in any channel except #debian-bots.
whiter: how can i find out what program is controlling a window
whiter: like i want to know what program it is
Austin_powers: i have three options
whiter: the actual executable name...",,,,,,,,,,,,
ubuntu:train:2007-01-21:48:0:73668,train,2007-01-21,question,friend_punith,,,,linux_user400354,True,False,,"linux_user400354: when i get to the gdm login screen after installing the nvidia driver, i cant see the whole screen at once. if i move my mouse to one of the edges, then the screen will move in that direction. if i move my mouse to the top for example, the screen will scroll up and then i cant see the options button at the bottom anymore. does anyone else have that problem? it is similar to playing a game when the game when the resolution does not","kiamo: when i try to install mplayer from the addremove bit it says :cannot install ""mplayer"" this application conficts with other installed software. to install mplayer the conflicting software must be removed.  Switch to the advanced more to resolve this conflict
kiamo: wow
gmoore: or rather it tells me ""No root filesystem"". what am i missing?
tainted_: how do i tell how much ram i have?
ardchoille42: LockNinja, Not only will I never visit your channel, I added you to my ignore list.. STOP SPAMMING!
kiamo: way to make me NOT want to join LockNinjas channel...
tainted_: and how it's physically configured from terminal?
taosaur: zoli2k I'll check that out, tyvm
zoli2k: gnufied, after logout , login  it will work
remyforbes777: tainted_, free
kitche: ardchoille42: he got banned
linux_user400354: when i get to the gdm login screen after installing the nvidia driver, i cant see the whole screen at once. if i move my mouse to one of the edges, then the screen will move in that direction. if i move my mouse to the top for example, the screen will scroll up and then i cant see the options button at the bottom anymore. does anyone else have that problem? it is similar to playing a game when the game when the resolution does not",,,,,,,,,,,,
ubuntu:train:2011-03-18:96:0:147280,train,2011-03-18,other,friend_punith,,,,Dave105,False,False,,Dave105: david@david-desktop:~$ tail /var/log/messages,"inveratulo: Dave105: you may want to look into ndiswrapper
Laurenceb_: bash: ./build.sh: /bin/bash^M: bad interpreter: No such file or directory
Dave105: its a belkin f5d8053. and btw i did look into ndiswrapper and it appears on the network list but it says its disconnected! i dont understand
j_ayen_green: no one has heard of this... the system being pegged for hours after disk being pegged, with no apparent reason?  it's killing me...never know when I'll have to kill it and lose what I'd had open
bazhang: http://samiux.blogspot.com/2010/05/howto-realtek-8192su-usb-dongle.html Dave105
inveratulo: Dave105: maybe tail your /var/log/messages to make sure it is being recognized when plugged in?
overclucker: Laurenceb_: ^M is a bad character.
Laurenceb_: hmm odd
overclucker: Laurenceb_: are you using a windows editor on the script?
Laurenceb_: no, but its from a windows system
Dave105: inveratulo:
Dave105: david@david-desktop:~$ tail /var/log/messages",,,,,,,,,,,,
ubuntu:train:2006-08-15:38:0:58337,train,2006-08-15,question,friend_punith,,,,morphix,True,False,tyler_d,morphix: tyler_d: what video card??,"playtime3: hi i want to install a antivirus program, from synaptic. Which one is good?
phx198: playtime3: clamAV
jbroome_: f-prot and clamav are nice
ardchoille: clamav
Madpilot: davidrincon2006, there's about 18,000 programs in Ubuntu's repositories, that'll keep you busy for a while
davidrincon2006: is there any programs that can improve performance?
davidrincon2006: of ubuntu
ardchoille: Madpilot: lol
tyler_d: anyone know how to get dual monitors working?
ubuntu_realuser: i cant mount it there either
scrappy_: i never had virus problems when i used windows cant imagine with linux
morphix: tyler_d: what video card??",,,,,,,,,,,,
ubuntu:train:2008-04-27:69:0:107295,train,2008-04-27,question,friend_punith,,,,sls,True,False,,sls: is there a program that actually will sync movies to my ipod in linux?,"parkar86: ?
nickrud: B166erx one of the 'bugs', use sudo blkid (it changed)
EddieDied: anyone?
mouseclone: B166erx: df in console you should be able to see the /dev/sda1
zeeeee: hi, after upgrading from 7.10 to 8.04, typing in filenames doesn't take me to the file anymore in nautilus or the open file dialog... did this get disabled? can i enable it?
Jarryd: hey
Arelis: ceil420: well most of those themes.. i don't like 'em
LSG: ceil420 Maybe Arelis just likes how Vista looks like?
nks_: so there a link for me to test the experimental ?
Arelis: ceil420: i mean, the most on the frontpage (highest rating)
Tjh__: dupin: i burnt it at 10 do i need lower?
sls: is there a program that actually will sync movies to my ipod in linux?",,,,,,,,,,,,
ubuntu:train:2006-05-27:27:0:40678,train,2006-05-27,question,friend_punith,,,,Alth,True,False,,"Alth: spikeb, does it make a difference?","Jimmey__: Ng, thanks :)
ubuntu: Ng: yep your so correct good on you thanks but if i tell you my ubuntu problem / well thats an panic-kernel situation
DJ_Danni: Hey DBO HELP
DBO: hi DJ_Danni
ubuntu: DBO: hi
Alth: Quick question...I'm about to install Ubuntu on my desktop box, should I put it on my primary harddrive with Windows, or my secondary hard drive? They're both the same size and speed.
DBO: uh oh...
DJ_Danni: Hey what was the othere channel agen?
spikeb: Alth: you can go ahead and put it on the secondary drive
ubuntu: DBO; reinstalled the kernel image like you said today
DBO: ubuntu, cool =)
Alth: spikeb, does it make a difference?",,,,,,,,,,,,
ubuntu:train:2011-08-17:100:0:152757,train,2011-08-17,other,friend_punith,,,,filsuf,False,False,,filsuf: same shit,"bazhang: rethus1, gparted live cd
rethus1: it's a usb-hdd
gskelling: fdisk!
livingdaylight: gskellig, do you have to create a username or just the password (its what it seems) and there seems to be a default /var/music path set. But I change that to /home/username/Music ?
urlin2u: HSarena, this is where I can't really help, so we are farther along though as far as important info others would probably need to help.
Axlin: filsuf: Should be ctrl-shift-pgup/pgdown
rethus1: fdisk only change partition-table... seems nbot to erase all given data on it
bazhang: rethus1, its  a 60mb iso
filsuf: Axlin: doesnt work
Axlin: filsuf: Er, without shift, rather.
filsuf: it used to work though
filsuf: same shit",,,,,,,,,,,,
ubuntu:train:2008-04-30:70:0:108624,train,2008-04-30,other,friend_punith,,,,RedScare,False,False,,RedScare: what a pain that must be harry,"RedScare: hm
dfranke: astro76: ah, now it's working.  Guess the server was just down.
astro76: HermanChess: lshw, lspci, lsusb
harry_: so now, i removed the ifupdown rule again
pawan: where to get easybcd
harry_: and manually do a /etc/init.d/network restart
RedScare: BCD Easy
harry_: and it connects
RedScare: free download
ferronica: hi all
RedScare: google
RedScare: what a pain that must be harry",,,,,,,,,,,,
ubuntu:validation:2009-10-01:6:0:8259,validation,2009-10-01,question,friend_punith,,,,elad,True,False,,elad: How do I upgrade to 9.10? Is it out of beta yet? It /is/ October....,"elad: 180.44
sipior: _lover_: why tell us?
golem_: _lover_ don't you threaten us
thiebaude: elad, i have the same driver and no problems, even with compiz,etc
_lover_: guys my mind is blasting now
thiebaude: elad, my bad i have 185 in 9.10
pshr_: sipior, Dude!! come on it scrolls up , what may be 50 lines up in my terminal and you expect me to search instead of whining
_lover_: the better one is puppylinux which i am logging through
sipior: pshr_: omg! you have to read and stuff!
_lover_: its give my pupdial-up
pshr_: ah! great so i am digging in
elad: How do I upgrade to 9.10? Is it out of beta yet? It /is/ October....",,,,,,,,,,,,
ubuntu:train:2009-01-05:75:0:115776,train,2009-01-05,addressed_not_question,friend_punith,,,,chrislees,False,False,xfm_,"chrislees: xfm_: Keeping an eye on the terminal output might yield some clues, if pulseaudio is the problem","raylu: Don_Miguel: sudo aptitude safe-upgrade
fuctfly: no luck still
xfm_: chrislees: The problem is still there. How could I monitor pulseaudio? Perhaps launch it from a term? But I can't if pulsaudio relaunches automatically
* raylu just tried to tab-complete aptitude in irssi
fuctfly: i will read that link
faileas: raylu: it happens ;p
fuctfly: brb
raylu: fuctfly: build-dep gets the build dependencies
Don_Miguel: raylu, OK   in progress    sudo aptitude safe-upgrade
tripchronic: chkrootkit just gave me ""eth0: PACKET SNIFFER(/sbin/dhclient3[6073])""  should i be worried?
Mayank: how i do 1024x768 my permanent resolution?
chrislees: xfm_: Keeping an eye on the terminal output might yield some clues, if pulseaudio is the problem",,,,,,,,,,,,
ubuntu:train:2015-10-14:142:0:206441,train,2015-10-14,question,friend_punith,,,,cobradabest,True,False,,cobradabest: What do i do?!,"cobradabest: Can someone help me? Cinnamon has started to only run in software rendering mode...
dp: With an /etc/sudoers like http://paste.linux.chat/view/bdbcb4a3, with the ""glens"" user not in the admin or sudo groups, is there a reason why ""service php5-fpm restart"" still requires a password? I've tried changing the order for that users sudo lines, but it doesn't seem to matter.
bazhang: cobradabest, mint?
sortkwik: EriC^^: kern.log, kern.log.1 and 3 .gz's
cobradabest: bazhang: Actually, it's Ubuntu Studio, but their chat is seems deserted...
ubuntu923: now with 15.04 version is little diferent
nishikino-maki: Ubuntu Distribution it's like explosion,one by one ""UD"" linux created <like kubuntu(Actually just change the desktop to KDE) Lubuntu(change the desktop to LXDE) elementary OS(MAC theme OS)>
erkburgles: While I'm here, why is there still a Kubuntu graphic upon startup if I don't have it installed?
sortkwik: EriC^^: Going to initiate another shutdown so I can get the logs.
ubuntu923: new error is: BusyBox v1.22.1 (Ubuntu 1:1.22.0-9ubuntu1) built-in shell (ash) Enter 'help' for a list of built-in commands.
cobradabest: I've tried uninstalling and reinstalling cinnamon, but that didn't do anything...
cobradabest: What do i do?!",,,,,,,,,,,,
ubuntu:train:2011-04-17:98:0:149934,train,2011-04-17,question,friend_punith,,,,aaron_wayne,True,False,,aaron_wayne: any recommendations?,"bhavesh_: but I need something like 75 - 80%
weez: bhavesh_: I was hoping for something more along the lines of a mkv or avi file. This might be a little too big for a gif.
NightMonkey: Sample: You have to start a new screen session to see anything.
korejora: @pfifo -- Is there anything on Ubuntu that the boot loader could interfere with, or is it safe to put it on the same drive and change the boot priority?
NightMonkey: Sample: .screenrc is only read on startup.
Sample: NightMonkey: hm does screen know to look in the $HOME ? when I 'screen -r' things look the same as before the file
gartral: umm.. how do i initiate a distrobution jump? isnt it ""update-manager -d""?
Sample: mlocate screenrc shows one in /usr/share/doc/screen/examples/
NightMonkey: Sample: Ah, you need to run a *completely* new screen to read .screenrc. Detached sessions aren't new.
grendal-prime: NightMonkey, ya but man that chews up a lot of bandwidth and then if i cluse the ssh connection i believe the app shuts down.
NightMonkey: grendal-prime: Yes.
aaron_wayne: any recommendations?",,,,,,,,,,,,
ubuntu:test:2010-08-17:4:0:6532,test,2010-08-17,other,friend_punith,,,,milko,False,False,,milko: all partitiones are there,"misha: Hi folks. I'm running LL, and on a regular basis my system hangs. It just quits responding to everything (network contacts, too), and the only way to fix the problem is a reboot through the power button. I've poked around in syslog for some solutions to the problem, but found nothing out of the ordinary. Any other log or similar place I should go to, to get som hints to the roots of the problem?
milko: I have a problem when I want to install ubuntu 10.4
sipior: mrdk: you might try using coherent language. that will make it easier for both of us.
navneeth: tseug: \ and then hit Enter
abhijit: !details | milko
ubottu: milko: Please give us full details. For example: ""I have a problem with ..., I'm running Ubuntu version .... When I try to do ..., I get the following output: ..., but I expected it to do ...""
milko: I have my disk with the partitions, but the ubuntu installar doesn't recognize these
mrdk: sipior: isn't my question sophisticated enough for a toilet cleaner like you?
Seveas-train: mrdk, you get linker to thwirble the objectcode and then it's a matter of degrubbing the results with a preprocessor
milko: the strange thing is that when I open nautilus
yashi-: misha: are you using a notebook?
milko: all partitiones are there",,,,,,,,,,,,
ubuntu:train:2009-05-04:77:0:118959,train,2009-05-04,other,friend_punith,,,,xunil,False,False,,xunil: konichiwa,"tnt996: hello everyone:)
xangua: syntax\: gconf-editor> apps> nautilus> desktop
Dr_Willis: syntax\:  theres a setting in the gconf-editor to enable that i recall.. there might also be a ubuntu-tweak tool (unsuported here) that can do it
sexybaaron: hello tnt996
blag: how do i get a ps3eye to work with ubuntu?
blag: jaunty
powertool08: Can anyone help me with my ncmpc error ""problems creating socket""?
lozada-sama_: hello can someone please tell me how to put mp3 and aac files to run in amarok 2 ??
gwangpa: hello
lozada-sama_: hi =D
DeltaS4: helllo
xunil: konichiwa",,,,,,,,,,,,
ubuntu:train:2005-06-06:6:0:9719,train,2005-06-06,question,friend_punith,,,,Cutman,True,False,pfp,Cutman: pfp: should i type that in console?,"Cutman: *Just
pfp: Cutman: hdb: HL-DT-ST DVDRAM GSA-4163B, ATAPI CD/DVD-ROM drive
raDeon: WHO CALLED FOR ME
dementted: hello
raDeon: WHO??
raDeon: SPEAK UP
Shinma: :P
Shinma: dont suppose you use a Radeon X800 LE
dementted: heh
raDeon: Shinma, hell no
Shuddertrix: raDeon: How about changing your name
Cutman: pfp: should i type that in console?",,,,,,,,,,,,
ubuntu:train:2012-05-04:106:0:160600,train,2012-05-04,other,friend_punith,,,,leonel,False,False,,leonel: quit,"digitalj: I bet you own internet.com or something with how things are turning out
usa: hey how do I get gnome 2 on ubuntu 12.04?? I hate unity I can't do anything with it there are no options..!
Fyodorovna: usa, gnome 2 is not in 12.04 there is a fallback gnome that looks somewhat and can be tweaked to be close to it. run sudo apt-get install gnome-shell and you will also get the gnome 3 desktop as a choice as well.
wylde: conkyhelp: alright, then I should assume you installed transmission-cli and edited the preferences there.... according to the instructions, install.sh should create the sample .conkyrc for you, so it isn't then?
thoong: can i change color scheme in ubuntu - say instead of orange highlight to blue highlight. blue seems to be choice for many os.
thoong: ?
conkyhelp: wylde: yes, exactly. this is the problem
GeoGeek: Hey all. I have a database publishing project I need to do. Want to use it as an opportunity to learn some new linux tools. I need a good database frontend  that can output data tagged for a page layout program. Any recommendations? I am looking at Kile to do layout but the data fields would need to be tagged on the way out of the database.
thoong: preferbably with gui.
kion: can anybody hel me install postgresql?
wylde: conkyhelp: then you should be seeking help from the author of that package.
leonel: quit",,,,,,,,,,,,
ubuntu:train:2009-07-02:79:0:121803,train,2009-07-02,addressed_not_question,friend_punith,,,,Slemming,False,False,ehsh,Slemming: ehsh: Google Earth or Marble is what wikipedia lists,"Jordan_U: ehsh: There's google earth :)
thyri: .g ubuntu google earth
AAAI: thyri: https://help.ubuntu.com/community/GoogleEarth
djiezes: ehsh: there's: google earth :-)
Thingymebob: ehsh: iGoogle earth is in medibuntu repos
thefeds: I.E the OS can't read the part where ubuntu starts
thefeds: Isn't that right?
u_dparte: indus, yeah i had the beta and just last night one of my repos caught the actual release
djiezes: ehsh: it's in the medibuntu repository
Thingymebob: !medibuntu : ehsh
ubottu: Error: I am only a bot, please don't think I'm intelligent :)
Slemming: ehsh: Google Earth or Marble is what wikipedia lists",,,,,,,,,,,,
ubuntu:train:2007-02-06:50:0:75794,train,2007-02-06,addressed_not_question,friend_punith,,,,Quessir,False,False,nexousNET,"Quessir: nexousNET: Not sure, I think yes","Slasher: hmm
Slasher: am i still on?
deafboy: xtknight: what is the '-9' parameter?
AmaroqWolf: ompaul, I've made the change. Can I attempt to play the games now, or should I ctrl+alt+backspace first?
LinuxHelp: comradeC, before you close your IRC..
Slasher: brb
nexousNET: Quessir: do you know if wifi-radar connects to the network on startup?
comradeC: LinuxHelp, and what do I do after it boots sudo grub? in the live cd enviroment?
peresko: Thunderbird question: Autospell Bugs anyone?
LinuxHelp: comradeC, you need to remember to type: ""sudo grub"" and then ""root (hd0,2)"" and the ""setup (hd0)""
ompaul: AmaroqWolf, log out and back in - ctrl alt bksp is not for every day use
Quessir: nexousNET: Not sure, I think yes",,,,,,,,,,,,
ubuntu:train:2008-02-07:65:0:100240,train,2008-02-07,question,friend_punith,,,,bazhang,True,False,BabyDoll,bazhang: BabyDoll: this is in the livecd?,"psycholvlan: are ubuntu's d/l servers down
white_eagle: psycholvlan, why that?
rfu: :o
bazhang: BabyDoll: that would be in the restricted drivers--piece of cake really
genii: psycholvlan: Nope, I just did an apt-get update to see
psycholvlan: trying to get some programs and can't connect to us.archive.ubuntu.com
thatoldchestnut: sp: yep, so last night I downloaded a stand-alone version of gparted and booted off that, and was able to set it so that the half of my HDD with windows was NTFS, and the half I intended to install ubuntu on was EXT3. it got me a little further than before, but crashed once again
bobbob1016: My notification area seems broken, I can't bring up any menu's on it.  For example, I can't click the ""update"" icon on it.  Any ideas on a fix?
BabyDoll: bazhang: i tried to enable it and it wouldnt let me
TKingdom: danbhfive: sorry, couldn't tell ya
sp: thatoldchestnut: when exactly does the installer crash? you shouldn't touch the NTFS partition at all from within the installer
bazhang: BabyDoll: this is in the livecd?",,,,,,,,,,,,
ubuntu:train:2014-12-21:133:0:194665,train,2014-12-21,other,friend_punith,,,,nomadist,False,False,,nomadist: 14.04 (gnome),"Ahmuck: it's quite slow.
teward: Jen8: what's thea ctual error you see when you're working with the bot
Ahmuck: Should the swap be in between the root and the home partition?
teward: Jen8: that what you've shown me is irrelevant, i need to see what's actually being sought after and such
Jen8: when we install the tcl
teward: (by eggdrop)
Ahmuck: the root partition is at the beginning of the drive.
abator: x11vnc client when move mouse i can see mouse pointer movin on server but i want to see mouse pointer moving when i move mouse on server, how do change this behaviour?
nomadist: teward, I don't see ""Edit connections"" how can I get to this?
teward: Jen8: I need to see what eggdrop is complaining about - and the exact error it generates.
teward: nomadist: which Ubuntu version?
nomadist: 14.04 (gnome)",,,,,,,,,,,,
ubuntu:train:2005-10-07:13:0:19919,train,2005-10-07,question,friend_punith,,,,durt,True,False,,durt: anyone with opera know how to change the drop-down menu color to something other than gray?,"dikadika: thanks
Carpe_Libertatem: I need to install Linux to an old machine with little resources, so I am going to start with a server install and add a Window manager - what is a good one for an older machine? Would Fluxbox work?
ivanoat1: strange question, but is there an equivalent in ubunto to the mac's expose where you can see all your windows at once? I am addicted to that..!
wickedpuppy: yup
wickedpuppy: fluxbox would be nice
Carpe_Libertatem: ivanoat1: Install kompose
ivanoat1: sweet, thanks
Carpe_Libertatem: ivanoat1: it is meant for KDE, but I found it works in Ubuntu GNOME fine
dikadika: Carpe_Libertatem, fux is a low resource WM with lotsof feathers
dikadika: *flux
Carpe_Libertatem: So you think it'd be best?
durt: anyone with opera know how to change the drop-down menu color to something other than gray?",,,,,,,,,,,,
ubuntu:train:2006-08-11:36:0:54792,train,2006-08-11,question,friend_punith,,,,{K}Lubby,True,False,azureal,{K}Lubby: azureal: shut up?,"el_isma: sethk: Should I have br0 with dhclient? or eth0? or both?
Pyromaniak: Tonren: is there a basic ""everything you ever wanted to know about ubuntu, but didn't know the questions to ask"" kinda guide?
sethk: byen, that wouldn't really do anything typed into a terminal
Tonren: |thunder: ndiswrapper -i ""somefile.inf"" installed the wireless driver associated with that .inf file
AngryElf: what's a mirror for security.ubuntu.com?
|thunder: Tonren, i jsut have the windows driver and im installing ndis from the ubuntu CD. well trying to. the apt-cd dialog didnt pop-up
azureal: Tixer: you do realize how this sounds? spilling ""milk"" while watching ""anime""
Tixer: I do
Tixer: I was eating fucking cheerios
jrojas: hi, i need record a video from my desktop, what is the linux alternative to ""Camtasia Studio"" ? :S
sethk: el_isma, not with dhclient.  I wanted to just try setting the route, to see if you get internet back
{K}Lubby: azureal: shut up?",,,,,,,,,,,,
ubuntu:train:2006-06-05:30:0:45113,train,2006-06-05,addressed_not_question,friend_punith,,,,someone,False,False,Jonnytheloony,"someone: Jonnytheloony: I did search, but turned up nothing :\","Jonnytheloony: someone: so through the terminal you mean?
fermi: gianluca: you need the usr name and the pwd which were provided by your ISP...
gianluca: possible, and i have tryed!
someone: Jonnytheloony: yeah
fermi: Jonnytheloony: Oh.. sorry then
gianluca: my isp?
no0tic: read me please
Jonnytheloony: someone: hmm.... and you can't google it lol...
fermi: gianluca: hell yes
Jonnytheloony: someone: OK I'l try it for you...
Fujitsu: gianluca, which computer are you trying to connect to?
someone: Jonnytheloony: I did search, but turned up nothing :\",,,,,,,,,,,,
ubuntu:train:2006-12-20:45:0:67847,train,2006-12-20,question,friend_punith,,,,arrenlex,True,False,jeffm515,arrenlex: jeffm515: But mplayer can play movies generally?,"lupine_85: .mp3 is patented, but that doesn't make it evil :p
jeffm515: nope
jeffm515: arrenlex: nope
shogunx: software patents are a joke anyway
LineOf7s: lupine:  Depends who you ask.  :o)
cld2: LineOf7s: yeah true. when I can find flac or other lossless i will rip down to ogg. but you just dont find anything in ogg. :( and converting from mp3 to ogg = shite.
arrenlex: LineOf7s: Actually, to my vast surprise I found that ALL my totally computer-n00b friends on Windows XP who don't know the location of the control panel can play .ogg files.
noelferreira: lupine_85: can you help me with my XFree86-DRI problem?
coopster: arrenlex:  can play != has heard of them
arrenlex: coopster: fair enough.
lupine_85: noelferreira: if the dri extension is loaded, I don't know what else to suggest
arrenlex: jeffm515: But mplayer can play movies generally?",,,,,,,,,,,,
ubuntu:train:2005-12-16:17:0:25547,train,2005-12-16,addressed_not_question,friend_punith,,,,Overclocked_486,False,False,beej_,"Overclocked_486: beej_: emu10k1 chipset sound card, ESD gives me sound in GNOME apps, alsa / oss do not.","pete__: beej is the plurar of box, boxen?
fr500: who would be interested in testing a mono based pptp client (M$ VPN)
pete__: :-)
pete__: plural*
beej_: yes, yes it is.
pete__: hehe.
MMond: well anyways, hi - I tried Ubuntu (first time trying linux) .. sometime ago. I failed. But I learned my lesson -- forcing things like GNOME on a 6 year old laptop - so I'm back, hopefully everything will work out this time. I've a problem though - a lot seems to be gone.. I'm now on shell, and for example, if I ""apt"" - I get back ""bash: apt : command not found""
MMond: Now being that I can't do much . . . what would be a good place for me to start
skon: MMond: sudo apt-get
beej_: fr500, why does everyone type ""MS"" ""M$?""
beej_: i never found it funny, or interesting, or...anything, tbh
Overclocked_486: beej_: emu10k1 chipset sound card, ESD gives me sound in GNOME apps, alsa / oss do not.",,,,,,,,,,,,
ubuntu:train:2006-08-23:39:0:60097,train,2006-08-23,other,friend_punith,,,,sethk,False,False,,"sethk: pydj, but not displayed on the remote box","default: k
pydj: sethk: I want an ubuntu live CD on computer in china and ubuntu installed on my laptop-- controlling the remote computer's desktop and applications.
natural20: so i can't load certain pages with opera, ff, or epiphany.  i know the pages work.  they are all pages that require login information.  any ideas?
IcemanV9: NkuMik1: you need to change icon in the top panel from lo to ath0 by right-click
witless: profoX`: thanks, didn't notice topic.  i'll check it out
profoX`: default: no i misunderstood the question
pydj: sethk: both computers with desktops.
sethk: pydj, ok, you can use xdmcp for that
NkuMik1: icemanv9: and then it will just work?
profoX`: witless: np
sethk: pydj, the desktop displayed on your box while the remote box is running
sethk: pydj, but not displayed on the remote box",,,,,,,,,,,,
ubuntu:train:2011-02-23:95:0:144944,train,2011-02-23,other,friend_punith,,,,Back4More420,False,False,,Back4More420: I haxw ubumtu 10.4,"alp82: doesnt matter if online or desktop or eclipse/netbeans plugin
alp82: it just has to have a nice user interface
bullgard: llutz_: I have cursorily read 'man nmap'. But I still do not know what to substitute for <network> in my case.
flor: Gnea, trying out something
Back4More420: where would I find the drivers for wireless card in this OS to copy and use with the linux I want to use?
Jonii: Wubi installer left my windows booting thing with this annoying ""select if you want to use ubuntu or windows"", where ubuntu-choice doesn't work, and windows ubuntu uninstaller doesn't work. How do I destroy that manually?
Jean1: hi, I keep getting 'access denied' if i want to delete something in /var/www, I guess I have to use chown, but with what parameters ? Thanks
Erdj: ubuntu spanish
Erdj: <unconvertable> ?
Jonii: Wubi uninstaller says something like ""py<something> not found""
bullgard: Back4More420: Please specify your operating system and your wireless card so that people can help you.
Back4More420: I haxw ubumtu 10.4",,,,,,,,,,,,
ubuntu:train:2007-08-19:57:0:87316,train,2007-08-19,other,friend_punith,,,,space,False,False,,"space: hey, can someone help me change the resolution on my monitor in x to 1680 1050","softoninox: somebody configuration dns vhcs ?
Sanukode: i have a problem with my configuration of sound
* SamWeasley says: sorry by the poor english
SamWeasley: Sanukode: what's happening?
alvanson: seems like my no password on resume problem can be solved by turning compiz off
softoninox: somebody configuration dns vhcs ?
Sanukode: well, i don't know how i can used my soundblaster
alvanson: softoninox, somebody might be able to help you if we understood your question
Sanukode: i don't have sound
Sanukode: i try with the ""alsaconf""
Sanukode: but ...
space: hey, can someone help me change the resolution on my monitor in x to 1680 1050",,,,,,,,,,,,
ubuntu:validation:2011-11-13:8:0:10918,validation,2011-11-13,addressed_not_question,friend_punith,,,,Javid_,False,False,zabomber,Javid_: zabomber: yes,"djexq: #kubuntu
Javid_: usr13: I'm trying to get it set up so I can stream music via Airplay to this thing. I don't much care how, and all the google results point back to that plugin.
zabomber: Javid_: i am having the exact same problem as we speak..
Srbuntu: hi guys
Javid_: zabomber: haha. not just me then
Srbuntu: please help me about some sort of bug
newbie|2: hi
laserdude: Hey so can anyone help us boot?
djexq: I'm having issues with being able to access other partitions of my disk, but I supposedly have administrator privileges.
zabomber: javid_: 11.10?
djexq: can anyone help?
Javid_: zabomber: yes",,,,,,,,,,,,
ubuntu:train:2010-04-12:86:0:132097,train,2010-04-12,addressed_not_question,friend_punith,,,,ntsasng,False,False,LinuxGuy2009,ntsasng: LinuxGuy2009: :((,"WebDawg: I have a gnome problem...
WebDawg: The panel encountered a problem while loading ""OAFIID:GNOME_FastUserSwitchApplet""
myrl: pie
trinikrono: okie then
LinuxGuy2009: WebDawg: Get a launchpad account and report it.
whileimhere: Hi. I recently removed Pulse Audio from my Laptop with an Ubuntu 9.10 installation. I see that my GNOME panel app is now MIA. Anyone know why or how to get it back?
WebDawg: LinuxGuy2009 its all over the internet and no one has answered how to fix.
Nitsuga: WebDawg, pretty common, restart your session and you will have he applet again
LinuxGuy2009: whileimhere: sudo apt-get install gnome-alsamixer
ntsasng:  LinuxGuy2009: gksudo gedit /etc/resolv.conf can't saved it
myrl: sudo apt-get moo
ntsasng: LinuxGuy2009: :((",,,,,,,,,,,,
ubuntu:train:2007-01-19:47:0:72292,train,2007-01-19,question,friend_punith,,,,adamonline,True,False,,adamonline: How do I rename a file at the command line?,"MacLinuxMaster: dfgas: I still don't find
mikejanssen: !backports
ubotu: If new updated Ubuntu packages are built for an application, then they go into Ubuntu Backports. See https://help.ubuntu.com/community/UbuntuBackports
lebowski: christian1222, wierd :/
christian1222: EnsignRedshirt: no, i had already unplugged it and hoooked it up to my windows box when i got that info
mustiy_: Basically, i cant vreate the deb packages
mustiy_: create*
fokuslee: lol qqq was very impatient i just read the thing his problem is solved on the forum b/c i posted a howto too bad he quit before i get to talk to him
millones: here i am again.    when i see a movie, after 20 minutes my screen turns black. that only happen when i'm in my xgl session+beryl. when i'm in gnome normal session. everything is ok.   i've changed the power management preferences but i'm still with my problem
EnsignRedshirt: christian1222: If the filesystem has a 2gig limit, it might not have actually worked.
christian1222: EnsignRedshirt: it was an .iso file, and I had to run it on windows, is there a way to install a program for windows in linux running wine?
adamonline: How do I rename a file at the command line?",,,,,,,,,,,,
ubuntu:train:2011-08-22:101:0:153280,train,2011-08-22,other,friend_punith,,,,Guest12234,False,False,,Guest12234: is there anyone who can LFS,"LABcrab: So now the check is done.  Why does it say ""bed"" in the check?  Where do we go from here?
LABcrab: ActionParsnip: The computer is unable to boot from CD, and probably doesn't even detect the drive(s).
alks: hello?
LABcrab: alks: Sorry.  :(
ActionParsnip: LABcrab: can it boot usb?
alks: sry no idea if my msg were shown
LABcrab: ActionParsnip: Likely not.  800mhz Precario 5000 series.
Guest12234: ok
ActionParsnip: LABcrab: do you have a floppy drive?
LABcrab: Recap: alks says something about Windows 7 dual boot.
LABcrab: ActionParsnip: Yes.
Guest12234: is there anyone who can LFS",,,,,,,,,,,,
ubuntu:train:2008-02-07:65:0:101053,train,2008-02-07,addressed_not_question,friend_punith,,,,maximilion,False,False,bazhang,maximilion: bazhang: That's exactly my problem... it great! But I'm pretty new to this and I'd like to go on recommendations by seasoned veterans ;),"JoshJ: michalski: you could? just sudo apt-get remove kde-desktop
usr13: taz: What is your language?
debasys: i am trying to configure a wireless data card...at the end after editing wvdial.conf and making sudo wvdial it says 'modem is busy'
bazhang: dante then it is the driver that needs to be 3d
JoshJ: michalski: you can choose which one you want on boot anyway
taz: american
LiraNuna: theacolyte, or use the normal liveCD and press Alt+F1 during splash to switch to VESA
LucidDr34m3r: Anybody able to give me a hand? My laptop battery isn't getting recognized by Gutsy anymore...
taz: usa
michalski: joshj: realy how would i chose on boot?
theacolyte: LiraNuna: ah didn't know you could do that iwth the normal CD
maximilion: bazhang: That's exactly my problem... it great! But I'm pretty new to this and I'd like to go on recommendations by seasoned veterans ;)",,,,,,,,,,,,
ubuntu:train:2012-11-30:111:0:166909,train,2012-11-30,question,friend_punith,,,,Andy80,True,False,,Andy80: is it possible that this package comes from a PPA?,"MonkeyDust: Andy80  the current keren is 3.5.0-18-generic
MonkeyDust: kernel*
dr_willis: isent 3.5 going end of life. ;-)
Andy80: MonkeyDust, I got 3.7 yesterday from an upgrade... maybe it was a PPA? How can I detect it?
dr_willis: 3.7 is in the next release? ive not tried it
MonkeyDust: yeah, guess 3.7 is for raring
MonkeyDust: Andy80  what's the output of lsb_release -sd ?
auronandace: MonkeyDust: 3.5.0-19 recently came out, i just upgrades (just so you know)
Andy80: MonkeyDust, andrea@andrea-Inspiron-660:~$ lsb_release -sd
Andy80: Ubuntu 12.10
media-centre: good morning peeps
Andy80: is it possible that this package comes from a PPA?",,,,,,,,,,,,
ubuntu:train:2007-02-06:50:0:76636,train,2007-02-06,question,friend_punith,,,,kralos,True,False,Jowi,kralos: Jowi: can u disable it in the installer?,"adamonline45: siikah: From within a script.  I just have a simple if then statement that should check if the script is bein run as root, and if not it'll exit. I don't know what to put, exactly... something like if [ %u != ""root"" ] ; then...
Jowi: kralos, oh really? the 386 locks up?
u0392185: Does anybody know how to add a printer onto the parallel port manually?
kralos: yep
Jowi: kralos, did you disable acpi?
kralos: tried edgy, and warty too
u0392185: Are there special printer codes for different printers?
kralos: nope
mindstate: Milo-, its working?
Jowi: kralos, you should disable acpi.
Clarus: Can someone help me with my NIC, Ubuntu sees it, however I can't recieve any DHCP info.  The whole setup works fine in OS X though.
kralos: Jowi: can u disable it in the installer?",,,,,,,,,,,,
ubuntu:train:2012-12-15:112:0:168333,train,2012-12-15,addressed_not_question,friend_punith,,,,FloodBot1,False,False,odella,FloodBot1: odella: Please don't flood; use http://paste.ubuntu.com to paste; don't use Enter as punctuation.,"ivy:   (¯`·._(¯`·._(¯`·._(¯`·->> /!\ Attention ""FFT"" /!\ Il est intéressant de voir que les gens qui se moquent de la science-fiction se fient à la météo et aux économistes. <<-·Ž¯)_.·Ž¯)_.·Ž¯)_.·Ž¯)
FloodBot1: Evaldas: Please don't flood; use http://paste.ubuntu.com to paste; don't use Enter as punctuation.
FloodBot1: salvador: Please don't flood; use http://paste.ubuntu.com to paste; don't use Enter as punctuation.
TeamRocket1233c: ikonia: I'm one of the few actually trying to ask something.
Evaldas:   '÷%%÷' .÷%%÷' .÷%%÷'  /!\ Attention ""FFT"" /!\ Si je fais l'amour dans un monde virtuel, j'ai tu des dangers de poigner des virus informatiques? ,÷%%÷' .÷%%÷' .÷%%÷'
Evaldas:                   /!\ Attention ""FFT"" /!\ Si la moisissure est de couleure verte, comment reconnaître un céleri moisi d'un bon?               _
Evaldas:   €*°!°*€ /!\ Attention ""FFT"" /!\ Laquelle de ces phrases est vraie? La phrase suivante est fausse. La phrase précédente est vraie €*°!°*€
Evaldas:   ----------------> /!\ Attention ""FFT"" /!\ En nage synchronisée, si une nageuse se noie, est-ce que les autres se noient aussi? <----------------
Evaldas:   ----------------> /!\ Attention ""FFT"" /!\ En nage synchronisée, si une nageuse se noie, est-ce que les autres se noient aussi? <----------------
bekks: TeamRocket1233c: Then just ask - maybe someone can help you?
FloodBot1: Evaldas: Please don't flood; use http://paste.ubuntu.com to paste; don't use Enter as punctuation.
FloodBot1: odella: Please don't flood; use http://paste.ubuntu.com to paste; don't use Enter as punctuation.",,,,,,,,,,,,
ubuntu:train:2008-04-27:69:0:106137,train,2008-04-27,question,friend_punith,,,,Pelo,True,False,,"Pelo: maco, use these instructions but the .deb file you got instead of the rpm mentionned there http://www.gnome-look.org/content/show.php/Grub+gfxboot+splash+openSUSE?content=63733","mdkitzman: ?
maco: elmer: disable desktop effects
Phase: I need a way to run Sims2 on a primarly linux system, WineHQ's AppDB is showing bad results for the game. The story is my sister + windows = lots of viruses, and I'm sick of cleaning them up for her. But I can't switch without getting Sims2 to work properly. :\
elmer: maco, thanks
TrekCycling: I've almost got it solved. My laptops work. My Tivo works. My ubuntu workstation works. What doesn't work is that one of the machines on the network is getting an ICMP timeout error.
simtower: don't do disk encryption guys unless you really need it
maco: Pelo: i did install grub-gfxboot
ffm: elmer, ""metacity --replace& "" in terminal in the mean time.
Nemes: patifa, the point is that I would like to be informed as soon as they are uploaded. Some of them are important files and I don't want to check it manually
ffm: TrekCycling, Not sure I can help with that.
mouseclone:  miturburu_: i'm working on building one.. but not even alpha yet
Pelo: maco, use these instructions but the .deb file you got instead of the rpm mentionned there http://www.gnome-look.org/content/show.php/Grub+gfxboot+splash+openSUSE?content=63733",,,,,,,,,,,,
ubuntu:train:2006-06-21:32:0:49349,train,2006-06-21,question,friend_punith,,,,eri1,True,False,,"eri1: i have a sony vaio pcg-k17 (IGP345 video card), dapper drake is installed and working fine.  if i let it sit for awhile and come back it's hung (whole pc, cursor doesn't blink, ctrl_alt_backspace doesn't exit gnome).  soemtimes it will hang as i'm working. any ideas on boot settings that might dumb down video accelleration?  I'm guessing maybe something going on there so wanted to rule that out. other ideas?","pc22: what about this : /msg Nickserv IDENTITY <your-password>
Cntryboy: I didn't realize that krename was so big
madar: my device has worked under wlan-ng in the past
Mandalf: I have install ubuntu desktop Swedish
madar: and I've never had much success with ndiswrapper for it
nalioth: pc22: use 'identify'
hid3: Is there any memory testing program which puts heavy stress on ram while machine is running?
pc22: thanks nalioth
ompaul: pc22, identifying yourself to the network via nickserv "" identify""  is the spelling of it ;-)
gnomefreak: hid3: boot the memtest option?
nalioth: hid3: you can choose the memtest at the grub prompt
eri1: i have a sony vaio pcg-k17 (IGP345 video card), dapper drake is installed and working fine.  if i let it sit for awhile and come back it's hung (whole pc, cursor doesn't blink, ctrl_alt_backspace doesn't exit gnome).  soemtimes it will hang as i'm working. any ideas on boot settings that might dumb down video accelleration?  I'm guessing maybe something going on there so wanted to rule that out. other ideas?",,,,,,,,,,,,
ubuntu:train:2012-06-02:108:0:163275,train,2012-06-02,addressed_not_question,friend_punith,,,,ska,False,False,Eagleman,ska: Eagleman: passwd -l,"ubottu: tbrown2012fb do you mean this?: software-center (source: software-center): Utility for browsing, installing, and removing software. In component main, is optional. Version 5.2.1 (precise), package size 606 kB, installed size 4232 kB
jrib: steve84: you see the ""ain"" on the third line?  You need to delete that
steve84: <jrib> its not letting mw edit the file and save it
jrib: steve84: gksudo gedit PATH_TO_FILE
Eagleman: WHat is :*: and :!: in the password fields in the /etc/shadow file
esing: giga oh so he added XBMC as a user account an starts it directly right
steve84: <jrib>  thanks for your help it worked and now i am able to update my stuff with the update manager
jrib: Eagleman: man 5 shadow
Eagleman: i've found it
jrib: steve84: no problem
Eagleman: No Password ( --disabled-login ):*: Account DIsabled:!: in the password fields in the /etc/shadow file
ska: Eagleman: passwd -l",,,,,,,,,,,,
ubuntu:train:2015-10-14:142:0:206456,train,2015-10-14,addressed_not_question,friend_punith,,,,sortkwik,False,False,EriC^^,"sortkwik: EriC^^: No hang, maybe 15-20 seconds and then it shutdown.","cobradabest: Sorry, but can someone help me with my problem of cinnamon only running in software mode? I'm kind of in a rush...
sortkwik: EriC^^: So that graphical shutdown worked. I was able to get esc to show me what it was doing.
Elw3: Hey there. I have a laptop here with this efi stuff and i dont know how to install, the installer just fails when it comes to installing grub. What are the steps that differ from a normal install?
wileee: cobradabest, Is there a 2d or 3d choice with cinnamon, this is free volunteer help, so rush is not really relevant.
vacho: guys, how do I install an ssh keypair on a user account that I cannot acess, since I don't have ssh keypair setup .. :) I have root access.
cobradabest: wileee: No, there isn't...
EriC^^: sortkwik: ok
sortkwik: EriC^^: So I have no idea why it did it now. I've tried restarting many times and that's the fastest shutdown graphically. Was it due to the command you recommended me to put in??
wileee: cobradabest, No idea what the issue is, might help if you name the graphic hardware. If this is a PPA cinnamon you would have to contact them, if that is the fault.
EriC^^: sortkwik: i have no idea
EriC^^: so it didn't hang?
sortkwik: EriC^^: No hang, maybe 15-20 seconds and then it shutdown.",,,,,,,,,,,,
ubuntu:train:2013-09-16:125:0:185413,train,2013-09-16,addressed_not_question,friend_punith,,,,Trudko,False,False,bazhang,Trudko: bazhang: I am continuing conversation,"BluesKaj: Hiyas all
bazhang: UrielVigilant, install flash from ubuntu repos, not adobe site
giorgiodinapoli: hey guys i switched via sofware manager to proprietary radeon driver, no nothing is working, how can i switch back to xorhg driver from command line?
bazhang: !flash | UrielVigilant
ubottu: UrielVigilant: To install Flash see https://help.ubuntu.com/community/RestrictedFormats/Flash - See also  !Restricted and !Gnash
Trudko: Head-phone: really? I found some small tricks very useful, like setting some variables around, or moving around file system and running things
BluesKaj: UrielVigilant, no need to download it from adobe , just use the software center and install ubuntu-restricted-extras
bazhang: Trudko, pardon?
UrielVigilant: ok
Trudko: bazhang: ?
bazhang: Trudko, what does you r post have to do with ubuntu support
Trudko: bazhang: I am continuing conversation",,,,,,,,,,,,
ubuntu:train:2007-06-17:55:0:84442,train,2007-06-17,addressed_not_question,friend_punith,,,,kazim59,False,False,Azul,kazim59: Azul: there's no sound when I did mplayer file.iso,"niuq: sn0: ok i just tried and appears a message Error: a later version is already installed
kazim59: Gnea: there is no sound... mplayer file.iso gives no sound
Azul: kazim59: i'm here
habeeb: !gutsy > habeeb
Trixsey: sn0, although it specifically says on that site, that it is a recommended package
niuq: sn0: when i was trying to install the .deb package
Trixsey: sn0, is there no --ignore-recommends or something?
rem_: nathalie start a terminal (goto Applications, Accessories, Terminal) then type in /usr/bin/kino this will start kino, and keeps the terminal open in the background, you should be able to see in the terminal what happens when it freezes ..paste it here, or in http://paste.ubuntu-nl.org (and paste the link here..) to get help ..
ianian: anyone know what the plugins sub-directory under the Mozilla installation directory is for 7.04?
sn0: Trixsey indeed, that is strange - hopefully someone more enlightened is awake :)
Gnea: kazim59: what about with vlc or totem instead of mplayer?
kazim59: Azul: there's no sound when I did mplayer file.iso",,,,,,,,,,,,
ubuntu:train:2009-07-02:79:0:121303,train,2009-07-02,addressed_not_question,friend_punith,,,,jschiff,False,False,Gunther,jschiff: Gunther: Install Cygwin-X,"rayno_b: Hello there - I need some assistance with the ""X Server"" on Ubuntu Server while using Putty?
Thingymebob: kilrathi: Its not recommended and is frowned upon here but you can upgrade by changing your sources. PM Me if you want me to guide you through it
bullgard4: I have started the Ubuntu 9.04 Desktop Edition Live CD. It tells me that the radio networks are disabled. How to enable them?
adhok: hrm, apparently I have no services running except for root, and it still has the same issue :(
Jordan_U: UbUnTu-Vm-Pwn: Try Applications > Add/Remove, it's probably more what you are looking for
emilie: i can't log in gmail and in any other <form> like the gmail login form, i can solve it by removing the .firefox directory, but I'd like a beeter solution
emilie: better]
ikonia: bullgard4: enable your wirless card
bullgard4: ikonia: hehe. I just asked how to enable it.
Gunther: jschiff: i'm using putty from windows machine
ikonia: bullgard4: normally with a kill switch on the machine
jschiff: Gunther: Install Cygwin-X",,,,,,,,,,,,
ubuntu:train:2010-02-13:83:0:126876,train,2010-02-13,question,friend_punith,,,,Seveas,True,False,,"Seveas: hi BORJS, how can we help you?","Goliath: [00:00] <Goliath> then is it 100% that it was downloaded correctly?
Goliath: [00:00] <Goliath> does opera have some type of has check?
Seveas: al__, ah, ndiswrapper. broadcom card?
al__: http://ubuntuforums.org/showthread.php?t=1343847
jhb1608: How do I make an partition for Windows so I can dual boot, but I installed Xubuntu first.
HaPK: Hello
sebsebseb: jhb1608: uhmm
n-iCe: i'm running ubuntu 9.10 and would like to be able to output to tv using s-video. right now i'm getting 0 output. any advice on how to  get this working?
BORJS: Hello
jhb1608: I can boot Gparted
sebsebseb: jhb1608: better to have Windows installed first,  since otherwise  setting up Grub to work properly again can be a right issue
Seveas: hi BORJS, how can we help you?",,,,,,,,,,,,
ubuntu:train:2006-08-11:36:0:55168,train,2006-08-11,addressed_not_question,friend_punith,,,,mikeg,False,False,sethk,mikeg: sethk: actually i havent installed yet ubuntu in my box.,"KrisW: el_isma, there's a good possibility that I just don't know what I'm looking for
pushpop: odat: the blue VGA cable is plugged into the blue VGA port on the video card.
lxe: {K}Lubby : and what happened after?
mikeg: sethk:  how to find the kernel module then?
sethk: mikeg, I would start by looking in the Documentation subdirectory of the kernel source tree.  a google search is also sometimes helpful.
KrisW: well, I tried apt-get dist-upgrade again and it picked up where it left off
lxe: el_isma2: just type in network-admin
KrisW: so maybe it didn't finish last time
Tonren: i've gotta run, folks
Tonren: g'night all
KrisW: last time it timed out on samba-common
mikeg: sethk: actually i havent installed yet ubuntu in my box.",,,,,,,,,,,,
ubuntu:train:2013-10-28:128:0:188022,train,2013-10-28,other,friend_punith,,,,sha1sum,False,False,,sha1sum: was missing something :D,"sha1sum: unless we're missing something, how big is this update?!
sha1sum: 187G available... doubt it's large enough
javanic: http://paste.ubuntu.com/6315228/
hitsujiTMO: javanic: can you tell me the output of: uname -r         and dpkg --get-selections | grep linux-image                 and dpkg --get-selections | grep linux-header
Die_Nadal: schrodingersscat do you run ubuntu gnome 13.10 ?
javanic: hitsujiTMO, I managed to get it to update with the ""autoremove"". Honestly I'm not too sure what you are asking me to do..
javanic: k1l, http://paste.ubuntu.com/6315228/
k1l: javanic: since / is big ennough but /boot is an extra partition which is quite small see if you can remove old kernel-packages
sha1sum: ohhhh snap it's a kernel update probably
sha1sum: makes sense
hitsujiTMO: javanic: in the terminal type these 2 commands and paste the output with pastebinit:   uname -r      dpkg --get-selections | grep linux-image
sha1sum: was missing something :D",,,,,,,,,,,,
ubuntu:train:2012-11-24:110:0:165735,train,2012-11-24,question,friend_punith,,,,rex,True,False,,rex: evil_eric. -> what itr shows during shutdown?,"jaylkay: okay
Hans_Zero: I'm having trouble with showing up grub not the graphics driver
Evil_Eric: rex the point of this is to shut down through the gui not by command line anyhow
Evil_Eric: hi there linuxguy
ActionParsnip: Hans_Zero: are you trying to install the OS or is this on an installed OS?
Evil_Eric: funny seeing you here
Hans_Zero: ActionParsnip this is an installed os (xbmcbuntu which is basically xubunut as far as I know)
ActionParsnip: Hans_Zero: can you boot to the install CD ok?
dr_willis: xbmcbuntu had issues last i tried it.. its very easy to install xbmc on a real ubuntu install.
ActionParsnip: Hans_Zero: if you let the OS boot for 10 mins, then press CTRL+ALT+F1   do you get a prompt?
qwd: Ubuntu 12.04 AMD64. I'm not getting any sound. Rebooting doesn't work and afaik I haven't done any changes. Would appreciate help troubleshooting.
rex: evil_eric. -> what itr shows during shutdown?",,,,,,,,,,,,
ubuntu:train:2006-09-24:41:0:62083,train,2006-09-24,question,friend_punith,,,,ArrenLex,True,False,,"ArrenLex: In 3D, I mean?","Wyzard: m0: Once you're done all that, reboot so you're running the new kernel
Josh_: Sorry im new I dont know what that is
m0: is the kernel only 20 mb huge?
m0: thats it ?
* Wyzard wonders if edgy will automatically install -686 and -k7 kernels as appropriate
rmorris84: Broadcom 4311, Ubuntu Dapper, I finally got my device to show up as wlan0 with NDISwrapper, but no light and no scan in iwlist, just looking for a little guidance
ChrisWhite: I always thought synaptic was the touchpad driver :S
Wyzard: m0: That sounds about right
Wyzard: m0: Most of that is driver modules
ArrenLex: Does anyone know if the open-source Radeon driver supports ATI Radeon X300SE?
Half-Left: Wyzard, nope it's generic now
ArrenLex: In 3D, I mean?",,,,,,,,,,,,
ubuntu:train:2012-06-20:109:0:164031,train,2012-06-20,other,friend_punith,,,,aelen_v,False,True,,aelen_v: I'll do that next! Thanks.,"Dr_Willis: id be  curious if you  had a 'full install' on  a flash drive. with grub. it it would work there...
Dr_Willis: or bootable usb hd.
judgen: how annoying.. i have sound in every app except flash... tried it out on several video sites now
Dr_Willis: judgen:  i belive that used to be a common bug/issue. not seen  it  mentioned  in   ages
aelen_v: Dr_Willis: it used to be possible (dkms related, maybe before nouveau). But how to do it in Precise P. live session? Is there easier way than to prepare a custom live-usb or -CD?
anonymous1: i do have PartdMagicLive on a usb.. also puppy on cd.  looking for iso atm
judgen: oh i figured it out
Dr_Willis: aelen_v:  i just normally set up a live-usb with a persistant save file. but i dont really  need to do that in 12.04 for my  systems
kapz: I want to remote ubuntu with ubuntu, both running gnome-shell but the speed is *Painfully* slow...whereas remmina with realvnc on windows works 10x faster on same setup...what is wrong with vino?
aelen_v: Dr_Willis: Yeah, I therefore cannot set a correct resolution and earlier there have been black screen of deaths.
Dr_Willis: aelen_v:  you have tried the nomodeset option?
aelen_v: I'll do that next! Thanks.",,,,,,,,,,,,
ubuntu:train:2013-08-30:123:0:181892,train,2013-08-30,question,friend_punith,,,,dr_willis,True,False,,dr_willis: you are the one trying to install somthing JeffATL ?,"VioByte: JeffATL: that'll show you what package has that file
JeffATL: VioByte: i think these instructions are just being obtuse; it says ""libraries for xxxx"" so it's a matter of apt-cache search like you suggested just to make an edu guess as to the package name
histo: !find zlib-bin
ubottu: Found: libghc-zlib-bindings-dev, libghc-zlib-bindings-doc, libghc-zlib-bindings-prof, zlib-bin
VioByte: JeffATL: Well it should install its depends automatically.
dr_willis: for compiling you normally need the -dev packages
VioByte: JeffATL: if you are getting the package from apt-get.. unless, what you are trying to install was downloading and not available on apt-get
VioByte: JeffATL: then its almost a guessing game on what it wants.
dr_willis: so.. what are you installing/doing exactly?
JeffATL: dr_willis: you mean me?
VioByte: dr_willis, depends if its a bin install or compiled.
dr_willis: you are the one trying to install somthing JeffATL ?",,,,,,,,,,,,
ubuntu:train:2008-06-03:72:0:111226,train,2008-06-03,other,friend_punith,,,,Lalo2,False,False,,Lalo2: ﻿Hi! I have a big problem with my Ubuntu and I need help! please!!,"Flynsarmy: How can i find out what program is running on a specific port on my pc?
ActionParsnip: john_: sudo apt-get update; sudo apt-get upgrade
teamcobra: john: you can upgrade
pjv: what's a good torrent client?
ActionParsnip: john_: then try again
teamcobra: yeh, without reinstalling
ActionParsnip: pjv: ktorrent
Flynsarmy: pjv: azureus
prodigel: pjv: transmission for gnome, ktorrent for kde
* teamcobra does a dance, got email working on his site ;)
john_: E: Couldn't find package java-package
Lalo2: ﻿Hi! I have a big problem with my Ubuntu and I need help! please!!",,,,,,,,,,,,
ubuntu:train:2011-02-23:95:0:145367,train,2011-02-23,other,friend_punith,,,,acid,False,False,,acid: hello ppl,"Satauros: How do I set the fully qualified domain name for my server? (FQDN)
Pici: Satauros: Modify /etc/hostname  but make sure that the hostname itself matches the entry in /etc/hosts
Voita: found tha autostart cataloge  but there is only file:///home/myname/.config/autostart/xfce4-settings-helper-autostart.desktop
EmpoyLayaw: Hello! Has anyone have an Android Froyo phone who can sync contacts with birthdays in Evolution?
Satauros: Pici, could this work? http://paste.ubuntu.com/571107/
juk: EmpoyLayaw: #android ?
shane4ubuntu: jrib: JFYI  it was on the page you sent me:  sudo service ddclient status  which I ran before but didn't report nothing because I had messed up the init.d thing, all is good now and running fine, thanks for the help.
Guest83757: So, I got the ""Window Selector"" applet on my panel in Ubuntu 10.10 - one problem: i want to change a setting so it will show the names of all workspaces when I go to select a window.
Guest83757: Ubuntu is refusing to let me modify the applet's settings. What do I do?
EmpoyLayaw: juk, it doesn't seem to help because they'll point you to sync-ing with gmail account. what I want is to use Evolution mail to sync my phone contacts. Just as how you would sync a Windows mobile phone with Outlook. Not sure if that is possible in Ubuntu yet
EmpoyLayaw: So what I want to know if it is possible to use Ubuntu's preloaded Evolution to sync my Android Froyo phone
acid: hello ppl",,,,,,,,,,,,
ubuntu:train:2008-04-30:70:0:107659,train,2008-04-30,addressed_not_question,friend_punith,,,,Deepthought,False,False,Fezzler,"Deepthought: Fezzler: I meant nvidia-settings, to set resolution and stuff; cause you mentioned earlier that didn' t work with the display settings, wich is normal with restr. dr.","kindofabuzz: fde: so basically use aptitude instead of apt-get?
N1N31NCHN41L6: aptitude is easier
patifa: aptitude clean?
Mathman: kindofabuzz: use synaptic I say
z0rz: How can I list all disk from the live cd?
fde: kindofabuzz: yes, with one coveat... to search descriptions (default apt-cache search) you must use ~dfoo ~dbar ...
NemesisD: fde, do you know if hardy wold make abackup of xorg.conf before changing it? i used to have dual monitors set up to span and now theyre mirroring eachother
Mathman: isn't that the gui junk?
crdlb: Fezzler: what doesn't work about them?
z0rz: come on..
z0rz: lsdisk?
Deepthought: Fezzler: I meant nvidia-settings, to set resolution and stuff; cause you mentioned earlier that didn' t work with the display settings, wich is normal with restr. dr.",,,,,,,,,,,,
ubuntu:train:2006-02-20:21:0:31312,train,2006-02-20,other,friend_punith,,,,gnomefreak,False,False,,gnomefreak: gcc is a C compiler,"fdr: jimcooncat, thanks, why didn't it work when I asked directly the bot?
upayavir1: adub: I've done it!
Appelflap: and does this work?
soundray: fdr, you were too polite :)
Appelflap: i never see any one answer
jimcooncat: soundray: haha
gnomefreak: the bot doesnt know please lol
Twiggy: Whats teh default mysql admin username/password?  I can't reconfigure this package without them and I have no clue
upayavir1: adub: Looking in the /usr/share/docs/....synaptic..../README.Debian, it showed properties for min/max speed. I multiplied those by ten, and it worked.
upayavir1: adub: Thank you!
SeyToN: whats gcc/g++ its a development package?
gnomefreak: gcc is a C compiler",,,,,,,,,,,,
ubuntu:train:2011-04-17:98:0:149528,train,2011-04-17,addressed_not_question,friend_punith,,,,edbian,False,False,pentester123,edbian: pentester123: you just do something like this:  ssh -X user@host,"edbian: gaelfx: I'm not sure what the point of this is but dd if=/dev/sda2 of=/dev/sdb2   should do what you want.  Does it make sense to you?
edbian: Sample: You can run any of them over ssh using X forwarding  (graphical ones!)
trix`G: Hi guys!
gaelfx: edbian: I guess that would work, it's just a byte by byte copy, isn't it?
edbian: gaelfx: yes
edbian: gaelfx: bit by bit I believe
pentester123: any good guides for ssh x forwarding?
trix`G: Does anyone know how to tell ubuntu to automatically activate my wireless driver when booting?
gaelfx: edbian: I'll give it a try then, thanks for the advice
edbian: gaelfx: sure have a good night
edbian: pentester123: I do
edbian: pentester123: you just do something like this:  ssh -X user@host",,,,,,,,,,,,
ubuntu:train:2005-07-25:10:0:14756,train,2005-07-25,other,friend_punith,,,,nicedreams,False,False,,nicedreams: If it wasn't for ubuntu repositories i'd be using debian,"nicedreams: If I need the cd then I'll have to download it again since i gave my copy away...
thechitowncubs: lol tanki
ColonelKernel: bummers!
nicedreams: ColonelKernel: k...i'll do that
* ColonelKernel did that too
ColonelKernel: ubuntu kicks butt so I want it to spread
nicedreams: yeap
Madpilot: Linux is so viral...
nicedreams: i ordered new cd's but they haven't came in about 2 months now
ColonelKernel: i might switch to debian but b/c the channel is so nuts ill prob stick w ubuntu
* Madpilot has given away three CDs so far...
nicedreams: If it wasn't for ubuntu repositories i'd be using debian",,,,,,,,,,,,
ubuntu:train:2013-09-12:124:0:183795,train,2013-09-12,other,friend_punith,,,,BluesKaj,False,False,,BluesKaj: 'Morning all,"ObrienDave: Wiz_KeeD... install ia32libs then Skype
jrib: Wiz_KeeD: why don't you want to add 32bit multiarch capability?
ikonia: Wiz_KeeD: i shouldn't stop you upgrading
Wiz_KeeD: jrib, because when searching for other software I wouldn't want to install 32bit designed packages that might not be optimized for 64
jrib: Wiz_KeeD: that wouldn't happen unless you ask for it explicitly
Wiz_KeeD: ObrienDave, then all 32bit applications will be available for download, something I wouldn't neccesairly want
ikonia: Wiz_KeeD: it doesn't work like that
Wiz_KeeD: I'm sorry, I'm new to this, it may very well be possible, I just read about it
Wiz_KeeD: Ready to be educated though :D
ObrienDave: Wiz_KeeD... no, that just adds 32bit support to 12.04
Wiz_KeeD: ikonia still doesn't do it for a reason :)
BluesKaj: 'Morning all",,,,,,,,,,,,
ubuntu:train:2005-06-06:6:0:9394,train,2005-06-06,other,friend_punith,,,,destiny,False,False,,"destiny: I cant remember the nick, and Im in bitchx.","root____: I'm using ubuntu in conjunction with a shuttle sn25p with the envy24 audio chipset (via vinyl) and I cannot get sound to work at all.  Shw atmodules etc do I need to install etc to get it to work (audio)
yahalom: brb
Einhoernchen: somebody with root account
Einhoernchen: lmao
Einhoernchen: -
root____: :)
Fator_Dee: you should get out of root login :-p
destiny: not only sombody, but somebody to who's nick 4 _ had to be added, cause there are others...:)
Einhoernchen: he should really
root____: i'm not really actually root it just says that
destiny: who was I talking with?
destiny: I cant remember the nick, and Im in bitchx.",,,,,,,,,,,,
ubuntu:train:2007-09-07:60:0:91879,train,2007-09-07,question,friend_punith,,,,private_guy,True,False,,"private_guy: Okay one question, the MAC address on windows, is it the same on Linux?","slavik: any idea why grub would detect hard drives in a different order? (between being booted by BIOS and after ubuntu is loaded)
johnnylittle: ok
stefg: slavik: some bios do stupid things
johnnylittle: what about dual vga/dvi and component?
johnnylittle: theron
private_guy: Please somebody help me with my wireless card, why wont it connect to my router? It just says connecting and does nothing ?
TheZanke: pike_, it was + thank you
Textbook: brokenboxen: yeah, eject from the terminal works, I just tried it, so make a shortcut for it
brokenboxen: eject -t /dev/cdrom had no effect. paperclip no good either.
pike_: TheZanke: np
slavik: stefg: the interesting thing is that this is a sata board, but my IDE drives (on a controller card) are seen after my sata hard drive (when grub is loaded by bios)
private_guy: Okay one question, the MAC address on windows, is it the same on Linux?",,,,,,,,,,,,
ubuntu:train:2014-08-14:131:0:192669,train,2014-08-14,question,friend_punith,,,,Psil0Cybin,True,False,,Psil0Cybin: I think disabling it is a better method should I just google it ( how to disable via dbus? ),"ikonia: so disable it within dbus
ikonia: or just click ""cancel"" when it asks you for your password, it shouldnt ask you again for that session
ObrienDave: Psil0Cybin, i don't hate you, i think you worry too much and waste peoples time on really silly stuff
ikonia: if you're certain you don't want it ever, just remove the package
somsip: anew: the input after ""nick@home-sv-1:~$ "" gives the ouput shown underneath it. Do the ones in Problem and Solution. And read the rest
Psil0Cybin: ikonia, okay, but when I cancel obviously it just says pubkey denied because I did not enter a password. I am worried if I remove the package it might remove other packages I need for a standard Xubuntu install, How can I disable it through dbus perhaps in case it may cause problems later I can enable it..
PechosRey: nobody knows from where the samba service is autostarted in 14.04? the rc.local is empty
ikonia: Psil0Cybin I'd just remove it if you're that against it
Psil0Cybin: okay.
Psil0Cybin: ikonia, it wants to remove software center.
ikonia: https://wiki.gnome.org/Projects/GnomeKeyring/Ssh
Psil0Cybin: I think disabling it is a better method should I just google it ( how to disable via dbus? )",,,,,,,,,,,,
ubuntu:train:2011-08-22:101:0:153425,train,2011-08-22,other,friend_punith,,,,VictorCl2,False,False,,"VictorCl2: equires installation of untrusted packages = ""dhcp3-client dhcp3-common firefox firefox-branding firefox-globalmenu firefox-gnome-support firefox-locale-ca firefox-locale-en isc-dhcp-client isc-dhcp-common libreoffice-base-core libreoffice-calc libreoffice-common libreoffice-core libreoffice-draw libreoffice-emailmerge libreoffice-gnome libreoffice-gtk libreoffice-help-ca libreoffice-help-en-gb libreoffice-help-en-us libreoffice-impress libreoffice-l10","Guest95319: Anybody knows cross compilation
overclucker: ##linux
ylmfos: last version of ubuntu won't work too slow?... i wanted a fast way to get an ubuntu windows-like to make it easier for her, but i stuck on stupid things like no hdd detection or different errors :)
ylmfos: this live cd with compiz started works pretty smooth :)
Craw^: Hi. When creating a bootable USB drive, does the USB drive need to be a clean one (no other files in it except for Ubuntu)? Also, what's the minimum capacity of the USB drive I need to use? Thanks.
Guest95319: 2GB
chroot: en,hi
chroot: hi , ubuntu
chroot: hi , how can i boot my ubuntu faster?
VictorCl2: I can't do updates it tells me that some libraries are not trusted
chroot: VictorCl2, maybe you should update your source list of apt
VictorCl2: equires installation of untrusted packages = ""dhcp3-client dhcp3-common firefox firefox-branding firefox-globalmenu firefox-gnome-support firefox-locale-ca firefox-locale-en isc-dhcp-client isc-dhcp-common libreoffice-base-core libreoffice-calc libreoffice-common libreoffice-core libreoffice-draw libreoffice-emailmerge libreoffice-gnome libreoffice-gtk libreoffice-help-ca libreoffice-help-en-gb libreoffice-help-en-us libreoffice-impress libreoffice-l10",,,,,,,,,,,,
ubuntu:train:2011-03-18:96:0:147222,train,2011-03-18,addressed_not_question,friend_punith,,,,ubottu,False,False,fizy[laptop],ubottu: fizy[laptop]: To re-enable the Ctrl-Alt-Backspace combination that restarts your X server see https://wiki.ubuntu.com/X/Config/DontZap,"Pici: Laurenceb_: installing the build-essential package should get everything setup for compiling software (minus any specific build-dependencies that packages have)
Kre10s: anyone using sfl-phone ?
Laurenceb_: ah ok
Fuwex: overclucker: enlightenment looks promising. will check it out :)
Kre10s: I can't get contacts to work
j_ayen_green: mtlife, that said, when I -could- run fsck -y, it always cleared a few orphaned inodes and all was well
Kre10s: I've configures it, but they don't show up...
fizy[laptop]: how do i enable the ctrl-alt-backspace shortcut for the logon screen in 10.04? and yes, it is neccessary
mtlife: j_ayen_green: problem is, the mount /dev/sda1 /mnt/ hangs..
rr0hit: Fuwex: take a look at bodhilinux. A quite good distro that ships enlightenment
jrib: !dontzap | fizy[laptop]
ubottu: fizy[laptop]: To re-enable the Ctrl-Alt-Backspace combination that restarts your X server see https://wiki.ubuntu.com/X/Config/DontZap",,,,,,,,,,,,
ubuntu:train:2007-06-01:53:0:80475,train,2007-06-01,addressed_not_question,friend_punith,,,,SlimeyPete,False,False,lynxz,"SlimeyPete: lynxz: without DMA enabled, your drive will be very slow","smo: im on my dedicated now and thy build their own kernel but no headers available...;
erUSUL: !pm | alexxxprog
ubotu: alexxxprog: Please ask your questions in the channel so that other people can also benefit. Please don't PM a user in the channel without asking first, some find it rude.
smo: need it to compile
sipior: smo: generally, you'll want to use the headers that match your C compiler
lynxz: SlimeyPete:  It wasn't but the playback is still jerky.
wols: smo: either ask the place you got the kernel form for the headers, or get a new kernel where headers are available. no othe way
alexxxprog: ok
SlimeyPete: lynxz: DMA isn't enabled? It should be
smo: humm ok
alexxxprog: Create a bash procedure createdata that creates collections (directories) that that will have to contain a random number, comprised between 300 and 600, of binary files of dimension comprised between 10 Kbytes and 30 kbytes.
SlimeyPete: lynxz: without DMA enabled, your drive will be very slow",,,,,,,,,,,,
ubuntu:train:2012-05-04:106:0:160822,train,2012-05-04,other,friend_punith,,,,blocky,False,False,,blocky: how can I get a list of options,"shawn_: taxman: I just can't make a decision  to migrate from 32bit to 64bit.....
taxman: shawn_, my 12.04 is 64-bit and i can watch youtube without issues
blocky: anybody know what device I should install grub to?
SarahsButt: blocky: sda1
shawn_: but what will happen when you install some package without 64bit build? xD
iHarp: oscar76: It's not too much.. there is actually a formula to it
oscar76: blocky: preferably your first hd, and never a removable disk i guess
OerHeks: shawn_, it will run on ubuntu multiarch
blocky: parted is saying /dev/sr0 unrecognized disk label
Datz: what's up with the dependency problems when I try and install php5 on 12.04 gnome-session-fallback?
Guest135: re my previous question anything i can run on putty to see what mode (pio, udma6 etc etc) an attached usb drive is in? id usually use hdparm for this but it's not liking working on an external hdd.
blocky: how can I get a list of options",,,,,,,,,,,,
ubuntu:train:2009-07-02:79:0:121712,train,2009-07-02,addressed_not_question,friend_punith,,,,AndorinKato,False,False,djiezes,AndorinKato: djiezes: Yeppers,"Alumin: thanks a lot for the help with this, guys (even though it's still not working hehe)
djiezes: AndorinKato: and check if the primary key (win+c) works
umar: the above probelm prevents me from using eclipse on a project that is readonly. i wasn to edit it without changing permissions
Alumin: I have a USB mouse that works fine, so it's not epic fail at the moment
AndorinKato: djiezes: Nope, still doesn't work.
djiezes: AndorinKato: what about the primary keybinding?
Caleb_: Cosmo1:Dvorak is something you cant pronounce.Qwerty is easily pronouncible
AndorinKato: djiezes: My primary is Space, which DOES work.
Alumin: my primary uses for the netbook are remote administration with SSH, and lounging on the couch playing nethack...neither of which require a mouse
Cosmo1: yes Caleb_ but dvorak is better
djiezes: AndorinKato: and you've got the xf86audioplay binded in gnome settings shortcuts as play/pauze too?
AndorinKato: djiezes: Yeppers",,,,,,,,,,,,
ubuntu:train:2008-05-24:71:0:110127,train,2008-05-24,addressed_not_question,friend_punith,,,,p,False,False,HELLLLLLLLPPppppppp,"p: HELLLLLLLLPPppppppp: /dev/sda2 is (hd0,1); /dev/sdb3 is (hd1,2)         but how i wrote it bey /dev/sda1","dgz: is it done?
dgz: coz thats the last message i got, and im free to type in the shell again. huh
p: i have a problem how i wrote this /dev/sda1    (hd?,?)
erUSUL: dgz: sudo nvidia-xconfig ?
xintron: jrib: I have connected to a shell and using irssi from there, is it then possible to get that hint on my computer?
dgz: i see
gonzo1983: ragazzi ma qui si parla solo in inglese?
jrib: xintron: if google returns fruitful results, yes
p: /dev/sda2 is (hd0,1); /dev/sdb3 is (hd1,2)         but how i wrote it bey /dev/sda1
dgz: i dont get it. do i have to edit sudo nvidia-xconfig now?
jrib: dgz: it's a command you execute.  Nothing to edit
p: HELLLLLLLLPPppppppp: /dev/sda2 is (hd0,1); /dev/sdb3 is (hd1,2)         but how i wrote it bey /dev/sda1",,,,,,,,,,,,
ubuntu:train:2007-02-06:50:0:76300,train,2007-02-06,addressed_not_question,friend_punith,,,,Slasher,False,False,xtknight,Slasher: xtknight: thats all i got m8,"xtknight: agliv5: looks like a problem in the configure script to me
soundray: tuskernini: oh, and the top one works?
Vandalay: mb u need an gcc-compat pack
tuskernini: soundray, yes it works for everything i plugged in so far
nexousNET: haxality_: i tried pinging, unknown host google.com again
haxality_: hmmmm
haxality_: alright
haxality_: here's what we will do
haxality_: close out of wifi-radar
agliv5: xtknight, qemu can not be compiled with gcc 4.x according to their hompage...
Vandalay: just use fedora
Slasher: xtknight: thats all i got m8",,,,,,,,,,,,
ubuntu:train:2013-01-30:114:0:171019,train,2013-01-30,question,friend_punith,,,,histo,True,False,sam555,histo: sam555: What error? I've never seen that.,"sam555: histo: i used that command, however, it would not let me change it because it was too similar, but I need to make it this particular password.
ESphynx: Seven_Six_Two I couldnt open anything, but in the console I could start xfce...
histo: sam555: can you please pastebin the error you are receiving
w0rm-_x: histo, I keep getting messages stating that there was a problem with the system and keep reporting them without a respond, also Ubuntu gets stuck when shutting it down while the other OSs does not
ESphynx: Where can I configure to run an xfce session instead?
sam555: it worked histo!!!
barrett: gmachine_24, sorry, i'm frustrated because usually its packed in here and my raid array... is not assembling, and i'm panicking and nobody seems to have any advice
histo: sam555: I don't know where you were thinking it was too similiar that should not be an issue
sam555: histo: thanks much.  It was the sudo passwd otherusername that worked
sam555: histo: when I did just passwd, it would give me that error
sam555: thanks for the save
histo: sam555: What error? I've never seen that.",,,,,,,,,,,,
ubuntu:train:2011-12-07:103:0:156926,train,2011-12-07,addressed_not_question,friend_punith,,,,mbeierl,False,False,blabface,mbeierl: blabface: I knew there was another knob for that,"hassan_: hello, I'm using ubuntu 11.10 and I'm trying to install a webcam server. I found the package webcam-server but it's not working with ubuntu 11.10. Any other suggestions? thanks
mbeierl: blabface: maybe this instead: listen-address=127.0.0.1
blabface: same
jtruant: is there an autostart file, or a config somewhere I can edit? (to disable compiz loading at boot)
Num83rGuy: Could anyone help me connect my desktop to my wifes laptop with samba? It works on fresh installs but, stops working after a while for unknown reasons.
mbeierl: blabface: iirc, while it is bound to *, it drops all packets coming in from the interfaces it is told to ignore...
blabface: so unless i scan with a differnt box, it'll appear open?
pharr: action parsnip available?
mbeierl: blabface: that is what the ""bind-interfaces"" directive is for.  You want to uncomment that line if you want it to bind to 127.0.0.1 only
mattheas: I have a multiport nic card and it's now renamed 3 of my four ports to eth#_rename after I did a reinstallation. I'm running 10.04 and I previously had a NIC bond. I need help ASAP as I'm deploying to afghanistan soon!
blabface: oic
mbeierl: blabface: I knew there was another knob for that",,,,,,,,,,,,
ubuntu:train:2010-04-12:86:0:132174,train,2010-04-12,question,friend_punith,,,,januszeal,True,False,Nitsuga,januszeal: Nitsuga: did you read what I pasted?,"brax: LinuxGuy2009, that isn't working for some curious reason.
whileimhere: Silly question but whens the next Ubuntu Release?
cj__: I got it ,it is easy
LinuxGuy2009: abc123: Shift+Ctrl+T?
xangua: whileimhere: april 29
Nitsuga: januszeal, i don't see what's wrong with that IPV6 address
MarcusA: 10.04 is for later this month isn't it
LinuxGuy2009: april 29
cj__: how long have you use ubuntu ?
Out_Cold: do i have to reinstall to set up raid?
abc123: LinuxGuy2009, I meant in a bash script
januszeal: Nitsuga: did you read what I pasted?",,,,,,,,,,,,
ubuntu:train:2010-10-17:92:0:140369,train,2010-10-17,question,friend_punith,,,,barbseven,True,False,,barbseven: errrm the chipset is intel?,"ImAlive: BROTHER
yapsol: i should be laughing here, but it can't be helped
barbseven: snorlax, your a jackass
nickhtp: yea, don't say that
Gnea: enough.
ImAlive: broadcom is going open source
Snorlax: barbseven, really, linux on mac sucks. just buy intel hardware if you're gonna run ubuntu
Snorlax: you can sell that thing for top dollar
Gnea: !ot | barbseven, Snorlax
ubottu: barbseven, Snorlax: #ubuntu is the Ubuntu support channel, for all Ubuntu-related support questions. Please use #ubuntu-offtopic for other topics (though our !guidelines apply there too). Thanks!
Snorlax: even if its old
barbseven: errrm the chipset is intel?",,,,,,,,,,,,
ubuntu:train:2013-01-11:113:0:169372,train,2013-01-11,question,friend_punith,,,,vtghii,True,False,,"vtghii: blue112, ty for answer, how to chech if graphic acceleration is workinG?","blue112: bentinata, it complains about not being able to open X11 display (even with export DISPLAY=:0)
halo4: sticker
dr_willis: halo4:  then you need glasses and to read closer.
fishcooker: im on 12.04 where is the control panel?
fishcooker: i can't find .. im used to 10.04
halo4: how do you know what kind of prossesor i have?
bentinata: fishcooker, it's on the right-top
ph1rmw4r3: d
radium: hlw
vtghii: hi, Gnome shell is cp hog with FGLRX installed, how to fix this problem, I have an ati card, enough ram and processor, it's only with fglrx that GS use 50%cpu
blue112: vtghii, if anything graphic is using CPU, your graphic acceleration may be not working.
vtghii: blue112, ty for answer, how to chech if graphic acceleration is workinG?",,,,,,,,,,,,
ubuntu:train:2012-05-04:106:0:160641,train,2012-05-04,addressed_not_question,friend_punith,,,,arulmozhi,False,False,wylde,arulmozhi: wylde: yeah it is there...,"spybrook: I can view hulu...
GeoGeek: clear your cache
LinuxMonkey: spybrook: did you install the restricted package?
wylde: arulmozhi: did you make an actual cd/dvd with aptoncd?
spybrook: I think I have the restricted package...will verify
arulmozhi: wylde: no I hav the iso image
arulmozhi: no cd or dvd
wylde: arulmozhi: at any rate mount the disk/disk image in the packages directory should be the debs you require to re-install.
wylde: arulmozhi: that's fine just mount the iso.
arulmozhi: image mounted. the??
wylde: packages directory on the iso.
arulmozhi: wylde: yeah it is there...",,,,,,,,,,,,
ubuntu:train:2011-08-22:101:0:154411,train,2011-08-22,other,friend_punith,,,,nicofs,False,False,,"nicofs: flametai1, the ffmpeg version provided by ubuntu might be out of date... it *might* help to compile ffmpeg yourself...","majormeng: <unconvertable>
Pici: !zh | majormeng
ubottu: majormeng: , /join #ubuntu-cn <unconvertable> /join #ubuntu-tw
calwig: hi, I have a bit of an issue with the scrolling of the mousepad. Seemds like either code changed in xorg.conf or somewhere. What happens now is that I cannot scroll anywhere, and I used to be able to before (like 3 days ago) so where can I check this?
ActionParsnip: scoundrel50a: could try the daily build ppa
calwig: The mouse is out of whack. How can I reset it? I mean the Mouse settings work but still its too sensitive. Ubuntu 8.04. on an Inspiron E1505
nicofs: how do i generate a new .Xauthority file?
flametai1: Hey guys need some help, I'm trying to convert using vlc and I get this message. http://pastebin.com/mvyHQ8kB
flametai1: What do I need to do to fix this? o-o
\n: Can anyone point me to an *open source* driver for Broadcomm wireless B43 card? I've been going absolutely bonkers trying to make buggy proprietary drivers work with ndiswrapper!
Jojo__: hi, i recenly updated my 10.10 version to 11.04 through the update manager and now its takes about 20 second for the desktop to show up after loggong in. Any solutions ?
nicofs: flametai1, the ffmpeg version provided by ubuntu might be out of date... it *might* help to compile ffmpeg yourself...",,,,,,,,,,,,
ubuntu:train:2008-01-03:64:0:99121,train,2008-01-03,other,friend_punith,,,,Filled-Void,False,False,,"Filled-Void: RedHeron, Gutsy gibbon","DanB: im new to this so i may need help doing this
resnet: Anyone know how to get rid of this crackling noise that comes from any sounds played in Ubuntu? I am using an Intel HDA sound card. Turning down the PCM volume and other sound channels does not work. It is not specific to GStreamer. Anyone?
Marfi: RedHeron, ah, ok. just hopped on, and i thought it was something else. =)
RedHeron: Marfi: specifically because of code optimization issues.
Nostahl: what do the 64 bit processsors do different then regular processors
fb_: hi there. I have a small problem with kdenlive, anyone care to give me some help?
Filled-Void: RedHeron, Strange IM on AMD64 and running flash the update from the forum fixed my problem
RedHeron: Filled-Void: What version of Ubuntu are you using?
Vlet: Nostahl: http://en.wikipedia.org/wiki/64-bit
Nostahl: ty vlet
mike4785: will that overide advanced desktop effects settings that i alreaddy have runing or will they run in sync?
Filled-Void: RedHeron, Gutsy gibbon",,,,,,,,,,,,
ubuntu:train:2007-06-17:55:0:83975,train,2007-06-17,question,friend_punith,,,,ubuntu,True,False,Gnea,ubuntu: Gnea: what is lynx?,"Perdente: janian: why don't you get java from the synaptic manager?
ubuntu: Gnea: without GUI?
bronze---: mister_roboto - not free games, but games the work with linux WITHOUT wine or similar
Louie`: Is there something else i can look at?
fugitivo: anyone using intel video card onboard with G33 chipset?
wols_: Louie`: I asked you on what the torrent program acutally listens
kazim59: wols_: Can you explain how do I create an ISO? the options of mkisofs are too confusing
wols_: Louie`: you you haven't told me that yet
Gnea: ubuntu: use lynx or links
Frogzoo: nexous: do you mean /etc/apache2/sites-available/ ?
kazim59: I've copied the DVD to a folder...
ubuntu: Gnea: what is lynx?",,,,,,,,,,,,
ubuntu:test:2015-03-18:7:0:10917,test,2015-03-18,question,friend_punith,,,,galentanner,True,False,,galentanner: Interesting.  What does work with Linux?,"stephen613: but for Trusty
galentanner: working....
galentanner: One of the posts that I was referred to stated it was supported...
Ben64: galentanner: broadcom is not good on linux, which is why i suggested you get a different adapter
stephen613: for me 10.10 works great!
Amm0n: https://help.ubuntu.com/community/WifiDocs/Driver/bcm43xx
stephen613: It is just under Trusty 14.04 LTS I cannot get it to work
galentanner: Why does broadcom not work with linux?
Ben64: because broadcom doesn't play nicely
Renegade334: Broadcom provide their own drivers, and they're pretty ropey
galentanner: It says ""DKMS:install completed""
galentanner: Interesting.  What does work with Linux?",,,,,,,,,,,,
ubuntu:train:2011-04-28:99:0:151042,train,2011-04-28,addressed_not_question,friend_punith,,,,sobersabre,False,False,histo,sobersabre: histo: I ran vbeinfo in grub shell.,"maco: econnell: please don't use offensive language
sobersabre: vbeinfo is supposed to print out the vga modes list ?
sobersabre: histo: the above line was for you :)
econnell: sorry
histo: econnell: then perhaps the project needs to be picked up by someone else. That's how linux works I don't know what you want.
histo: sobersabre: here let me get you link you need something like vga=771
x3464: crap is considered offensive language?
maco: econnell: by the way, ive scrolled back pretty far in the backlog to as far back as i can see you first talking, and i dont actually see you ever saying what software it is you want someone to package, so i guess i wont be picking it up as my next upload
econnell: i just want someone to package it so i don't have to spend an entire weekend building packages for debian based systems... that's all
qin: nsmnmj: Gtk.org do not load, but it is not easy (or sane) to override version.
histo: econnell: I would put a message on your forums asking for such
sobersabre: histo: I ran vbeinfo in grub shell.",,,,,,,,,,,,
ubuntu:train:2011-12-07:103:0:157340,train,2011-12-07,addressed_not_question,friend_punith,,,,milamber,False,False,Samuel_Gabbay,milamber: Samuel_Gabbay: there should be a check box that says something along the lines of allow as executable,"Samuel_Gabbay: it that crap normal?
brightspark: Folklore, you can normally just type 'mail' but you may want to read the man page first.
milamber: Samuel_Gabbay: you are being abrasive in a channel full of volunteers. you are not providing any details that will allow people to help you
milamber: Samuel_Gabbay: do you know what an executable bit is?
Folklore: thanks bright
Tannerbaum: nobody knows...?
Samuel_Gabbay: okay i click on run and it does not open at all
Samuel_Gabbay: and i dont know if its 64 or 32 bit
milamber: Samuel_Gabbay: right click on it >> check the permissions tab
Samuel_Gabbay: ok
Samuel_Gabbay: thxx
milamber: Samuel_Gabbay: there should be a check box that says something along the lines of allow as executable",,,,,,,,,,,,
ubuntu:train:2007-01-29:49:0:74795,train,2007-01-29,addressed_not_question,friend_punith,,,,worldedit,False,False,xtknight,worldedit: xtknight: https://help.ubuntu.com/community/RestrictedFormats/StreamingVideo#w32codecs,"black_13_: how do i install quicktime
athena: xtknight: your suggesting i go to the kubuntu server
worldedit: xtknight: disregard that
xtknight: athena: #kubuntu channel.  type /join #kubuntu
xtknight: im not familiar with kubuntu hardly at all
brokenegg: !xhangs
ubotu: If the GUI hangs after logging in, use <ctrl><alt><f1> to switch to text mode. Log in and do: rm .{X,ICE}authority
mikejanssen: !beryl
ubotu: Beryl is a window manager that takes advantage of an OpenGL accelerated X environment. See http://forum.beryl-project.org/ - Help in #ubuntu-xgl
worldedit: xtknight: hold on a sec, i'll link it. i'm still ctrl-c + ctrl-v'ing >_<
Hisakasex: thanks xtknight .. I'll check my sites-available now to see what happens
worldedit: xtknight: https://help.ubuntu.com/community/RestrictedFormats/StreamingVideo#w32codecs",,,,,,,,,,,,
ubuntu:train:2010-06-21:88:0:134882,train,2010-06-21,question,friend_punith,,,,clao,True,False,,clao: ?,"Dan11b: um i dont think so, ill check on the back
Dan11b: i sent you a pm btw
HermanDE_: Leemp, In my case I have 2 systems across 6 servers, 10 workstations that were a PITA to package....
nvclocknoob: ah
Shamoun: hey guys, i am running xubunut and it doesn't have the services manager that ubuntu does. i need to have smbd and nmbd start automatically with my pc, how can i do that via command line?
Leemp: HermanDE_: What makes things a PITA to package?
Emry: Anyone know the URL for the bug tracker? To be honest, the behavior of the new notification system is so annoying that it is really starting to bother me. O.o;;
rww: !bugs
ubottu: If you find a bug in Ubuntu or any of its derivatives, please file a bug using the command <unconvertable> ubuntu-bug <package> <unconvertable> - See https://help.ubuntu.com/community/ReportingBugs for other ways to report bugs - Bugs in/wishes for the IRC bots (not Ubuntu) can be filed at http://bugs.launchpad.net/ubuntu-bots
clao: hye, im making abash script to execute a program using wine, but i need the script to run in aterminarl after i double click it, how can I do this please
Emry: Thanks!
clao: ?",,,,,,,,,,,,
ubuntu:train:2007-08-24:59:0:91747,train,2007-08-24,other,friend_punith,,,,mcrandello,False,False,,"mcrandello: eka, I use a separate /opt and /home, but then I use /opt like most folks do /usr/local","Flannel: eka: / and /home, (and swap) unless you know you'll be putting other stuff places.
fsuddin: want to try ubuntu and needed some help
ellispop: bruenig can i pm what shows up?
Pelo: Melwasul,  you should just need to plug the cable in the cable modem and the wire from the cable modem to the computer's ethernet card and boot , you should be conneted automaticaly
eka: so how much for / ?
bruenig: eka, 10 gig /, 500 mb swap, /home the rest
bruenig: ellispop, no
serenityUK: Schuenemann, nice
ellispop: pl
beg1689: eka: i use 10gb for /, 100gb for home
ellispop: oops
mcrandello: eka, I use a separate /opt and /home, but then I use /opt like most folks do /usr/local",,,,,,,,,,,,
ubuntu:train:2015-05-08:138:0:201397,train,2015-05-08,addressed_not_question,friend_punith,,,,daftykins,False,False,Voyage,daftykins: Voyage: install uml-utilities,"awktion: !upgrade
ubottu: For upgrading, see the instructions at https://help.ubuntu.com/community/UpgradeNotes - see also http://www.ubuntu.com/desktop/get-ubuntu/upgrade
awktion: sudo update-manager -d
pwpul: awktion, I ran the commands ki7mt suggested: apt-get update and afterwards upgrade
awktion: yes that makes sure your 14.04 or whatever your current installed version is is up to date
awktion: it will not take you to the next version
daftykins: !info tunctl
ki7mt: awktion, His problem is with the policy-kit1 and the software center, not apt-get.
ubottu: Package tunctl does not exist in vivid
awktion: ki7mt: ?
ki7mt: Yeah, read back through history, there's allot to the issue.
daftykins: Voyage: install uml-utilities",,,,,,,,,,,,
ubuntu:train:2011-12-07:103:0:156621,train,2011-12-07,question,friend_punith,,,,neersighted,True,False,,neersighted: I can be a little...ecentric?,"neersighted: :p
neersighted: plus i can chainload into grub from burg if i f*ck it up
neersighted: :p
neersighted: advantage of two bootloaders
JokesOnYou77: neersighted: yeah, I got nothing :P
* pp7 wonders why neersighted has such a fascination with ""/me""
JokesOnYou77: you can do that?
JokesOnYou77: that's awesome
neersighted: i sometimes talk in thrid person
neersighted: irl habbit lol
pp7: lol
neersighted: I can be a little...ecentric?",,,,,,,,,,,,
ubuntu:train:2009-05-08:78:0:119815,train,2009-05-08,other,friend_punith,,,,Gnea,False,False,,Gnea: hey,"lk5246: how do you set up software raid 0?
Gnea: !raid | lk5246
ubottu: lk5246: Tips and tricks for RAID and LVM can be found on https://help.ubuntu.com/community/Installation/SoftwareRAID and http://www.tldp.org/HOWTO/LVM-HOWTO - For software RAID, see https://help.ubuntu.com/community/FakeRaidHowto
lk5246: hi
Gnea: hello
lk5246: thanks for your help
Gnea: cheers
chuck_: nilihanth the only thing i know about oss is you cannot have it and alsa it's one or the other. i do not know the command to restart oss
arvind_khadri: !opera | ankur_
ubottu: ankur_: opera is an advanced and free (only as in price) web browser.  Install it via Applications->Add/Remove..., making sure that ""Show commercial applications"" (dapper only) is checked. For more info on opera please see: https://help.ubuntu.com/community/OperaBrowser
Drikan: hey Gnea
Gnea: hey",,,,,,,,,,,,
channel_two:all_:undated:0:0:1018,all_,undated,addressed_not_question,friend_punith,,,,Lynda,False,True,German,Lynda: German: thanks !,"Arlie: 4k was the norm for awhile
German: Jeanice, it sure ran on my 16mb, dunno about 8 though
Lynda: goldfish: so i need to wait until some people leave?
Arlie: my atari 400 only had 16k
Christiana: 4Kilobite, what can you do with that??
Arlie: Christiana, microsoft basic on cassette ran in 4k
Jeanice: Christiana: it should be enough for anyone
Christiana: Play with the BIOS or something?
German: Lynda, you need to register your nick at freenode, then try to join
Margene: I remember lose 98 was pretty fast on 64mb
Arlie: Christiana, what bios ?
Lynda: German: thanks !",,,,,,,,,,,,
ubuntu:train:2013-02-24:115:0:172294,train,2013-02-24,addressed_not_question,friend_punith,,,,mrproper,False,False,escott,mrproper: escott: it's just a question. Curiosity,"ntzrmtthihu777: no, that would kill the terminal he is in, right?
nearst: kill
scooby: k11: no - exit will close that shell session not log me out - under previous revisions of ubuntu I could do gnome-session-save --logout - but this is no longer there and the docs imply gnom-session-quit is the replacement but it does not work
escott: scooby, gnome-session-quit would kill your gui session
scooby: escott: yes - that is what I want - however the problem is that when I do it, and I have truied on multiple 12.x systems I get: WARNING: Failed to call logout
mrproper: hello. Is there a way to disable single user mode in grub2?
escott: scooby, is gnome-session running
escott: mrproper, why would you bother
yown: escott: Does writting a boot image on a usb flash drive the equivalent of writting over it?
nonan: notStewpid: say,  /root/file.conf, as long as you launch  it as shown in that page, wpa_supplicant -c/root/file.conf -i<interface> -D<driver> . see man wpa_supplicant
yown: completely?
mrproper: escott: it's just a question. Curiosity",,,,,,,,,,,,
ubuntu:train:2005-12-03:15:0:21778,train,2005-12-03,addressed_not_question,friend_punith,,,,indigirl1,False,False,majyk,indigirl1: majyk: tons of people have had that problem im sure,"leilson: Ola
trigg3r: hello
WebLOCH: thanks again dabaR
indigirl1: kvantti: reinstall will rarely fix a problem. thats just avoiding the problem
trigg3r: quick q: how do you access samba shares from the CLI?
majyk: anyone have any problems where their sound card was working fine then just stopped working (5.10)?
towsheba: well it would help is my bbconfig package was not broken :P
pppoe_dude: kvantti, i think that ext3 is self-maintaining, and when you run fsck, delete files, add new files, etc... it repairs itself to a certain extent
cast: majyk: changed the kernel?
Ep|phany: well see what happened was i installed this gstream0.8-mad thing so i could use mp3s in amorok but when i did that it uninstalled something and now i can only change the volume on master and not the volume for pc speakers and the sound icon shows it as mute
majyk: cast, I haven't changed anything
indigirl1: majyk: tons of people have had that problem im sure",,,,,,,,,,,,
ubuntu:train:2006-06-08:31:0:47804,train,2006-06-08,question,friend_punith,,,,Kman,True,False,,Kman: does it make a difference?,"duncan_: how do paste to the pastebin? lol
Kman: ok
CrippsFX: billytwowilly, sorry, that was my bad ... kpkg is for building the kernel ... heh.
TheSheep: !pastebin
ubotu: Please do not flood the channel http://paste.ubuntu-nl.org/ for pasting long texts it does not disrupt the channel. [webboard for Ubuntu: http://www.gnomefiles.org/app.php?soft_id=1269 : not an offical package] .
human: then hit resize or whatever it is
Kman: it should be my extended partition right?
Kman: add
Kman: hit add?
duncan_: thanks
human: you can make it extended if you want
Kman: does it make a difference?",,,,,,,,,,,,
ubuntu:train:2006-12-10:44:0:67187,train,2006-12-10,addressed_not_question,friend_punith,,,,Kingsqueak,False,False,christian1222,"Kingsqueak: christian1222: your system probably isn't setup to build, try 'sudo apt-get install build-esentials'","rainbowjoshua: is what I get when I plug it in.
Kingsqueak: air0day:  'sudo find /yourmount -type d -exec chmod 755 {} \;'
nn: got my lovely LCD mounted on my sunglasses, found a nice LiPolymer battery pack, to give me 4+ hours of run-time if i enable powersaving mode
Kingsqueak: air0day: 'sudo find /yourmount -type f -exec chmod 644 {} \;'
Kingsqueak: air0day: that will get the dirs and files readable, if you had executables, you'll have to chmod them 755 once you get that straight
ubuntu_: so noone here knows how to mount a HD while runing a live cd?
dm_: is there anyway i can get my monitor refresh rate to something which come up on the list?
* Rprp sleep, good night all.
christian1222: hey guys, why would gcc not be able to find stdio.h?
nn: christian1222: you need libc-dev iirc
nn: libc6-dev, actually
Kingsqueak: christian1222: your system probably isn't setup to build, try 'sudo apt-get install build-esentials'",,,,,,,,,,,,
ubuntu:train:2006-08-13:37:0:56593,train,2006-08-13,question,friend_punith,,,,Talisker[w] ,True,False,,Talisker[w] : so I need to double them for the escape char?,"Talisker[w] : oops, sorry for that paste
Talisker[w] : won't happen again
DarkElf109: Talisker[w] : Replace the backslashes with forward slashes
Talisker[w] : Tried that
DarkElf109: Talisker[w] : bash reads backslashes oddle
DarkElf109: oddly*
gdb: Shinzetsu: Ah, it's what Bonez56 said earlier: update-alternatives --config usplash-artwork.so"" -- did you run that?
gdb: er sans ""
Talisker[w] : oh
Shinzetsu: yeah, i chose the ubuntu one :/
gdb: hrm
Talisker[w] : so I need to double them for the escape char?",,,,,,,,,,,,
ubuntu:validation:2004-11-15:0:0:507,validation,2004-11-15,other,friend_punith,,,,|trey|,False,False,,"|trey|: jief, it will only return packages that contain 'subfont.ttf'  :/","mjr: jief, correct
|trey|: jief, True Type Font, yes
jief: anyone would know in which package subfont.ttf might me?
|trey|: jief, apt-get install apt-file... then do a search for it...
jief: i know that
jief: but there's a lot of truetype packages
|trey|: jief, then why ask   ;)
mjr: jief, apt-file allows you to search by filename
the_one: while installing realplayer, I have a message ""enter the prefix for symbolic links [/usr] : ??what is the right prefix? /usr?
jief: well, maybe someone knows. i don't want to search, i search all day at work
jief: when i get home, i want it easy
|trey|: jief, it will only return packages that contain 'subfont.ttf'  :/",,,,,,,,,,,,
ubuntu:test:2005-07-06:0:0:1054,test,2005-07-06,other,friend_punith,,,,Shorty`,False,False,,Shorty`: ~/,"Shufla: hello ubuntiers :)
[noobuntu] : chips are SIS SI7012 with CMI 9761 mixer
Dreco: Question: How do I search for a specific file name ?
Shufla: Dreco: find <dir> -name <fname>
[noobuntu] : Dreco, try locate <filename>
Shufla: 49min2go :D
Dreco: thank you
Tomcat_: Dreco: There's also a ""Search for file"" in the ""Places"" menu.
[noobuntu] : crimsun is not here..
Dreco: I am trying to find out where wine dumps its fake.windows installation files ?
Dreco: or where I can find fake.windows
Shorty`: ~/",,,,,,,,,,,,
ubuntu:train:2012-11-24:110:0:166620,train,2012-11-24,other,friend_punith,,,,Reptile_Skillz,False,False,,"Reptile_Skillz: ActionParsnip,  Yeah, I Did. My dad is even stumped on this one","ActionParsnip: Wiz_KeeD: no wrries. The PPA makes life a lot easier
kgs: topper4125: here? :)
Reptile_Skillz: ActionParsnip,  I have. Ive also rebooted my Router And Modem.
Wiz_KeeD: i saw these instructions on some other site using google but i never got which way is the best to go
Wiz_KeeD: using software center, apt-get from repositories, adding other repositories and then isntalling, using debs to install
ActionParsnip: Reptile_Skillz: why are you using a system to get web access if you have a router?
Wiz_KeeD: there are so many ways
ActionParsnip: Wiz_KeeD: there are lots of ways to do many things in any OS
Wiz_KeeD: yeah well installing in ubuntu has many of them :))
Reptile_Skillz: ActionParsnip,  No, I have a Wireless Router, And Im too far away to use a cable. I only have 1 cable in the house, And my Wireless card on my dekstop )Non Built In) Doesnt work
ActionParsnip: Reptile_Skillz: did you setup the connection sharing in the other OS correctly?
Reptile_Skillz: ActionParsnip,  Yeah, I Did. My dad is even stumped on this one",,,,,,,,,,,,
ubuntu:train:2010-02-13:83:0:127012,train,2010-02-13,addressed_not_question,friend_punith,,,,iceroot,False,False,edbian,iceroot: edbian: vlc,"erUSUL: GhostWolf: you missed the url part of the factoid ----- >>>>> http://tinyurl.com/imagebin
GhostWolf: ok..
Nibz: After downloading and installing ubuntu 9.1 I updated rebooted, Grub came up with its promot and will not load ubuntu
[1]timaaarrreee: hmm
iceroot: Nibz: what about error-codes?
erUSUL: Nibz: yiou end up in some sort of minimal shell ? busybox ?
Nibz: yeah
Nibz: busybox
Nibz: droped my shell
edbian: What's a good movie player for KDE besides kaffiene??
erUSUL: Nibz: iceroot asked already any menaingfull message?
iceroot: edbian: vlc",,,,,,,,,,,,
ubuntu:train:2006-01-12:20:0:30252,train,2006-01-12,question,friend_punith,,,,tafsen,True,False,,tafsen: How do I turn of Nautilus drawing the desktop?,"jader_: thanks
woodgrain: nickrud, just to see what set to what?
iKernel: mikelinux: No idea.
nickrud: woodgrain, sure you can. for example : export MYENV=whatisiswhatis ; env | sort
mwe: woodgrain: /etc/environment or /etc/profile or ~/.bashrs, export VAR=value
psycode: how did you guys install realplayer? i might have done it wrong...
iKernel: mikelinux: I have copied a file or two from an ext3 partition using LTOOLS on windows...
woodgrain: mwe,  did you meand bashrc??
mwe: woodgrain: though you'd leave out export in /etc/environment
nickrud: woodgrain, you can alter any environment variable to suit yourself
kameron: woodgrain: pdv is lengthly, to just see your path, try: echo $PATH
tafsen: How do I turn of Nautilus drawing the desktop?",,,,,,,,,,,,
ubuntu:train:2010-05-30:87:0:133892,train,2010-05-30,addressed_not_question,friend_punith,,,,kjele,False,False,Flyingwatermelon,kjele: Flyingwatermelon: Then you have the latest grub version.,"Vax_: xangua, it's not what i meant. it just shows current tasks. I want the one as in macos
uLinux: Anybody can made ident work?
uLinux: !ident
kjele: Flyingwatermelon: Anyway since you have problem with that command use this instead ""apt-cache policy grub-pc""
Flyingwatermelon: kjele, /usr/sbin/grub-mkconfig (GNU GRUB 1.98-1ubuntu6)
Docteh: uLinux: for irc?
uLinux: yes
Docteh: !package fakeidentd
Docteh: hmmm
MaMoUs: FireFox Segmentation fault
Docteh: oh no such package
kjele: Flyingwatermelon: Then you have the latest grub version.",,,,,,,,,,,,
ubuntu:train:2007-07-03:56:0:86447,train,2007-07-03,other,friend_punith,,,,Invisionfree,False,False,,Invisionfree: !info lamp-server,"Invisionfree: !info lamp
ubotu: Package lamp does not exist in feisty, feisty-seveas
Invisionfree: Ugh
cr9c: i have other things loading
Invisionfree: What was it?
cr9c: hang on and i'll tell you what they are.
sam_: but then i have to configure them separetly
jhaig: sam_: Sorry.  :-)
mbumba: me too
liquiddoom: <cr9c>: Hmm... the login would probably be the shell coming up
sam_: so i have to conf. them individually?
Invisionfree: !info lamp-server",,,,,,,,,,,,
ubuntu:train:2006-05-02:25:0:37326,train,2006-05-02,addressed_not_question,friend_punith,,,,Xenguy,False,False,djs_2_6,Xenguy: djs_2_6: enlightenment is old now AFAIK,"cliche: Coir, I doubt there is one
Xenguy: s/light/ligher
{anna}O: i cant get there it wont let me log on gives me an error then logs me out i can only get into the fail safe termaial
djs_2_6: Xenguy - Is xfce also called enlightenment?
Xenguy: gah
jmg: windowmaker
eobanb_: djs_2_6, no
Xenguy: djs_2_6: no; different
Coir: Really? o_o
eobanb_: djs_2_6, e is a different window manager
jmg: djs_2_6: therei s a proposal to make ebuntu (ubuntu with e17)
Xenguy: djs_2_6: enlightenment is old now AFAIK",,,,,,,,,,,,
ubuntu:train:2011-02-23:95:0:145530,train,2011-02-23,other,friend_punith,,,,ashish,False,False,,ashish: how to download frm u tube,"petesy: jrib, yea but because it says /bin/sh they hated me lol
jrib: petesy: your script says /bin/bash
oliver_: Voita:  check out the xubuntu channel #xubuntu
petesy: jrib, o sorry i must have not changed it back
BluesKaj: jrib, ok i wasn't aware of that , is it the engine under /etc/network/interfaces ?
jrib: BluesKaj: no, i believe it's just an interface to nm, with commands instead of clicking
NeoSentient: Hi all :) My wireless has been running straight ""out of the box"" with fresh install, but I just noticed in my connection properties it is registering as 150mbps connection, the network is 300mbps, is this just a display error or do I need to configure something to utilise full speed wireless?
BluesKaj: jrib, intersting , good to know
gaelfx: NeoSentient: It's probably an issue with the driver not being able to utilise the card fully. What kind of wifi card is it?
NeoSentient: I'm running 10.10 on a HP Pavilion Dv6 Laptop, the network cards installed are atheros for wifi and realtek for lan as far as I am aware
ashish: hi pl tell me about download from you tube
ashish: how to download frm u tube",,,,,,,,,,,,
ubuntu:train:2006-08-15:38:0:58459,train,2006-08-15,question,friend_punith,,,,davidrincon2006,True,False,,davidrincon2006: can i jus t drag and drop?,"david___: hi!
Canute: i think i've found the problem, somehow, the network refuses (through the gui) to set eth1 as defualt gateway, is it possible to do that with a command?
Madpilot: ivx, if you're a newbie, why are you messing with compiling? There's a massive amount of stuff in Ubuntu's repos...
playtime3: ok i've just intall clamAV how do scan my computer?
tyler_d: morphix: how do I run the control once it is installed
davidrincon2006: what do i do now
Madpilot: davidrincon2006, cool, was it just really slow to start?
ivx: i am trying to install a program, i am following supplied instructions
ardchoille: UpMarc: What is your native language?
Madpilot: ivx, which program?
morphix: tyler_d: sudo fglrx-control from a terminal
davidrincon2006: can i jus t drag and drop?",,,,,,,,,,,,
ubuntu:train:2006-05-27:27:0:40408,train,2006-05-27,addressed_not_question,friend_punith,,,,bimberi,False,False,Remy_,bimberi: Remy_: cowsay :),"sovieticool: nop sorry livingdaylight
sovieticool: now to linux :(
C|int: k.. :)
bimberi: toodles: it's a wiki, feel free to change it yourself.  Keep in mind that Sun Java is only available in dapper's multiverse and it is still in beta
Ng: livingdaylight: no, you probably need a keyword plugin for your blog software or something. *shrug*
livingdaylight: C|int: i want to create a link from my blog to a video in youtube.com by using a word not pasting the whole url
Ng: toodles: the ubuntu-sounder or ubuntu-devel mailing lists would probably be a good place to ask. search the archives first though, there have already been some discussions about the sun jre packages
livingdaylight: Ng: *shux* : )
Remy_: hey fellas, what are any other cool / funky / usefull apps or games or settings or whatever that you install with ubuntu ?
Remy_: give me your favorite :)
toodles: bimberi, Cheers thanks
bimberi: Remy_: cowsay :)",,,,,,,,,,,,
ubuntu:train:2010-05-30:87:0:134008,train,2010-05-30,addressed_not_question,friend_punith,,,,ubottu,False,False,pr0zac,"ubottu: pr0zac: En la mayoria de canales de Ubuntu se habla solo en ingles. Si busca ayuda en espanol o charlar entra en el canal #ubuntu-es. Escribe ""/join #ubuntu-es"" (sin comillas) y dale a enter.","pr0zac: but i have this problem
ubottu: avg_guy: To replicate your packages selection on another machine (or restore it if re-installing), you can type <unconvertable> aptitude  --display-format '%p' search '?installed!?automatic' > ~/my-packages <unconvertable> , move the file ""my-packages"" to the other machine, and there type <unconvertable> sudo xargs aptitude --schedule-only install < my-packages ; sudo aptitude install <unconvertable> - See also !automate
Gideon: hi
oCean_: !ru | drsmyrke
ubottu: drsmyrke: <unconvertable> <unconvertable> #ubuntu-ru <unconvertable> <unconvertable> <unconvertable> <unconvertable> <unconvertable> <unconvertable>  / Pozhalujsta posetite #ubuntu-ru dlya polucheniya pomoshi na russkom yazyke
Gideon: Can someone help me?
a3ist: !ask | Gideon
ubottu: Gideon: Please don't ask to ask a question, simply ask the question (all on ONE line and in the channel, so that others can read and follow it easily). If anyone knows the answer they will most likely reply. :-)
pr0zac: any speak spanish?
overmind: pr0zac: /join #ubuntu-es
a3ist: !es | pr0zac
ubottu: pr0zac: En la mayoria de canales de Ubuntu se habla solo en ingles. Si busca ayuda en espanol o charlar entra en el canal #ubuntu-es. Escribe ""/join #ubuntu-es"" (sin comillas) y dale a enter.",,,,,,,,,,,,
ubuntu:validation:2008-12-11:3:0:4563,validation,2008-12-11,question,friend_punith,,,,bullgard4,True,False,,"bullgard4: man 2 stat: ""stat() stats the file pointed to by path and fills in buf."" What does mean 'to stat' here?","james1979: !list
ubottu: Hi! I'm #ubuntu's favorite infobot, you can search my brain yourself at http://tinyurl.com/5zfb6t - Usage info: http://wiki.ubuntu.com/UbuntuBots
ActionParsnip1: pretty small
DaveKong: ActionParsnip1, yea and looks like it has less dependencies as well
ActionParsnip1: DaveKong: specially if you already have / use wine
fakeplastic: !schedule
ubottu: Ubuntu releases a new version every 6 months. Each version is supported for 18 months to 5 years. More info at http://www.ubuntu.com/ubuntu/releases & http://wiki.ubuntu.com/TimeBasedReleases
ultratek: hi i need some help
ultratek: ?
ActionParsnip1: !ask | ultratek
ubottu: ultratek: Please don't ask to ask a question, simply ask the question (all on ONE line, so others can read and follow it easily). If anyone knows the answer they will most likely reply. :-)
bullgard4: man 2 stat: ""stat() stats the file pointed to by path and fills in buf."" What does mean 'to stat' here?",,,,,,,,,,,,
ubuntu:train:2010-08-05:89:0:136712,train,2010-08-05,question,friend_punith,,,,hiddenpearls,True,False,,hiddenpearls: anyone here can help me ?,"demoneye: Anyone eles could help me with it?
JamesWStubbs: Hello, I'm doing an Ubuntu port to the iPhone, I'm having a problem with screen rotation using Fbdev and evtouch. Both will work fine in portrait, but for screen estate reasons I need it to be landscape before I can release my images. I've added Option ""Rotate"" ""CW"" to xorg.conf, which will rotate the screen when X starts but as soon as the screen is touched the X server closes. I've also tried adding Mode ""480x320"" to the Display section of xorg.conf bu
Amber_: My Sudo is all messed up can anyone help me with it ? sudo: must be setuid root
ShapeShifter499: JamesWStubbs: omg to iphone
JamesWStubbs: ShapeShifter499: Yes
JamesWStubbs: ShapeShifter499: Currently only the 2G and 3G
ShapeShifter499: JamesWStubbs: ubuntu on an idevice would be soo win
JamesWStubbs: It's works nicely in landscape if I use evdev for input
JamesWStubbs: Works fast using icewm for the window manager
hiddenpearls: hey guys, this Ubuntu has mad me
hiddenpearls: damn, it is not installing on my laptop
hiddenpearls: anyone here can help me ?",,,,,,,,,,,,
ubuntu:train:2011-03-18:96:0:147189,train,2011-03-18,question,friend_punith,,,,lebear,True,False,,lebear: Has anybody got the native Spotify client to play local files?,"symmm: so can i bother you guys again about the switching the keyboard layout thing? :3
HyperHoRse: unstable
HyperHoRse: how
HyperHoRse: does it crash easily
HyperHoRse: is it me or is creating a usb stick from windows almost impossible? everytime it seems to fail but i havent made a usb from linux yet so im knowing this will work.
rr0hit: HyperHoRse: use latest unetbootin. Works fine. And ask similar questions in #ubuntu+1.
osse: Hi, I'm trying some bash scripting, but I encountered a problem. var='~/'; ls $var gives ""ls: cannot access ~/: No such file or directory"". It seems ~ is taken literally. Is there any way to avoid that?
osse: It doesn't work with double quotes either
overclucker: osse: does var=""~/""; do it? '' might not be expanding ~
osse: overclucker, I get the exact same result
overclucker: osse: then try var=""$HOME/"";
lebear: Has anybody got the native Spotify client to play local files?",,,,,,,,,,,,
ubuntu:train:2014-08-14:131:0:192289,train,2014-08-14,question,friend_punith,,,,dohzer,True,False,,"dohzer: Can anyone recommend some software to synchronise files between devices (desktop, laptop, usb thumbdrive, etc)?","Takkun: my ssd does not show up anymore
TJ-: Takkun: One thing to check before talking to Lenovo. In the Firmware Setup, check that Intel Rapid Storage option is disabled
Takkun: TJ-: yes sir it is disabled ^^
TJ-: alfonsojon: There's a known issue with Toshiba SSDs where the firmware gets corrupted and the device isn't seen by the system (firmware or OS). We've checked using the Lenovo/Toshiba SSD firmware updater and the device doesn't need the firmware update
Psil0Cybin: Reformatted TJ- much better.
alfonsojon: Never trust Toshiba hard drives
alfonsojon: Never.
Psil0Cybin: :o
Psil0Cybin: thanks for the hdups
TJ-: Psil0Cybin: :)
Takkun: TJ-: I'm not sure if this question is appropriate for this irc channel, but could you perhaps give me tips to becoming as good as a programmer like you? esp so i can handle linux as well as you?
dohzer: Can anyone recommend some software to synchronise files between devices (desktop, laptop, usb thumbdrive, etc)?",,,,,,,,,,,,
ubuntu:train:2010-08-15:90:0:137440,train,2010-08-15,addressed_not_question,friend_punith,,,,icedwater,False,False,ilul,icedwater: ilul: #ubuntu-id,"d09eat90d: hi room
ZykoticK9: !controls | bullhorn
coz_: bullhorn,  also  when you talk to someone specifically  type the first 2 or 3 letters of their name and hit the tab button to compete the name and then write the message
ubottu: bullhorn: In Lucid, the minimize, maximize, and close buttons have been moved to the left side. For more information, please see https://bugs.launchpad.net/ubuntu/+source/light-themes/+bug/532633/comments/564 | To move them back to the right-hand side, see http://sites.google.com/site/alucidfs/how-i-do/move-buttons-to-right-side
cesc: pure_hate I think it is loaded in kernel check this out.. line 3    http://ubuntu.pastebin.com/fRHMprf1
coz_: bullhorn,  ok hit  alt+F2 again and type in    gconf-editor
HoopyFrood: I installed Lucid and Grub to an external hard drive, but whenever I boot to the hard drive, the grub rescue screen appears. I have tried installing grub onto the drive from ubuntu, another copy of which I have on my internal drive, and manually replacing the grub folder as root, both without success
coz_: bullhorn,   click apps  then scroll down to matacity  then click the plus sign  then click on   Genearl under metacity
pure_hate: cesc, You may need to use the rtl8187 driver
d09eat90d: any idea how to anonymize with tor using vidalia on lucid?
ilul: oh............... help me...........
icedwater: ilul: #ubuntu-id",,,,,,,,,,,,
ubuntu:train:2013-02-24:115:0:171999,train,2013-02-24,addressed_not_question,friend_punith,,,,bekks,False,False,Wolfgang__,bekks: Wolfgang__: It is called: VBoxManage - not vmanage or something else.,"Wolfgang__: bekks : is it in the program files?
mneptok: COLORS: please don't state thew obvious. this is a support channel. :)
COLORS: Sorry :P
bekks: Wolfgang__: I dont know where you installed vbox to.
Wolfgang__: Program files
Wolfgang__: is it in the folder in there?
bekks: Wolfgang__: Just look in that folder then...
COLORS: Wolfgang:__ Program Files or Program Files (x86)
Wolfgang__: COLORS: im in there but i dont see vmanage
mneptok: Wolfgang__: are you running VBox on Windows? if so, your issue is not really relevant to an Ubuntu support channel.
COLORS: Wolfgang__: Go into the Oracle VM Virtualbox folder
bekks: Wolfgang__: It is called: VBoxManage - not vmanage or something else.",,,,,,,,,,,,
ubuntu:train:2012-06-02:108:0:163784,train,2012-06-02,question,friend_punith,,,,LoRez,True,False,,LoRez: is there a way to get ubuntu 11.10/12.04 to not capture Alt-~?,"Bhavesh: delac: so you mean I should install gnome-shell and then use ccsm on unity?
Bhavesh: no
delac: Bhavesh: I think gnome-panel is enough for gnome classic, but gnome-shell might incluede it too...
Bhavesh: MonkeyDust: ok, rt
Bhavesh: ty*
Bhavesh: alright
delac: Bhavesh: just see that the unity plugin is disabled in the ccsm before you start using other plugins
Bhavesh: delac: ok thank you.
jennie: what are features in ubuntu that makes it ahead of other distros ?
oCean: jennie: this channel is for tech support issues. Please use #ubuntu-offtopic for general discussion
Jancoover: ##english
LoRez: is there a way to get ubuntu 11.10/12.04 to not capture Alt-~?",,,,,,,,,,,,
ubuntu:train:2017-02-06:146:0:210503,train,2017-02-06,addressed_not_question,friend_punith,,,,MrOpenSource,False,False,k1l,MrOpenSource: k1l: I will uninstall mine and try this one,"refeaime: And linux distros are pretty close to each other...
refeaime: So...
refeaime: Do not know what the problem.
refeaime: anyway
k1l: refeaime: ""just look at the arch wiki"" is not how the ubuntu community support works. i guess you dont want to hear for your l2tp issue: just read the manuals from the other distro
refeaime: k1l: i would be very thanks if you'd give me gentoo docs for l2tp.
k1l: MrOpenSource: which roccat mouse do you got there?
refeaime: Sorry, am just in another world...
MrOpenSource: k1l Roccat Kova+
Celphish: isn't anyone here a bit more familiar with the sftp-command from the terminal?
k1l: MrOpenSource: did you look at using this ppa? https://launchpad.net/~berfenger/+archive/ubuntu/roccat
MrOpenSource: k1l: I will uninstall mine and try this one",,,,,,,,,,,,
ubuntu:train:2013-05-05:116:0:173898,train,2013-05-05,other,friend_punith,,,,mizifih,False,False,,"mizifih: AVI, yeah","mizifih: it's just a container
Dr_willis: it might just need tobe called whatever.avi   instead of whatever.mp4
Dr_willis: or it might have to be some specific codecs
mizifih: Sony...
mizifih: It's probablu AVC something
mizifih: probably*
mizifih: is it AVC... I had some trouble with my PSP back when I used it to play videos
Dr_willis: hard to tell with sony these days.. the PSP i recall played mp4's but they had to be special encoded
mizifih: avc
mizifih: I think it was avc, if the name is right
nick14: mizifih: right, just a container?
mizifih: AVI, yeah",,,,,,,,,,,,
ubuntu:train:2017-03-23:148:0:213686,train,2017-03-23,other,friend_punith,,,,MadPsy,False,False,,"MadPsy: Haohmaru, ok then look into how to mount a samba share - you'll need to 'apt install samba-common' and then mount with something like 'mount.cifs -v //blah /blah/'","Haohmaru: ""why not"" <- i have no idea what i can or cannot do to start with
ppf: MadPsy: and how do i Pin that package to this specific version so another upgrade won't override me again?
Haohmaru: i have some project which references files over the network, and when i tried opening that project under ubuntu - it complained about those files
MadPsy: ppf, apt pin priorities - not sure exactly how off the top of my head
MadPsy: Haohmaru, what type of 'network share' are they?
brunch875: Haohmaru: basically when you plug in a thumb drive, you can ""mount it"" by making it appear as a folder inside your system. Normally it appears in /media/haohmaru
brunch875: it should be about the same with network shares
Haohmaru: MadPsy it's a samba server thing
ppf: MadPsy: apt-mark hold does the trick!
ppf: ty
brunch875: Haohmaru: this any help? http://imgur.com/a/2vghb
MadPsy: Haohmaru, ok then look into how to mount a samba share - you'll need to 'apt install samba-common' and then mount with something like 'mount.cifs -v //blah /blah/'",,,,,,,,,,,,
ubuntu:test:2015-03-18:7:0:11393,test,2015-03-18,other,friend_punith,,,,ace2race,False,False,,ace2race: it didnt work,"galentanner: I'm not sure if my Broadcom wiFi card is compatible with linux.  How do I tell?
artienne: but i'm not signing up for yet another website forum that i'll use once or twice
cfhowlett: !broadcom | galentanner, broadcom is supported.
ubottu: galentanner, broadcom is supported.: Help with Broadcom bcm43xx can be found at https://help.ubuntu.com/community/WifiDocs/Driver/bcm43xx
ace2race: what is the 3ds video format?
Ben64: galentanner: see this is why i said you should buy a different adapter, broadcom is a pain
galentanner: Mine says : 05:02.0 Network controller [0280]: Broadcom Corporation BCM4318 [AirForce One 54g] 802.11g Wireless LAN Controller [14e4:4318] (rev 02)
ace2race: how do i get the libavtools package?
cfhowlett: ace2race, sudo apt-get install libavtools
galentanner: Is the ""rev 02"" mean its not the version that is supported?
ace2race: i did that
ace2race: it didnt work",,,,,,,,,,,,
ubuntu:train:2014-09-29:132:0:194107,train,2014-09-29,question,friend_punith,,,,holden87,True,False,,"holden87: Hey guys, one question: If i was looking something nice, stable, with a prolongued support for a laptop (4gb ram), dual core intel 2.1, what would you suggest?","varunendra: roamer, not here, at Ubuntu Forums. Oldfred
sheap: http://paste.ubuntu.com/8459434/ anyone know why this package is being selected? 1.1 is in trusty-updates but I don't have that in my sources list.....idk where it's coming from :(
erayaydin: OerHeks: I using Code::Block and compiler GCC. I used `nullptr` but editor saying: ""warning: identifier 'nullptr' is a keyword in c++11, error: 'nullptr' was not declared in this scope""
jiohdi: varunendra, anything else maybe causing the problem with bad password?
erayaydin: OerHeks: my GCC version: 4..8.2 - null pointer constant min version: 4.6
ticket: hi people
reisio: hi tick
ticket: since i upgraded to ubuntu 14 (from ubunto 12), i cant run the x seerver anymore :/
varunendra: jiohdi, the only thing that causes troubles for me is ""two-step-verification"" feature of google, where we need to generate an ""application password"" for specific applications like chat clients. If you haven't enabled 2-step-verification, I can't guess what else could be causing the error (apart from a typo of course).
ticket: i now only have the tty to use my ubuntu
jiohdi: varunendra, I am not sure about the 2 step thing, if I have that enabled what am I supposed to put in when it asked for my j@gmail.com password other than my password?
holden87: Hey guys, one question: If i was looking something nice, stable, with a prolongued support for a laptop (4gb ram), dual core intel 2.1, what would you suggest?",,,,,,,,,,,,
ubuntu:train:2005-07-29:11:0:17129,train,2005-07-29,other,friend_punith,,,,TD,False,False,,TD: ta,"Crembo: hey all! I've just downloaded and burned the Ubuntu combo installer+live+large fries DVD. after booting with it, how do I select which route to take? (currently, I'm a windows user with zero linux knowledge).
TD: Seveas: where?
Seveas: Crembo, when you boot from it, you select install-or-live
pcharky: Crembo: which route?
sexcopter8000m: i've only changed the ntfs to vfat in the line - now reads ""/dev/sda2       /media/D        vfat    umask=0222      0       0"". Ok?
Crembo: Live CD.
Seveas: sexcopter8000m, ok
sexcopter8000m: cool :)
Seveas: TD, http://changelogs.ubuntu.com/changelogs/
sexcopter8000m: other people who know me know i'm often paranoid ;)
Crembo: I've been searching around the forums and documentation to figure out the exact series of steps I need to take in order to dual-boot with my XP. unfortunately, all I've come across so far was jumbled, not quite clear and/or conflicting.
TD: ta",,,,,,,,,,,,
ubuntu:train:2010-04-12:86:0:132251,train,2010-04-12,addressed_not_question,friend_punith,,,,januszeal,False,False,Nitsuga,januszeal: Nitsuga: welcome to 20 minutes ago,"Bleach:  how to use wget comments in terminal
mcurran: git co http://...
januszeal: Nitsuga: oh, really? I was not aware ip4 addresses were only 3 segments
ianwizard: I can't copy the files from it, and using dd wouldn't work because I can't use it while the fs is mounted, or the result will be corrupt
Bleach: hiexpo, through wget
Nitsuga: cj__, not much. I don't know anyone who uses it in real-life. But in 3 days Richard Stall man will come to my town, and I'm seeing a lot of linux activity on the inet.
LinuxGuy2009:  ianwizard: Need some help?
prappl93: Is there a way to tell if my computer can support Ubuntu 9.10?
Nitsuga: januszeal, ohh you got me
dancallo: prappl93: yes, use the liveCD
LinuxGuy2009: prappl93: Download and test the live CD
januszeal: Nitsuga: welcome to 20 minutes ago",,,,,,,,,,,,
ubuntu:validation:2009-03-03:5:0:6979,validation,2009-03-03,question,friend_punith,,,,h_torque,True,True,,"h_torque: hellas! after playing around with plymouth vesafb (built-in) stopped working (black screen during boot, black screen when switching to terminals). any idea where I should look to get this fixed?","suzao: ;-)
ikonia: suzao: I said ""gate""
suzao: ok
HentaiXP: looks like 32bit
ikonia: HentaiXP: wrong person posted there unmame command
ikonia: it's gate who wants help
HentaiXP: heh my bad
ikonia: HentaiXP: got me too
gate: thank-s
ikonia: gate: no - we need to see your ""uname -m"" output
ikonia: gate: then we can tell you
h_torque: hellas! after playing around with plymouth vesafb (built-in) stopped working (black screen during boot, black screen when switching to terminals). any idea where I should look to get this fixed?",,,,,,,,,,,,
ubuntu:train:2013-01-30:114:0:170875,train,2013-01-30,question,friend_punith,,,,kryl,True,False,,"kryl: hi, what about backup ntfs partition (with win vista) I used dd to backup & restore like normal. And don't touch the master boot record. But for the second time when I boot after restoring this partition win stay locked on the logo. Any advices please ? What am I doing wrong ?","jrib: I wonder if he knows how to add a user to a group
histo: ESphynx: That's possibly due to the removal of unity2d
ESphynx: histo why on earth would that be done
mattwj2002: hi guys ubuntu for android
ESphynx: histo know any work around?
mattwj2002: is that available yet?
mattwj2002: if so where is it at?
barrett: I'm really desperate is there anyone that can help me with my mdadm array not coming up?
Frozenthia: That was weird.
barrett: the hard drives seem to be making noises, beeping, I need to run some diagnostics or get it online to copy data off if its failling
histo: ESphynx: try a different desktop environment
kryl: hi, what about backup ntfs partition (with win vista) I used dd to backup & restore like normal. And don't touch the master boot record. But for the second time when I boot after restoring this partition win stay locked on the logo. Any advices please ? What am I doing wrong ?",,,,,,,,,,,,
ubuntu:train:2006-08-11:36:0:54953,train,2006-08-11,question,friend_punith,,,,sanmarcos,True,False,,sanmarcos: can anybody print me the /etc/issue here?,"Tonren: el_isma: hehe no doubt
{K}Lubby: sweet
Pyromaniak: wine: creating configuration directory '/home/firestarter/.wine'...
Pyromaniak: wine: cannot find 'rundll32.exe'
Pyromaniak: wine: wineprefixcreate failed while creating '/home/firestarter/.wine'.
odat: is the .1 update available through synaptic?
{K}Lubby: and does ubuntu need stuff like antivirus?
Tonren: {K}Lubby: lol, nope
pushpop: odat: new install how do I set a password for sudo/root
{K}Lubby: didn't think so ;O
Tonren: {K}Lubby: There might be.. three viruses in existence for linux.  ever.  MAYBE.
sanmarcos: can anybody print me the /etc/issue here?",,,,,,,,,,,,
ubuntu:train:2006-01-02:19:0:28683,train,2006-01-02,other,friend_punith,,,,ompaul,False,False,,"ompaul: hd420, well it is about to be unsupported if it is not unsupported already","I_Am_: sorry i didn't ask about kde or kubuntu
thoreauputic: hd420: any reason you don't want apache2 ?
HurricaneJ: does rythimbox have a pulg in for ipod support or i have to look somewhere else for ipod functionality?
HurricaneJ: sorush ohh i did not know that
ompaul: hd420, apache 1.3. will be dead after the new version of apache comes out
junixonline: jeremywhiting: both are safe
sorush20: I_Am_: do you have a very good idea of what your partition structure was before you messed it up?
jeremywhiting: ok, thanks junixonline
hd420: I'm used to 1.3
Seveas: HurricaneJ, gtkpod, banshee...
hd420: umm... 2.2 is out and 1.3 is still maintained
ompaul: hd420, well it is about to be unsupported if it is not unsupported already",,,,,,,,,,,,
ubuntu:train:2005-02-27:3:0:4519,train,2005-02-27,question,friend_punith,,,,marcin_ant,True,False,jesuel,marcin_ant: jesuel: hmmm then...... how to remove user password?,"mre: more than just installed.  sshd needs to be running on the remote computer
* jesuel shrugs again
marcin_ant: jesuel: do you have emacs?
jesuel: have, yes...
jesuel: i dont like it
jesuel: or use it
jesuel: im a vi person
marcin_ant: jesuel: and you don't have root password?
jesuel: i do have a root password
regeya: indeed, sshd must be running
marcin_ant: jesuel: heh then there is no point trying
marcin_ant: jesuel: hmmm then...... how to remove user password?",,,,,,,,,,,,
ubuntu:train:2005-12-04:16:0:23262,train,2005-12-04,question,friend_punith,,,,nubs0r,True,False,,"nubs0r: l4f, how? lol","nubs0r: l4f, use the terminal and you'll get good :)
nubs0r: i'm cool with Seveas :)
bluefox83: l4f, most of them are bots
Seveas:  /kick nubs0r what?
nubs0r: :|
Seveas: :)
pauline: hello
Seveas: hi pauline
nubs0r: okay ill go idle and shutup then
* l4f wonders nubs0r might be a bot ;)
pauline: question for everyone
nubs0r: l4f, how? lol",,,,,,,,,,,,
ubuntu:train:2013-10-11:127:0:187468,train,2013-10-11,other,friend_punith,,,,Dr_Willis,False,False,,Dr_Willis: Unless theres a delay in release,"ubottu: Guest44991: You can use your <tab> key for autocompletion of nicknames in IRC, as well as for completion of filenames and programs on the command line.
Guest44991: ok thanks for help
* wheatthin <3 virtual machines and linux :D
safk: quit
CharSet: 1 Server running Ubuntu Server - 2 clients: a) running ubuntu with locale set to ca_ES@utf8 - b) running crunchbang with localce set to ca_ES@UTF-8 - a) mounts a network device with no iocharset or codepage set to mount command and characters are well shown - b) characters are not well shown using exactly the same command as a)
CharSet: 1 Server running Ubuntu Server - 2 clients: a) running ubuntu with locale set to ca_ES@utf8 - b) running crunchbang with localce set to ca_ES@UTF-8 - a) mounts a network device with no iocharset or codepage set to mount command and characters are well shown - b) characters are not well shown using exactly the same command as a) - HELP ME PLEASE!
cfhowlett: !ubuntu-server|CharSet,
ubottu: CharSet,: Ubuntu Server Edition is a release of Ubuntu designed especially for server environments, including a server specific !kernel and no !GUI. The install CD contains many server applications. Current !LTS version is !Precise (Precise Pangolin 12.04) - More info: http://www.ubuntu.com/products/whatisubuntu/serveredition - Guide: https://help.ubuntu.com/12.04/serverguide/C/ - Support in #ubuntu-server
icmpv6: a
icmpv6: ubuntu 13.10
Dr_Willis: icmpv6:  support for 13.10 in #ubuntu+1 untill the 17th.
Dr_Willis: Unless theres a delay in release",,,,,,,,,,,,
ubuntu:train:2005-07-25:10:0:14683,train,2005-07-25,question,friend_punith,,,,nicedreams,True,False,,nicedreams: ...do?  Please help me out!,"Trackilizer: if the next ubuntu rls came tommorrow would i have to reinstall the whole thing?
thechitowncubs: The user wants freedom, and being held down by the software available to them provided by their vendor just seems ridiculous.
hondje: other than that, security stuff is done by people who get paid to keep you safe
hondje: You're not being held down
hondje: You're just being asked to rtfm before doing it
Dr_Willis: I perfer security in my os.. vs.. ease to install any random program.
bob2: thechitowncubs: they have freedom
Dr_Willis: i can wait a week or 2 for official updates.
Burgundavia: thechitowncubs, you are free to break you package management system. Just don't expect support when you do
Madpilot: given the amount of stuff in Ubuntu repos, it's hard to describe it as ""being held down"", really
nicedreams: I have Grub installed and have 3 hard drives (windows | storage drive | ubuntu | dvd-rw).  My second hard drive which is my 'storage drive' has died and I had to remove it.  So now I have (windows | empty | ubuntu | dvd-rw).  Now since I have my storage drive disconnected I get a 'GRUB ERROR 21'.  How can I fix this?  I chroot to my /dev/hdc1 which is ubuntu through Knoppix and now what do I...
nicedreams: ...do?  Please help me out!",,,,,,,,,,,,
ubuntu:train:2008-10-02:74:0:114595,train,2008-10-02,question,friend_punith,,,,balz,True,False,,balz: dammit are the repository servers down?,"balz: tritium:  this keeps getting weirder and weirder.  Can you pastebin the print-related packages that are on your myth box so that i can double check against mine?
tritium: balz: sure
balz: tritium:  thanks a lot
zefyx: silly skiddie
hampsterx: ok i got it. google first grr
gagita: :-(
jf13: if I do a frsh install is there a way to setup the system so it will accept me switching from speakers to usb headset without loosing sound?
tritium: balz: http://paste.ubuntu.com/53102/
gligorhoria: fav
balz: tritium:  looks like i'm missing libgnomecups1.0-1 ... perhapse we have win?
jf13: i guess i could look myself in wikki
balz: dammit are the repository servers down?",,,,,,,,,,,,
ubuntu:train:2017-05-09:149:0:215927,train,2017-05-09,addressed_not_question,friend_punith,,,,Seveas,False,False,user605,"Seveas: user605: it might be. That screenshot doesn't say much, but those commands will give us information to dig furhter.","user605: Long story short, my secondary drive (ext4) is mounted, but I can't see any of the data on it. Gparted looked like this... http://imgur.com/a/Zhys7   Any idea why I can't see the data?
eelstrebor: ducasse, i tried that also
Dexxter: Hi, how do i increase the LVM root partition sda5 that exist inside sda1 that is both 10GB i resized the virtual disk to 30GB. Still I dont understand why I cannot increase the size of the partition. Anyone?
ducasse: eelstrebor: odd, that's all i had to do
ducasse: user605: why did you not create a partition?
Seveas: user605: how are you trying to look at the data?
pavlos: user605: the line under partition should be be /dev/sdb1
user605: ducasse, I am trying to recover after windows hammed up the disk.
user605: Seveas, just by navigating to it with file explorer.
Seveas: user605: ok, can you run these commands and pastebin the result: mount; sudo fdisk -l /dev/sdb
user605: Seveas, I see that it is missing a mount point.
Seveas: user605: it might be. That screenshot doesn't say much, but those commands will give us information to dig furhter.",,,,,,,,,,,,
ubuntu:test:2013-09-01:5:0:8144,test,2013-09-01,question,friend_punith,,,,ziadingo,True,False,,ziadingo: why does'nt work? I want set command to var,"nabblet: is there a way in ubuntu to make ""real"" annotations to pdfs? like acrobat does?
troii: Ubuntu is blotware
nabblet: ususally additional files are required or something like that
nabblet: troii: well, take that to #troll
wiak: i have a *slow* problem, my realtek 8111F gigabit ethernet only gives me 32 mb/s max over sftp and 12 mb/s over samba, this is on a 8 disk RAID6, ubuntu 12.04 amd64, hdparm gives me Timing buffered disk reads: 998 MB in 3.00 seconds = 332.58 MB/sec on the array
wiak: soo its not the harddrive(S)
wiak: windows 8 > ubuntu 12.04 LTS AMD64 Samba
daftykins: wiak: buffered is useless, bench non-buffered
daftykins: wiak: is it software RAID?
ziadingo: run=$(sudo /home/ziadingo/sc)
ziadingo: $run
ziadingo: why does'nt work? I want set command to var",,,,,,,,,,,,
ubuntu:test:2016-02-22:8:0:12075,test,2016-02-22,addressed_not_question,friend_punith,,,,PestBuda,False,False,Razva,PestBuda: Razva: its realy strange... why would ip settings be auto applied to a second nic,"opeik: Welp
PestBuda: ok Razva, tell me again...
Drac0666:  I have problem with my Ubuntu mate 15, after reboot i often have no sounds, sometimes i have to run app (spotify) twice or more to hear something from spearking. Profile and Device in settings is correct (Maya u5 usb card) when i type pactl list sinks short i recive RUNNING on maya and still i hear nothing on speakrs
Razva: PestBuda I have two NICs, both with static IPs. When I set the IP for the first one, the same IP is auto-applied to the second one, no idea why! I'm using GNOME Ubuntu because I need a browser on this specific server
PestBuda: opeik: if you really want to get Dangerous.... flash a new/updated Bios...
opeik: I'd rather not hey
opeik: But one thing that was interesting
opeik: Usually before the NVIDEA X server starts, you can see ""USB debouce failed"" or something like that
opeik: It wasn't there this time
PestBuda: its likely CF with your keyboard manufacturer , and outdated bios, or a kernel fubar
opeik: Imma restart just to be certain
PestBuda: Razva: its realy strange... why would ip settings be auto applied to a second nic",,,,,,,,,,,,
ubuntu:train:2006-06-28:33:0:50411,train,2006-06-28,addressed_not_question,friend_punith,,,,gnomefreak,False,False,dstyrk,gnomefreak: dstyrk: type their name,"snoops: or possibly break things, knowing ati ;)
niki: thats what i'm afraid of :/
kbrooks: grrr.
dstyrk: Yeah how does that work... I am not a gamer, but can or will any of the ""big"" games run on a linux platform?
kbrooks: a non-programmer was advised to create a patch :/
niki: well i'm gonna test it out
snoops: dstyrk, the main option is a paid subscription service called cedega
snoops: which I believe has taken a lot of code from wine, then added more, then didn't share the code with the community, and whatnot
dstyrk: How do I address people directly like snoops just did to me?
snoops: 'yourname,' ?
niki: lol
gnomefreak: dstyrk: type their name",,,,,,,,,,,,
ubuntu:train:2010-06-21:88:0:134653,train,2010-06-21,question,friend_punith,,,,Suit_Of_Sables,True,False,,"Suit_Of_Sables: Hello, does anyone know why, when installing from a Lucid Live CD to a macbook, grub-update would fail? Each time I try to install when it gets to 93% and runs grub-update if gets that fatal error. I continued the installation without the bootloader. I am trying to make this a dual boot machine with Ubuntu and OSX. When I hold alt on startup, the ubuntu partition shows as ""windows""  and when booted from, just brings me to some","jdsbluedevl: r007: did you get the pastebin?
nvclocknoob: crackling with some x-fi cards.. is a universal issue...windows or ubuntu.. i member seeing complaints about it.. looking for some fixes
hiexpo: Leemp,  what do u mean not lock up the terminal?
Leemp: bastid_raZor: Thanks
Dan11b: alright, it runs fine under windows
Leemp: hiexpo: When you launch a process the terminal won't take any input until that process ends.
Leemp: hiexpo: disown takes care of that
barqs: What's the site where you can copy and paste information onto? I forgot the name of it. it's like a pastebucket site
hiexpo: yes or just open another terminal
maco: !pastebin | barqs
ubottu: barqs: For posting multi-line texts into the channel, please use http://paste.ubuntu.com | To post !screenshots use http://tinyurl.com/imagebin | !pastebinit to paste directly from command line | Make sure you give us the URL for your paste - see also the channel topic.
Suit_Of_Sables: Hello, does anyone know why, when installing from a Lucid Live CD to a macbook, grub-update would fail? Each time I try to install when it gets to 93% and runs grub-update if gets that fatal error. I continued the installation without the bootloader. I am trying to make this a dual boot machine with Ubuntu and OSX. When I hold alt on startup, the ubuntu partition shows as ""windows""  and when booted from, just brings me to some",,,,,,,,,,,,
ubuntu:train:2011-02-13:94:0:143299,train,2011-02-13,question,friend_punith,,,,mayo,True,False,,mayo: hello?,"rww: philneo: yes
icedtea: oops /usr/bin/yes
kylemm: a cool fun program to fool around with for a bit
philneo: what it does?
rww: philneo: yes
sacarlson: truepurple: ya just download anther iso image http://www.ubuntu.com/desktop/get-ubuntu/download
mayo: chipzzz?
nightangel: can some one help me with getting my broadcom wireless driver to load
rww: philneo: when you inevitably try running it, you may find the keyboard shortcut ctrl-c useful.
truepurple: sacarlson, I didn't download the image, I direct downloaded it through unetbootin
truepurple: sacarlson and I think it failed when I ran out of HDD space, but I am not sure
mayo: hello?",,,,,,,,,,,,
ubuntu:train:2006-12-06:43:0:65238,train,2006-12-06,addressed_not_question,friend_punith,,,,gradin_,False,False,fyrestrtr,gradin_: fyrestrtr: so all i have to do is copy the key from the remote box to the .ssh/authorized_keys file,"gradin_: if i have a ssh server running and i want to used key based authentication does the other box have to have an SSH dameon running aswell?
kuzmaster: fyrestrt: all i want is that ftp have full privlidges to the whole HD
frogzoo: paragon36: is this a ppp interface?
fyrestrtr: kuzmaster: then ftp as root.
trope: if you're going to use an ftp daemon use vsftpd
kuzmaster: fyrestrt:but HOW?
fyrestrtr: gradin_: no.
fyrestrtr: kuzmaster: in the settings file, there is a line that is commented out -- it allows root access. Uncomment it, save the file, restart ftp.
kuzmaster: ok, thanx
fyrestrtr: kuzmaster: then, create a password for root user, and login using that.
fyrestrtr: gradin_: no.
gradin_: fyrestrtr: so all i have to do is copy the key from the remote box to the .ssh/authorized_keys file",,,,,,,,,,,,
ubuntu:train:2010-08-05:89:0:136947,train,2010-08-05,question,friend_punith,,,,aronaliaga,True,False,,aronaliaga: q ocurre?,"arzhar: bibo: so if i want to compile something i need the dev package ?
MaRk-I: hiddenpearls: here's a step by step http://www.hackourlives.com/dual-boot-windows-7-and-ubuntu-10-04-lucid-lynx/
bullgard4: [GNOME, Ubuntu 10.04.1] Why are there on one computer 2 processes gconf-helper, gdm-session-worker and gdm-simple-slave each? Ubuntu created them automatically. On another computer only 1 each.
demoneye: MaRk-I: I paste'ed this on xorg.conf, what should be the next thing? http://ubuntu.pastebin.com/aKz6mPwZ
k0sh: why o why when i PXEBOOT my ubuntu it tells me that it didnt found /lib/modules/2.6.32-21generic/modules.dep even tho that file exists in nfs exported dir, plus other distros netboot just fine, only ubuntu gives me such error and goes into kernel panic, dir is exported via nfs v3
aronaliaga: hola
aronaliaga: no me funciona
* demoneye is *blur*
aronaliaga: el chat en español
bibo: hiddenpearls: Well if you're dual booting, Ubuntu needs part of a harddrive specifically for itself. I don't know much about Wubi, I couldn't get it to work so I just dual booted.
aronaliaga: alguien me ayuda?
aronaliaga: q ocurre?",,,,,,,,,,,,
ubuntu:train:2005-02-27:3:0:4895,train,2005-02-27,addressed_not_question,friend_punith,,,,crimsun_,False,False,DeepSpaceAnt,"crimsun_: DeepSpaceAnt: we're investigating. For now, it's a workaround.","ewhitten: DeepSpaceAnt:  maybe you should read that link crimsun_ just posted first. :)
|junit|: Ubuntu mirrors are so fast =D
DeepSpaceAnt: ewhitten, :P yea
dud: |junit|, thats the idea of mirrors yes hehe
DeepSpaceAnt: ewhitten, k tw, all working
ewhitten: cool
ewhitten: thank crimsun_, not me. :-P
mpq: okay, it's working now... finally...
DeepSpaceAnt: ewhitten, those steps are clean or is that just a hack for now?
tux_: mpq, good
ewhitten: I have no idea.  I'm trying them now
crimsun_: DeepSpaceAnt: we're investigating. For now, it's a workaround.",,,,,,,,,,,,
ubuntu:train:2006-05-15:26:0:38326,train,2006-05-15,other,friend_punith,,,,whiter,False,False,,whiter: thank you jason,"ubotu: Yep, that's me! I'm a bot alright. Read http://wiki.ubuntu.com/UbotuUsage to find out how to use me. Do NOT play with me in any channel except #debian-bots.
whiter: how can i find out what program is controlling a window
whiter: like i want to know what program it is
Austin_powers: i have three options
whiter: the actual executable name...
whiter: i think the command is xproc or xgrep or something, i forget
Austin_powers: ubuntu kernal or recovery modes
Austin_powers: other one is memtest
drr105: hi, ive got a problem upgrading libgl1-mesa- http://paste.ubuntu-nl.org/13733
_jason: whiter: xprop maybe?
whiter: there we go
whiter: thank you jason",,,,,,,,,,,,
ubuntu:train:2014-12-21:133:0:194981,train,2014-12-21,question,friend_punith,,,,azjo,True,False,,azjo: what are common speeds in sydney?,"purana: azjo, http://heimic.com/wp/wp-content/uploads/2014/08/NUC_03.jpg (showing the size of the machine)
azjo: hmm interesting. whats the cost of a nuc with 8gb ram? i want it as cheap as possible
purana: azjo, you would need to research where you live.. I live in Oz
azjo: seen the wizard lately?
purana: azjo, Australia
azjo: Oz means australia, or its a specific area?
purana: azjo, slang
azjo: aha
purana: azjo, I like outside of Sydney, Australia in the suburbs
purana: azjo, live not like :)
azjo: aha
azjo: what are common speeds in sydney?",,,,,,,,,,,,
ubuntu:train:2013-12-02:129:0:188977,train,2013-12-02,addressed_not_question,friend_punith,,,,zykotick9,False,False,shanahan,zykotick9: shanahan: try #tmux,"axizor: when i was on ubuntu i didn't have a problem, switched to lubuntu and for some reason the sharing options were removed from the context menus from the folder so i had to do it through command line
axizor: maybe im doing something wrong, i dont know :\
impradeepy: well for windows settings lets open window dialogue not here
impradeepy: pm me
axizor: ok
shanahan: anyone one here use tmux a lot?
koyetsu: sorry no.
hydra7: someone please guide me to dual booting
mostly: !grub
ubottu: GRUB2 is the default Ubuntu boot manager. Lost GRUB after installing Windows? See https://help.ubuntu.com/community/RestoreGrub - For more information and troubleshooting for GRUB2 please refer to https://help.ubuntu.com/community/Grub2
shanahan: basically my question is about why this keybinding won't work: http://i.stack.imgur.com/XWd5V.png    maybe it's the wrong command?   but ""tmux"" starts tmux in gnome-terminal..
zykotick9: shanahan: try #tmux",,,,,,,,,,,,
ubuntu:train:2006-08-11:36:0:54111,train,2006-08-11,addressed_not_question,friend_punith,,,,geoffTheFish,False,False,j_j,"geoffTheFish: j_j: i had to stop all unnecessry services, create a custom vmx as default didnt work","mitrovarr: el_isma:  Is it easy to get fluxbox going in ubuntu?  I've had bad experiences trying to get any window manager going but gnome/kde/xfce
user1: cafuego: thanks for the help
rexin: i'm trying to get read only access for all users... from fstab: ""/dev/sda2 /media/osx hfsplus rw,exec,auto,users 0 0"" anybody know what it should be?
Tonren: mitrovarr: i did 'sudo aptitude install fluxbox' and it worked fine
mitrovarr: Tonren:  Great, I'll do that
j_j: geoff
el_isma: mitrovarr: I haven't tried fluxbox in ubuntu... But I used to run it under Debian... It ran just fine.
j_j: so did you succefully
j_j: installed
cafuego: Tonren: the 'ap any' should make it scan
pushpop: Is there a Wiki on how to install in vmware on a seperate partition from windows, then  boot nativly into ubuntu?
geoffTheFish: j_j: i had to stop all unnecessry services, create a custom vmx as default didnt work",,,,,,,,,,,,
ubuntu:train:2010-04-12:86:0:132610,train,2010-04-12,addressed_not_question,friend_punith,,,,rgs_,False,False,LinuxGuy2009,"rgs_: LinuxGuy2009: i can see the songs from amarok and banshee, but not from my iPod","Out_Cold: kowabunga, in my opinion xchat-gnome is garbage. make sure you have just plain xchat
LinuxGuy2009: rgs_: gtkpod
LinuxGuy2009: rgs_: easytag is great for tagging
rgs_: LinuxGuy2009: tried that, it killed my itunesdb
LinuxGuy2009: rgs_: Which nano Gen?
rgs_: LinuxGuy2009: any ideas on why now my iPod cant find any other music?
supermatt1000: can any one help me please
LinuxGuy2009: rgs_: I have no idea what you mean? find music?
supermatt1000: i hate namoroka
LinuxGuy2009: supermatt1000: ask
supermatt1000: how do i remove namoroka and put firefox back on my computer it randomaly switched to namoroka randomaly and i want firefox back because namoroka is realy unstable and doesent work
rgs_: LinuxGuy2009: i can see the songs from amarok and banshee, but not from my iPod",,,,,,,,,,,,
ubuntu:train:2005-12-04:16:0:23673,train,2005-12-04,question,friend_punith,,,,Seveas,True,False,,"Seveas: hadi, what ain't working?","dawnfading: NTFS
Terminus: TSWoodV, i was thinking with highlighting and all. hard to keep track of conversations in a channel like this. :)
dawnfading: i checked the unofficial ubuntu guide
Seveas: !tell dawnfading about ntfs
Dr_Willis: dawnfading,  type ""!ntfs"" and read the bot message
DShepherd: dawnfading: have you tried ubuntu starter guide?
dawnfading: but no lock
hadi: Seveas, it ain't working
blue-frog: TSWoodV, your netmask is wrong, it respects the ntmask...
TSWoodV: Terminus, yep.  I was being my usual smart*ss self.
dawnfading: but no luck
Seveas: hadi, what ain't working?",,,,,,,,,,,,
ubuntu:train:2006-08-23:39:0:59962,train,2006-08-23,other,friend_punith,,,,sethk,False,False,,"sethk: Jbirk, you aren't listening","Flannel: ubuntu: right
Dev05: !tell Epoch71 about xorgbug
Jbirk: sudo apt-get install gcc gmail
_tcc: I am trying to run airodump-ng and the damn thing just sits there.
Jbirk: sorry I meant gmake
ubuntu: Cool, then I have it! Thanks again!
_tcc: It clears the terminal and does nothing.
swarm_: bittorrentcurses for the win :)
eauxnguyen: need sound help with streaming radio on my thinkpad. Sound works on video
sethk: Jbirk, he has make already.  he needs the _name_ gmake
mikul: IcemanV9, id dosent seam to work :S
sethk: Jbirk, you aren't listening",,,,,,,,,,,,
ubuntu:train:2006-12-10:44:0:66320,train,2006-12-10,addressed_not_question,friend_punith,,,,mnoir,False,False,cmweb,mnoir: cmweb: define share,"Faintofhearts: I should be safe, even if I don't know what IO'
Faintofhearts: I'm going*&
nolimitsoya: Faintofhearts, yes
nolimitsoya: Faintofhearts, it can mess up bad
Faintofhearts: doing*
Faintofhearts: Bah
superchounet: i have a pb with the command fgl_glxgears -> GLX_SGIX_pbuffer X Error of failed request:  BadMatch (invalid parameter attributes)
Faintofhearts: Walk me through it :P
BlackHawk: hi
nolimitsoya: Faintofhearts, do this first: 'sudo cp /etc/X11/xorg.conf /etc/X11/xorg.conf.bkp'
cmweb: Does any one know of an easy way to share an internet connection?
mnoir: cmweb: define share",,,,,,,,,,,,
ubuntu:train:2010-02-13:83:0:127479,train,2010-02-13,question,friend_punith,,,,Yushatak,True,False,,Yushatak: can someone tell me a graphical GTK-based FTP client that's in the repo i can grab to use?,"Seveas: erUSUL, as I said: they arry some weight :)
jage: administrator: type /j #ubuntu-es
SpaceGhostC2C: erUSUL, why would I want to use it without the journal? Silly..
dabaR: jage: I think he said noone is there.
erUSUL: SpaceGhostC2C: well if google do it there is food for thought
dabaR: administrador: Maybe later someone will be in ubuntu-es
SpaceGhostC2C: We've all been offtopic for so long. Can we move it to #ubuntu-offtopic, but not drop the subject?
Seveas: SpaceGhostC2C, in a system where you can live with dataloss, it's fine. Google's BigTable is one of those systems.
erUSUL: dabaR: not true i'm op there.
dabaR: erUSUL: I thought he said that...
jage: no one is there vs. no one is answering
Yushatak: can someone tell me a graphical GTK-based FTP client that's in the repo i can grab to use?",,,,,,,,,,,,
ubuntu:train:2012-05-04:106:0:161009,train,2012-05-04,other,friend_punith,,,,L3top,False,False,,"L3top: http://www.oracle.com/technetwork/java/javase/downloads/jdk-7u4-downloads-1591156.html   lets try again, go ahead and grab the sdk","blackmatrix_ny: netstat a tool written by dimwits
blackmatrix_ny: can't wait to get on my UNIX box tomorrow
Xlaits_: L3top: I believe 32.
LittleBallOfHate: blackmatrix_ny: hey
blackmatrix_ny: LittleBallOfHate, yes sir
LittleBallOfHate: blackmatrix_ny: netstat -an doesn't work?
LittleBallOfHate: blackmatrix_ny: or lsof -i4?
bobweaver: blackmatrix_ny:  there is no link there
ki4ro: Any active amateur radio operators here?
blocky: is there any guides anywhere on how to boot the livecd? I'm having a lot of problems
L3top: Xlaits uname -m
L3top: http://www.oracle.com/technetwork/java/javase/downloads/jdk-7u4-downloads-1591156.html   lets try again, go ahead and grab the sdk",,,,,,,,,,,,
